Company,Séance,Instrument,Ticker,Ouverture,Dernier_Cours,haut_du_jour,bas_du_jour,Nombre_de_titres_échangés,Volume_des_échanges,Nombre_de_transactions,Capitalisation
AFRIC INDUSTRIES SA,03/06/2026,AFRIC INDUSTRIES SA,AFI,356.5,357.7,357.7,350.0,103,36514.6,10,104269550.0
AFRIC INDUSTRIES SA,02/06/2026,AFRIC INDUSTRIES SA,AFI,360.0,360.0,360.0,360.0,300,108000.0,6,104940000.0
AFRIC INDUSTRIES SA,01/06/2026,AFRIC INDUSTRIES SA,AFI,356.9,356.9,358.0,347.0,198,70333.45,18,104036350.0
AFRIC INDUSTRIES SA,26/05/2026,AFRIC INDUSTRIES SA,AFI,358.0,356.0,358.0,347.0,248,86565.85,13,103774000.0
AFRIC INDUSTRIES SA,25/05/2026,AFRIC INDUSTRIES SA,AFI,349.0,360.0,360.0,347.0,93,33106.6,16,104940000.0
AFRIC INDUSTRIES SA,22/05/2026,AFRIC INDUSTRIES SA,AFI,344.0,347.0,347.9,344.0,158,54811.9,15,101150500.0
AFRIC INDUSTRIES SA,21/05/2026,AFRIC INDUSTRIES SA,AFI,348.0,346.1,348.0,346.0,33,11423.0,4,100888150.0
AFRIC INDUSTRIES SA,20/05/2026,AFRIC INDUSTRIES SA,AFI,348.0,347.5,348.0,345.0,79,27266.2,7,101296250.0
AFRIC INDUSTRIES SA,19/05/2026,AFRIC INDUSTRIES SA,AFI,346.0,348.0,348.0,346.0,22,7616.0,3,101442000.0
AFRIC INDUSTRIES SA,18/05/2026,AFRIC INDUSTRIES SA,AFI,345.0,348.0,348.0,345.0,114,39493.0,5,101442000.0
AFRIC INDUSTRIES SA,15/05/2026,AFRIC INDUSTRIES SA,AFI,341.15,341.5,345.0,341.0,43,14689.2,8,99547250.0
AFRIC INDUSTRIES SA,14/05/2026,AFRIC INDUSTRIES SA,AFI,341.0,344.0,344.0,341.0,50,17080.0,3,100276000.0
AFRIC INDUSTRIES SA,13/05/2026,AFRIC INDUSTRIES SA,AFI,350.0,343.0,350.0,340.2,198,67772.2,25,99984500.0
AFRIC INDUSTRIES SA,12/05/2026,AFRIC INDUSTRIES SA,AFI,-,349.95,-,-,-,-,-,102010425.0
AFRIC INDUSTRIES SA,11/05/2026,AFRIC INDUSTRIES SA,AFI,342.15,349.95,349.95,342.15,138,47681.2,18,102010425.0
AFRIC INDUSTRIES SA,08/05/2026,AFRIC INDUSTRIES SA,AFI,350.0,350.0,350.0,336.6,275,94260.3,32,102025000.0
AFRIC INDUSTRIES SA,07/05/2026,AFRIC INDUSTRIES SA,AFI,350.0,350.0,350.0,350.0,32,11200.0,5,102025000.0
AFRIC INDUSTRIES SA,06/05/2026,AFRIC INDUSTRIES SA,AFI,347.0,350.0,350.0,347.0,107,37334.0,18,102025000.0
AFRIC INDUSTRIES SA,05/05/2026,AFRIC INDUSTRIES SA,AFI,347.0,349.0,349.0,347.0,46,16014.0,6,101733500.0
AFRIC INDUSTRIES SA,04/05/2026,AFRIC INDUSTRIES SA,AFI,350.0,350.0,350.0,350.0,264,92400.0,16,102025000.0
AFRIC INDUSTRIES SA,30/04/2026,AFRIC INDUSTRIES SA,AFI,348.5,350.0,350.0,348.5,50,17447.5,8,102025000.0
AFRIC INDUSTRIES SA,29/04/2026,AFRIC INDUSTRIES SA,AFI,350.0,350.0,350.0,347.0,105,36747.0,8,102025000.0
AFRIC INDUSTRIES SA,28/04/2026,AFRIC INDUSTRIES SA,AFI,350.0,349.95,350.0,347.0,253,88530.15,16,102010425.0
AFRIC INDUSTRIES SA,27/04/2026,AFRIC INDUSTRIES SA,AFI,350.0,350.0,350.0,347.0,342,119631.0,8,102025000.0
AFRIC INDUSTRIES SA,24/04/2026,AFRIC INDUSTRIES SA,AFI,350.0,350.0,350.0,350.0,175,61250.0,7,102025000.0
AFRIC INDUSTRIES SA,23/04/2026,AFRIC INDUSTRIES SA,AFI,350.0,350.0,350.0,350.0,56,19600.0,9,102025000.0
AFRIC INDUSTRIES SA,22/04/2026,AFRIC INDUSTRIES SA,AFI,351.0,350.0,351.0,350.0,204,71509.15,7,102025000.0
AFRIC INDUSTRIES SA,21/04/2026,AFRIC INDUSTRIES SA,AFI,350.05,354.95,355.0,350.05,25,8854.85,6,103467925.0
AFRIC INDUSTRIES SA,20/04/2026,AFRIC INDUSTRIES SA,AFI,359.0,357.0,359.0,356.5,38,13581.5,9,104065500.0
AFRIC INDUSTRIES SA,17/04/2026,AFRIC INDUSTRIES SA,AFI,350.0,360.0,360.0,345.0,1019,360679.2,37,104940000.0
AFRIC INDUSTRIES SA,16/04/2026,AFRIC INDUSTRIES SA,AFI,350.0,350.0,350.0,345.0,22,7680.0,6,102025000.0
AFRIC INDUSTRIES SA,15/04/2026,AFRIC INDUSTRIES SA,AFI,343.0,350.0,350.0,343.0,56,19248.5,8,102025000.0
AFRIC INDUSTRIES SA,14/04/2026,AFRIC INDUSTRIES SA,AFI,340.3,350.0,350.0,340.3,36,12260.5,7,102025000.0
AFRIC INDUSTRIES SA,13/04/2026,AFRIC INDUSTRIES SA,AFI,350.0,350.0,350.0,349.0,200,69996.5,14,102025000.0
AFRIC INDUSTRIES SA,10/04/2026,AFRIC INDUSTRIES SA,AFI,341.0,350.0,350.0,341.0,178,61619.7,17,102025000.0
AFMA,03/06/2026,AFMA,AFM,-,1235.0,-,-,-,-,-,1235000000.0
AFMA,02/06/2026,AFMA,AFM,-,1235.0,-,-,-,-,-,1235000000.0
AFMA,01/06/2026,AFMA,AFM,1235.0,1235.0,1235.0,1235.0,2,2470.0,1,1235000000.0
AFMA,26/05/2026,AFMA,AFM,1220.0,1220.0,1220.0,1220.0,5,6100.0,1,1220000000.0
AFMA,25/05/2026,AFMA,AFM,1220.0,1220.0,1220.0,1220.0,1,1220.0,1,1220000000.0
AFMA,22/05/2026,AFMA,AFM,-,1240.0,-,-,-,-,-,1240000000.0
AFMA,21/05/2026,AFMA,AFM,-,1240.0,-,-,-,-,-,1240000000.0
AFMA,20/05/2026,AFMA,AFM,-,1240.0,-,-,-,-,-,1240000000.0
AFMA,19/05/2026,AFMA,AFM,-,1240.0,-,-,-,-,-,1240000000.0
AFMA,18/05/2026,AFMA,AFM,-,1240.0,-,-,-,-,-,1240000000.0
AFMA,15/05/2026,AFMA,AFM,-,1240.0,-,-,-,-,-,1240000000.0
AFMA,14/05/2026,AFMA,AFM,-,1240.0,-,-,-,-,-,1240000000.0
AFMA,13/05/2026,AFMA,AFM,-,1240.0,-,-,-,-,-,1240000000.0
AFMA,12/05/2026,AFMA,AFM,-,1240.0,-,-,-,-,-,1240000000.0
AFMA,11/05/2026,AFMA,AFM,-,1240.0,-,-,-,-,-,1240000000.0
AFMA,08/05/2026,AFMA,AFM,1240.0,1240.0,1240.0,1240.0,2,2480.0,2,1240000000.0
AFMA,07/05/2026,AFMA,AFM,1200.0,1200.0,1200.0,1200.0,2,2400.0,1,1200000000.0
AFMA,06/05/2026,AFMA,AFM,1240.0,1240.0,1240.0,1240.0,1,1240.0,1,1240000000.0
AFMA,05/05/2026,AFMA,AFM,-,1235.0,-,-,-,-,-,1235000000.0
AFMA,04/05/2026,AFMA,AFM,1235.0,1235.0,1235.0,1235.0,2,2470.0,2,1235000000.0
AFMA,30/04/2026,AFMA,AFM,1200.0,1200.0,1200.0,1200.0,10,12000.0,1,1200000000.0
AFMA,29/04/2026,AFMA,AFM,-,1200.0,-,-,-,-,-,1200000000.0
AFMA,28/04/2026,AFMA,AFM,1200.0,1200.0,1200.0,1200.0,1,1200.0,1,1200000000.0
AFMA,27/04/2026,AFMA,AFM,-,1200.0,-,-,-,-,-,1200000000.0
AFMA,24/04/2026,AFMA,AFM,-,1200.0,-,-,-,-,-,1200000000.0
AFMA,23/04/2026,AFMA,AFM,1200.0,1200.0,1200.0,1200.0,6,7200.0,2,1200000000.0
AFMA,22/04/2026,AFMA,AFM,1201.0,1201.0,1201.0,1201.0,5,6005.0,2,1201000000.0
AFMA,21/04/2026,AFMA,AFM,1200.0,1200.0,1200.0,1200.0,1345,1614000.0,2,1200000000.0
AFMA,20/04/2026,AFMA,AFM,1180.0,1180.0,1180.0,1180.0,32,37760.0,5,1180000000.0
AFMA,17/04/2026,AFMA,AFM,1120.0,1120.0,1120.0,1120.0,2500,2800000.0,12,1120000000.0
AFMA,16/04/2026,AFMA,AFM,1120.0,1120.0,1120.0,1120.0,1534,1718080.0,12,1120000000.0
AFMA,15/04/2026,AFMA,AFM,1180.0,1180.0,1180.0,1180.0,74,87320.0,6,1180000000.0
AFMA,14/04/2026,AFMA,AFM,-,1235.0,-,-,-,-,-,1235000000.0
AFMA,13/04/2026,AFMA,AFM,-,1235.0,-,-,-,-,-,1235000000.0
AFMA,10/04/2026,AFMA,AFM,1235.0,1235.0,1235.0,1235.0,43,53105.0,3,1235000000.0
AGMA,03/06/2026,AGMA,AGM,7220.0,7220.0,7220.0,7220.0,2,14440.0,1,1444000000.0
AGMA,02/06/2026,AGMA,AGM,-,7240.0,-,-,-,-,-,1448000000.0
AGMA,01/06/2026,AGMA,AGM,7240.0,7240.0,7240.0,7240.0,2,14480.0,1,1448000000.0
AGMA,26/05/2026,AGMA,AGM,-,6900.0,-,-,-,-,-,1380000000.0
AGMA,25/05/2026,AGMA,AGM,-,6900.0,-,-,-,-,-,1380000000.0
AGMA,22/05/2026,AGMA,AGM,6900.0,6900.0,6900.0,6900.0,3,20700.0,2,1380000000.0
AGMA,21/05/2026,AGMA,AGM,-,7250.0,-,-,-,-,-,1450000000.0
AGMA,20/05/2026,AGMA,AGM,7250.0,7250.0,7250.0,7250.0,2,14500.0,1,1450000000.0
AGMA,19/05/2026,AGMA,AGM,-,6864.0,-,-,-,-,-,1372800000.0
AGMA,18/05/2026,AGMA,AGM,6864.0,6864.0,6864.0,6864.0,10,68640.0,3,1372800000.0
AGMA,15/05/2026,AGMA,AGM,-,7300.0,-,-,-,-,-,1460000000.0
AGMA,14/05/2026,AGMA,AGM,-,7300.0,-,-,-,-,-,1460000000.0
AGMA,13/05/2026,AGMA,AGM,-,7300.0,-,-,-,-,-,1460000000.0
AGMA,12/05/2026,AGMA,AGM,7300.0,7300.0,7300.0,7300.0,4,29200.0,3,1460000000.0
AGMA,11/05/2026,AGMA,AGM,7290.0,7290.0,7290.0,7290.0,6,43740.0,2,1458000000.0
AGMA,08/05/2026,AGMA,AGM,7330.0,7330.0,7330.0,7330.0,17,124610.0,4,1466000000.0
AGMA,07/05/2026,AGMA,AGM,7266.0,7266.0,7266.0,7266.0,9,65394.0,3,1453200000.0
AGMA,06/05/2026,AGMA,AGM,-,6855.0,-,-,-,-,-,1371000000.0
AGMA,05/05/2026,AGMA,AGM,6855.0,6855.0,6855.0,6855.0,2,13710.0,1,1371000000.0
AGMA,04/05/2026,AGMA,AGM,7290.0,7290.0,7290.0,7290.0,2,14580.0,1,1458000000.0
AGMA,30/04/2026,AGMA,AGM,-,6900.0,-,-,-,-,-,1380000000.0
AGMA,29/04/2026,AGMA,AGM,-,6900.0,-,-,-,-,-,1380000000.0
AGMA,28/04/2026,AGMA,AGM,-,6900.0,-,-,-,-,-,1380000000.0
AGMA,27/04/2026,AGMA,AGM,-,6900.0,-,-,-,-,-,1380000000.0
AGMA,24/04/2026,AGMA,AGM,-,6900.0,-,-,-,-,-,1380000000.0
AGMA,23/04/2026,AGMA,AGM,-,6900.0,-,-,-,-,-,1380000000.0
AGMA,22/04/2026,AGMA,AGM,-,6900.0,-,-,-,-,-,1380000000.0
AGMA,21/04/2026,AGMA,AGM,-,6900.0,-,-,-,-,-,1380000000.0
AGMA,20/04/2026,AGMA,AGM,6900.0,6900.0,6900.0,6900.0,7,48300.0,2,1380000000.0
AGMA,17/04/2026,AGMA,AGM,6900.0,6900.0,6900.0,6900.0,52,358800.0,2,1380000000.0
AGMA,16/04/2026,AGMA,AGM,-,7199.0,-,-,-,-,-,1439800000.0
AGMA,15/04/2026,AGMA,AGM,-,7199.0,-,-,-,-,-,1439800000.0
AGMA,14/04/2026,AGMA,AGM,-,7199.0,-,-,-,-,-,1439800000.0
AGMA,13/04/2026,AGMA,AGM,7199.0,7199.0,7199.0,7199.0,18,129582.0,5,1439800000.0
AGMA,10/04/2026,AGMA,AGM,-,6999.0,-,-,-,-,-,1399800000.0
AFRIQUIA GAZ,03/06/2026,AFRIQUIA GAZ,GAZ,3792.0,3775.0,3792.0,3700.0,23,85864.0,10,12976562500.0
AFRIQUIA GAZ,02/06/2026,AFRIQUIA GAZ,GAZ,3785.0,3748.0,3785.0,3748.0,23,86567.0,11,12883750000.0
AFRIQUIA GAZ,01/06/2026,AFRIQUIA GAZ,GAZ,3690.0,3758.0,3759.0,3690.0,170,634592.0,21,12918125000.0
AFRIQUIA GAZ,26/05/2026,AFRIQUIA GAZ,GAZ,3799.0,3760.0,3799.0,3760.0,151,567933.0,9,12925000000.0
AFRIQUIA GAZ,25/05/2026,AFRIQUIA GAZ,GAZ,3760.0,3800.0,3800.0,3750.0,331,1244673.0,14,13062500000.0
AFRIQUIA GAZ,22/05/2026,AFRIQUIA GAZ,GAZ,3760.0,3760.0,3760.0,3760.0,1,3760.0,1,12925000000.0
AFRIQUIA GAZ,21/05/2026,AFRIQUIA GAZ,GAZ,3725.0,3760.0,3760.0,3725.0,15,56330.0,5,12925000000.0
AFRIQUIA GAZ,20/05/2026,AFRIQUIA GAZ,GAZ,3780.0,3700.0,3780.0,3700.0,106,393888.0,24,12718750000.0
AFRIQUIA GAZ,19/05/2026,AFRIQUIA GAZ,GAZ,3736.0,3780.0,3780.0,3736.0,117,438725.0,5,12993750000.0
AFRIQUIA GAZ,18/05/2026,AFRIQUIA GAZ,GAZ,3798.0,3780.0,3798.0,3740.0,153,573698.0,14,12993750000.0
AFRIQUIA GAZ,15/05/2026,AFRIQUIA GAZ,GAZ,3750.0,3750.0,3790.0,3741.0,63,237085.0,18,12890625000.0
AFRIQUIA GAZ,14/05/2026,AFRIQUIA GAZ,GAZ,3800.0,3761.0,3800.0,3750.0,7,26391.0,6,12928437500.0
AFRIQUIA GAZ,13/05/2026,AFRIQUIA GAZ,GAZ,3790.0,3770.0,3790.0,3765.0,7,26425.0,4,12959375000.0
AFRIQUIA GAZ,12/05/2026,AFRIQUIA GAZ,GAZ,3780.0,3790.0,3800.0,3779.0,501,1900584.0,11,13028125000.0
AFRIQUIA GAZ,11/05/2026,AFRIQUIA GAZ,GAZ,3780.0,3779.0,3780.0,3750.0,19,71740.0,10,12990312500.0
AFRIQUIA GAZ,08/05/2026,AFRIQUIA GAZ,GAZ,3741.0,3750.0,3799.0,3740.0,21,78805.0,12,12890625000.0
AFRIQUIA GAZ,07/05/2026,AFRIQUIA GAZ,GAZ,3799.0,3800.0,3800.0,3780.0,236,896668.0,13,13062500000.0
AFRIQUIA GAZ,06/05/2026,AFRIQUIA GAZ,GAZ,3780.0,3780.0,3780.0,3730.0,355,1340919.0,16,12993750000.0
AFRIQUIA GAZ,05/05/2026,AFRIQUIA GAZ,GAZ,3762.0,3714.0,3780.0,3703.0,184,685033.0,15,12766875000.0
AFRIQUIA GAZ,04/05/2026,AFRIQUIA GAZ,GAZ,3780.0,3780.0,3780.0,3780.0,23,86940.0,8,12993750000.0
AFRIQUIA GAZ,30/04/2026,AFRIQUIA GAZ,GAZ,3740.0,3780.0,3780.0,3740.0,833,3148322.0,10,12993750000.0
AFRIQUIA GAZ,29/04/2026,AFRIQUIA GAZ,GAZ,3750.0,3750.0,3750.0,3750.0,4,15000.0,3,12890625000.0
AFRIQUIA GAZ,28/04/2026,AFRIQUIA GAZ,GAZ,3750.0,3749.0,3750.0,3719.0,542,2017829.0,44,12887187500.0
AFRIQUIA GAZ,27/04/2026,AFRIQUIA GAZ,GAZ,3770.0,3750.0,3770.0,3750.0,239,897645.0,48,12890625000.0
AFRIQUIA GAZ,24/04/2026,AFRIQUIA GAZ,GAZ,3800.0,3770.0,3800.0,3770.0,69,261307.0,14,12959375000.0
AFRIQUIA GAZ,23/04/2026,AFRIQUIA GAZ,GAZ,3780.0,3800.0,3800.0,3778.0,333,1264922.0,11,13062500000.0
AFRIQUIA GAZ,22/04/2026,AFRIQUIA GAZ,GAZ,3780.0,3780.0,3780.0,3772.0,153,578202.0,21,12993750000.0
AFRIQUIA GAZ,21/04/2026,AFRIQUIA GAZ,GAZ,3799.0,3772.0,3799.0,3760.0,53,200641.0,12,12966250000.0
AFRIQUIA GAZ,20/04/2026,AFRIQUIA GAZ,GAZ,3810.0,3800.0,3810.0,3720.0,123,459806.0,26,13062500000.0
AFRIQUIA GAZ,17/04/2026,AFRIQUIA GAZ,GAZ,3738.0,3817.0,3822.0,3738.0,264,1005921.0,18,13120937500.0
AFRIQUIA GAZ,16/04/2026,AFRIQUIA GAZ,GAZ,3750.0,3750.0,3750.0,3721.0,38,141777.0,12,12890625000.0
AFRIQUIA GAZ,15/04/2026,AFRIQUIA GAZ,GAZ,3750.0,3721.0,3830.0,3700.0,435,1623929.0,53,12790937500.0
AFRIQUIA GAZ,14/04/2026,AFRIQUIA GAZ,GAZ,3750.0,3750.0,3859.0,3720.0,193,725875.0,25,12890625000.0
AFRIQUIA GAZ,13/04/2026,AFRIQUIA GAZ,GAZ,3744.0,3725.0,3750.0,3725.0,150,560251.0,16,12804687500.0
AFRIQUIA GAZ,10/04/2026,AFRIQUIA GAZ,GAZ,3750.0,3744.0,3750.0,3700.0,212,792410.0,33,12870000000.0
AKDITAL,03/06/2026,AKDITAL,AKT,1180.0,1170.0,1185.0,1168.0,1256,1474514.0,117,16566272190.0
AKDITAL,02/06/2026,AKDITAL,AKT,1172.0,1170.0,1198.0,1165.0,1644,1932393.0,179,16566272190.0
AKDITAL,01/06/2026,AKDITAL,AKT,1186.0,1180.0,1194.0,1180.0,4355,5148544.0,132,16707864260.0
AKDITAL,26/05/2026,AKDITAL,AKT,1180.0,1171.0,1200.0,1171.0,9272,10887662.0,170,16580431397.0
AKDITAL,25/05/2026,AKDITAL,AKT,1195.0,1176.0,1220.0,1176.0,8056,9571570.0,182,16651227432.0
AKDITAL,22/05/2026,AKDITAL,AKT,1187.0,1175.0,1187.0,1170.0,7522,8816191.0,83,16637068225.0
AKDITAL,21/05/2026,AKDITAL,AKT,1180.0,1166.0,1190.0,1166.0,4988,5859801.0,127,16509635362.0
AKDITAL,20/05/2026,AKDITAL,AKT,1180.0,1166.0,1190.0,1155.0,6848,7980193.0,218,16509635362.0
AKDITAL,19/05/2026,AKDITAL,AKT,1191.0,1180.0,1210.0,1180.0,16598,19869014.0,158,16707864260.0
AKDITAL,18/05/2026,AKDITAL,AKT,1200.0,1190.0,1208.0,1171.0,3413,4051639.0,195,16849456330.0
AKDITAL,15/05/2026,AKDITAL,AKT,1213.0,1200.0,1213.0,1196.0,5428,6524009.0,181,16991048400.0
AKDITAL,14/05/2026,AKDITAL,AKT,1202.0,1206.0,1219.0,1202.0,6731,8110915.0,164,17076003642.0
AKDITAL,13/05/2026,AKDITAL,AKT,1220.0,1213.0,1220.0,1210.0,6646,8056007.0,198,17175118091.0
AKDITAL,12/05/2026,AKDITAL,AKT,1244.0,1221.0,1244.0,1220.0,1962,2410477.0,121,17288391747.0
AKDITAL,11/05/2026,AKDITAL,AKT,1245.0,1236.0,1245.0,1227.0,1658,2044220.0,89,17500779852.0
AKDITAL,08/05/2026,AKDITAL,AKT,1250.0,1245.0,1250.0,1234.0,1812,2258481.0,111,17628212715.0
AKDITAL,07/05/2026,AKDITAL,AKT,1280.0,1255.0,1290.0,1255.0,11160,14149666.0,225,17769804785.0
AKDITAL,06/05/2026,AKDITAL,AKT,1220.0,1278.0,1285.0,1215.0,26521,33599383.0,385,18095466546.0
AKDITAL,05/05/2026,AKDITAL,AKT,1201.0,1218.0,1218.0,1201.0,3523,4273557.0,99,17245914126.0
AKDITAL,04/05/2026,AKDITAL,AKT,1214.0,1210.0,1220.0,1206.0,8132,9844082.0,161,17132640470.0
AKDITAL,30/04/2026,AKDITAL,AKT,1224.0,1215.0,1224.0,1201.0,5134,6227423.0,150,17203436505.0
AKDITAL,29/04/2026,AKDITAL,AKT,1221.0,1224.0,1249.0,1203.0,7411,9049084.0,213,17330869368.0
AKDITAL,28/04/2026,AKDITAL,AKT,1246.0,1245.0,1250.0,1240.0,5179,6455408.0,108,17628212715.0
AKDITAL,27/04/2026,AKDITAL,AKT,1245.0,1250.0,1255.0,1241.0,3984,4966042.0,99,17699008750.0
AKDITAL,24/04/2026,AKDITAL,AKT,1265.0,1250.0,1270.0,1240.0,16244,20314375.0,232,17699008750.0
AKDITAL,23/04/2026,AKDITAL,AKT,1260.0,1265.0,1277.0,1260.0,8637,10928414.0,108,17911396855.0
AKDITAL,22/04/2026,AKDITAL,AKT,1280.0,1270.0,1280.0,1260.0,5857,7439974.0,162,17982192890.0
AKDITAL,21/04/2026,AKDITAL,AKT,1252.0,1280.0,1287.0,1250.0,22353,28603026.0,283,18123784960.0
AKDITAL,20/04/2026,AKDITAL,AKT,1250.0,1264.0,1264.0,1240.0,7210,9026215.0,330,17897237648.0
AKDITAL,17/04/2026,AKDITAL,AKT,1243.0,1290.0,1295.0,1230.0,53544,67570602.0,577,18265377030.0
AKDITAL,16/04/2026,AKDITAL,AKT,1234.0,1239.0,1240.0,1225.0,6461,7971737.0,166,17543257473.0
AKDITAL,15/04/2026,AKDITAL,AKT,1245.0,1225.0,1250.0,1225.0,8130,10072261.0,323,17345028575.0
AKDITAL,14/04/2026,AKDITAL,AKT,1170.0,1235.0,1235.0,1170.0,40148,48912719.0,486,17486620645.0
AKDITAL,13/04/2026,AKDITAL,AKT,1170.0,1163.0,1178.0,1158.0,6135,7159016.0,242,16467157741.0
AKDITAL,10/04/2026,AKDITAL,AKT,1173.0,1195.0,1201.0,1171.0,28971,34474104.0,365,16920252365.0
ALLIANCES,03/06/2026,ALLIANCES,ADI,378.9,377.0,406.0,373.5,89723,33976898.7,411,8323627676.0
ALLIANCES,02/06/2026,ALLIANCES,ADI,387.0,373.1,387.1,370.0,85773,32189163.25,718,8237521182.8
ALLIANCES,01/06/2026,ALLIANCES,ADI,396.0,389.9,399.0,389.9,26698,10491269.85,549,8608441461.2
ALLIANCES,26/05/2026,ALLIANCES,ADI,422.1,410.0,430.0,410.0,10246,4244801.65,181,9052221080.0
ALLIANCES,25/05/2026,ALLIANCES,ADI,429.8,422.1,439.5,422.1,7858,3359527.15,107,9319371994.8
ALLIANCES,22/05/2026,ALLIANCES,ADI,416.0,420.0,426.0,411.5,4781,1993063.9,90,9273006960.0
ALLIANCES,21/05/2026,ALLIANCES,ADI,428.8,420.0,428.8,415.0,1104,465108.5,47,9273006960.0
ALLIANCES,20/05/2026,ALLIANCES,ADI,420.15,420.0,427.9,415.0,2283,956408.75,56,9273006960.0
ALLIANCES,19/05/2026,ALLIANCES,ADI,429.0,420.0,433.0,420.0,2567,1081564.0,57,9273006960.0
ALLIANCES,18/05/2026,ALLIANCES,ADI,424.0,424.0,435.0,422.0,3863,1640222.05,63,9361321312.0
ALLIANCES,15/05/2026,ALLIANCES,ADI,440.0,435.1,440.0,420.0,12471,5332851.7,207,9606393638.8
ALLIANCES,14/05/2026,ALLIANCES,ADI,440.0,430.0,440.0,430.0,2274,980360.0,107,9493792840.0
ALLIANCES,13/05/2026,ALLIANCES,ADI,440.0,435.0,443.9,432.1,4266,1857997.55,115,9604185780.0
ALLIANCES,12/05/2026,ALLIANCES,ADI,441.0,440.0,451.9,439.95,3127,1381569.2,78,9714578720.0
ALLIANCES,11/05/2026,ALLIANCES,ADI,451.0,440.0,454.0,440.0,4923,2179687.65,151,9714578720.0
ALLIANCES,08/05/2026,ALLIANCES,ADI,450.0,455.0,455.0,447.1,5551,2518556.55,101,10045757540.0
ALLIANCES,07/05/2026,ALLIANCES,ADI,458.0,450.0,460.0,450.0,15517,7044137.35,167,9935364600.0
ALLIANCES,06/05/2026,ALLIANCES,ADI,440.0,450.0,456.0,440.0,20102,9056267.75,172,9935364600.0
ALLIANCES,05/05/2026,ALLIANCES,ADI,436.1,440.0,443.0,435.0,4654,2042872.0,81,9714578720.0
ALLIANCES,04/05/2026,ALLIANCES,ADI,447.95,439.85,447.95,439.0,3036,1337527.45,55,9711266931.8
ALLIANCES,30/04/2026,ALLIANCES,ADI,440.5,440.0,445.0,438.0,4897,2158333.1,87,9714578720.0
ALLIANCES,29/04/2026,ALLIANCES,ADI,441.0,445.0,455.0,440.5,17463,7721932.0,62,9824971660.0
ALLIANCES,28/04/2026,ALLIANCES,ADI,453.0,440.0,453.0,439.0,7905,3515691.35,114,9714578720.0
ALLIANCES,27/04/2026,ALLIANCES,ADI,456.2,449.9,456.2,449.9,898,404628.05,38,9933156741.2
ALLIANCES,24/04/2026,ALLIANCES,ADI,455.0,450.0,463.8,438.0,15946,7197189.9,214,9935364600.0
ALLIANCES,23/04/2026,ALLIANCES,ADI,461.5,460.0,469.0,452.1,13160,6042263.9,169,10156150480.0
ALLIANCES,22/04/2026,ALLIANCES,ADI,460.0,459.9,467.0,452.0,3980,1828965.5,63,10153942621.2
ALLIANCES,21/04/2026,ALLIANCES,ADI,459.0,460.0,470.0,459.0,20116,9298875.9,186,10156150480.0
ALLIANCES,20/04/2026,ALLIANCES,ADI,452.0,452.2,464.0,442.0,15945,7209900.9,209,9983937493.6
ALLIANCES,17/04/2026,ALLIANCES,ADI,441.1,470.0,478.0,441.1,32436,15079198.6,241,10376936360.0
ALLIANCES,16/04/2026,ALLIANCES,ADI,448.0,445.0,460.0,445.0,5189,2323825.2,102,9824971660.0
ALLIANCES,15/04/2026,ALLIANCES,ADI,445.0,453.8,454.0,442.1,47534,21347471.1,172,10019263234.4
ALLIANCES,14/04/2026,ALLIANCES,ADI,427.9,437.0,450.0,425.0,60228,26212660.1,253,9648342956.0
ALLIANCES,13/04/2026,ALLIANCES,ADI,425.0,424.0,428.0,413.0,29525,12587799.05,185,9361321312.0
ALLIANCES,10/04/2026,ALLIANCES,ADI,420.0,437.9,437.9,420.0,20734,8882640.35,157,9668213685.2
ALUMINIUM DU MAROC,03/06/2026,ALUMINIUM DU MAROC,ALM,1866.0,1880.0,1900.0,1866.0,24,44900.0,4,875993520.0
ALUMINIUM DU MAROC,02/06/2026,ALUMINIUM DU MAROC,ALM,1866.0,1859.0,1866.0,1858.0,55,102557.0,5,866208486.0
ALUMINIUM DU MAROC,01/06/2026,ALUMINIUM DU MAROC,ALM,1866.0,1866.0,1866.0,1866.0,4,7464.0,2,869470164.0
ALUMINIUM DU MAROC,26/05/2026,ALUMINIUM DU MAROC,ALM,1867.0,1866.0,1867.0,1866.0,22,41066.0,4,869470164.0
ALUMINIUM DU MAROC,25/05/2026,ALUMINIUM DU MAROC,ALM,1871.0,1870.0,1871.0,1870.0,14,26183.0,2,871333980.0
ALUMINIUM DU MAROC,22/05/2026,ALUMINIUM DU MAROC,ALM,1945.0,1870.0,1945.0,1870.0,95,183734.0,11,871333980.0
ALUMINIUM DU MAROC,21/05/2026,ALUMINIUM DU MAROC,ALM,1803.0,1866.0,1949.0,1803.0,162,292925.0,20,869470164.0
ALUMINIUM DU MAROC,20/05/2026,ALUMINIUM DU MAROC,ALM,1998.0,1989.0,1998.0,1985.0,107,213133.0,24,926782506.0
ALUMINIUM DU MAROC,19/05/2026,ALUMINIUM DU MAROC,ALM,1896.0,1950.0,1950.0,1896.0,87,166091.0,9,908610300.0
ALUMINIUM DU MAROC,18/05/2026,ALUMINIUM DU MAROC,ALM,1896.0,1896.0,1896.0,1896.0,1,1896.0,1,883448784.0
ALUMINIUM DU MAROC,15/05/2026,ALUMINIUM DU MAROC,ALM,1870.0,1896.0,1896.0,1870.0,14,26263.0,5,883448784.0
ALUMINIUM DU MAROC,14/05/2026,ALUMINIUM DU MAROC,ALM,1870.0,1870.0,1870.0,1870.0,49,91630.0,10,871333980.0
ALUMINIUM DU MAROC,13/05/2026,ALUMINIUM DU MAROC,ALM,1870.0,1870.0,1870.0,1870.0,117,218790.0,10,871333980.0
ALUMINIUM DU MAROC,12/05/2026,ALUMINIUM DU MAROC,ALM,1870.0,1851.0,1870.0,1851.0,11,20380.0,2,862480854.0
ALUMINIUM DU MAROC,11/05/2026,ALUMINIUM DU MAROC,ALM,1850.0,1870.0,1870.0,1850.0,154,285094.0,12,871333980.0
ALUMINIUM DU MAROC,08/05/2026,ALUMINIUM DU MAROC,ALM,1850.0,1850.0,1850.0,1850.0,83,153550.0,6,862014900.0
ALUMINIUM DU MAROC,07/05/2026,ALUMINIUM DU MAROC,ALM,1850.0,1850.0,1850.0,1850.0,19,35150.0,3,862014900.0
ALUMINIUM DU MAROC,06/05/2026,ALUMINIUM DU MAROC,ALM,1850.0,1850.0,1850.0,1850.0,17,31450.0,3,862014900.0
ALUMINIUM DU MAROC,05/05/2026,ALUMINIUM DU MAROC,ALM,1849.0,1850.0,1850.0,1849.0,54,99897.0,4,862014900.0
ALUMINIUM DU MAROC,04/05/2026,ALUMINIUM DU MAROC,ALM,1850.0,1849.0,1850.0,1849.0,8,14796.0,4,861548946.0
ALUMINIUM DU MAROC,30/04/2026,ALUMINIUM DU MAROC,ALM,1848.0,1850.0,1850.0,1848.0,14,25895.0,4,862014900.0
ALUMINIUM DU MAROC,29/04/2026,ALUMINIUM DU MAROC,ALM,-,1816.0,-,-,-,-,-,846172464.0
ALUMINIUM DU MAROC,28/04/2026,ALUMINIUM DU MAROC,ALM,1839.0,1816.0,1839.0,1816.0,12,21902.0,7,846172464.0
ALUMINIUM DU MAROC,27/04/2026,ALUMINIUM DU MAROC,ALM,1829.0,1829.0,1829.0,1829.0,1,1829.0,1,852229866.0
ALUMINIUM DU MAROC,24/04/2026,ALUMINIUM DU MAROC,ALM,1839.0,1839.0,1839.0,1839.0,2,3678.0,1,856889406.0
ALUMINIUM DU MAROC,23/04/2026,ALUMINIUM DU MAROC,ALM,-,1841.0,-,-,-,-,-,857821314.0
ALUMINIUM DU MAROC,22/04/2026,ALUMINIUM DU MAROC,ALM,1835.0,1841.0,1841.0,1835.0,20,36800.0,5,857821314.0
ALUMINIUM DU MAROC,21/04/2026,ALUMINIUM DU MAROC,ALM,1820.0,1840.0,1840.0,1809.0,9,16398.0,4,857355360.0
ALUMINIUM DU MAROC,20/04/2026,ALUMINIUM DU MAROC,ALM,1820.0,1820.0,1820.0,1820.0,309,562380.0,6,848036280.0
ALUMINIUM DU MAROC,17/04/2026,ALUMINIUM DU MAROC,ALM,1818.0,1818.0,1818.0,1818.0,7,12726.0,2,847104372.0
ALUMINIUM DU MAROC,16/04/2026,ALUMINIUM DU MAROC,ALM,-,1805.0,-,-,-,-,-,841046970.0
ALUMINIUM DU MAROC,15/04/2026,ALUMINIUM DU MAROC,ALM,1810.0,1805.0,1810.0,1805.0,5,9045.0,2,841046970.0
ALUMINIUM DU MAROC,14/04/2026,ALUMINIUM DU MAROC,ALM,1820.0,1820.0,1820.0,1801.0,33,60041.0,6,848036280.0
ALUMINIUM DU MAROC,13/04/2026,ALUMINIUM DU MAROC,ALM,1818.0,1818.0,1818.0,1801.0,3,5437.0,3,847104372.0
ALUMINIUM DU MAROC,10/04/2026,ALUMINIUM DU MAROC,ALM,1818.0,1818.0,1818.0,1818.0,40,72720.0,2,847104372.0
ARADEI CAPITAL,03/06/2026,ARADEI CAPITAL,ARD,430.0,425.15,435.0,425.15,811,348614.3,56,5343340469.5
ARADEI CAPITAL,02/06/2026,ARADEI CAPITAL,ARD,438.0,425.0,438.0,425.0,2069,884162.15,79,5341455250.0
ARADEI CAPITAL,01/06/2026,ARADEI CAPITAL,ARD,438.0,435.0,438.0,435.0,314,137009.15,40,5467136550.0
ARADEI CAPITAL,26/05/2026,ARADEI CAPITAL,ARD,430.0,438.0,438.0,430.0,595,260247.75,27,5504840940.0
ARADEI CAPITAL,25/05/2026,ARADEI CAPITAL,ARD,444.0,430.0,444.0,430.0,645,279083.8,36,5404295900.0
ARADEI CAPITAL,22/05/2026,ARADEI CAPITAL,ARD,445.0,428.5,445.0,428.5,1734,744305.75,61,5385443705.0
ARADEI CAPITAL,21/05/2026,ARADEI CAPITAL,ARD,444.0,443.0,444.0,431.0,320,140759.75,28,5567681590.0
ARADEI CAPITAL,20/05/2026,ARADEI CAPITAL,ARD,444.4,440.0,444.5,435.0,180,78984.8,16,5529977200.0
ARADEI CAPITAL,19/05/2026,ARADEI CAPITAL,ARD,433.0,439.0,445.0,433.0,258,113396.1,16,5517409070.0
ARADEI CAPITAL,18/05/2026,ARADEI CAPITAL,ARD,434.9,439.8,439.8,425.0,512,219692.3,26,5527463574.0
ARADEI CAPITAL,15/05/2026,ARADEI CAPITAL,ARD,439.05,425.0,439.05,425.0,1125,480390.4,68,5341455250.0
ARADEI CAPITAL,14/05/2026,ARADEI CAPITAL,ARD,448.0,430.0,450.0,430.0,5549,2387894.5,95,5404295900.0
ARADEI CAPITAL,13/05/2026,ARADEI CAPITAL,ARD,450.1,448.0,451.0,448.0,641,287493.4,27,5630522240.0
ARADEI CAPITAL,12/05/2026,ARADEI CAPITAL,ARD,453.95,459.0,460.0,450.5,1205,552715.8,36,5768771670.0
ARADEI CAPITAL,11/05/2026,ARADEI CAPITAL,ARD,453.0,454.9,454.9,451.0,406,184166.7,16,5717242337.0
ARADEI CAPITAL,08/05/2026,ARADEI CAPITAL,ARD,450.0,454.9,455.0,449.5,476,214891.4,28,5717242337.0
ARADEI CAPITAL,07/05/2026,ARADEI CAPITAL,ARD,450.0,454.95,459.0,450.0,201,91332.9,26,5717870743.5
ARADEI CAPITAL,06/05/2026,ARADEI CAPITAL,ARD,445.0,459.0,459.0,445.0,953,431593.85,49,5768771670.0
ARADEI CAPITAL,05/05/2026,ARADEI CAPITAL,ARD,445.0,450.0,450.0,444.9,1168,525045.4,27,5655658500.0
ARADEI CAPITAL,04/05/2026,ARADEI CAPITAL,ARD,440.0,449.0,449.0,440.0,1932,861454.5,46,5643090370.0
ARADEI CAPITAL,30/04/2026,ARADEI CAPITAL,ARD,440.0,433.2,442.95,433.2,2694,1170839.25,62,5444513916.0
ARADEI CAPITAL,29/04/2026,ARADEI CAPITAL,ARD,443.0,443.0,443.25,442.0,701,310350.25,29,5567681590.0
ARADEI CAPITAL,28/04/2026,ARADEI CAPITAL,ARD,440.0,440.2,443.0,440.0,2372,1045443.75,86,5532490826.0
ARADEI CAPITAL,27/04/2026,ARADEI CAPITAL,ARD,425.2,438.5,438.5,425.2,1207,520716.4,64,5511125005.0
ARADEI CAPITAL,24/04/2026,ARADEI CAPITAL,ARD,425.0,425.0,426.0,424.5,16793,7137005.7,38,5341455250.0
ARADEI CAPITAL,23/04/2026,ARADEI CAPITAL,ARD,425.0,425.0,426.45,424.0,270,114835.35,24,5341455250.0
ARADEI CAPITAL,22/04/2026,ARADEI CAPITAL,ARD,427.85,423.0,427.85,422.0,341,145537.85,15,5316318990.0
ARADEI CAPITAL,21/04/2026,ARADEI CAPITAL,ARD,427.95,421.0,427.95,420.2,564,238432.95,48,5291182730.0
ARADEI CAPITAL,20/04/2026,ARADEI CAPITAL,ARD,424.9,419.2,425.0,419.2,1700,715063.25,83,5268560096.0
ARADEI CAPITAL,17/04/2026,ARADEI CAPITAL,ARD,419.1,424.9,425.0,419.1,2326,978055.35,60,5340198437.0
ARADEI CAPITAL,16/04/2026,ARADEI CAPITAL,ARD,428.0,418.0,428.0,418.0,2469,1037337.5,62,5253478340.0
ARADEI CAPITAL,15/04/2026,ARADEI CAPITAL,ARD,424.0,420.0,428.0,420.0,2518,1065159.7,77,5278614600.0
ARADEI CAPITAL,14/04/2026,ARADEI CAPITAL,ARD,423.0,423.0,423.0,422.0,802,339212.85,37,5316318990.0
ARADEI CAPITAL,13/04/2026,ARADEI CAPITAL,ARD,419.95,422.95,424.0,415.0,927,391280.9,45,5315690583.5
ARADEI CAPITAL,10/04/2026,ARADEI CAPITAL,ARD,420.0,420.5,424.9,415.1,525,218677.25,33,5284898665.0
ATLANTASANAD,03/06/2026,ATLANTASANAD,ATL,131.8,131.8,131.9,131.2,301,39680.7,11,7945377821.0
ATLANTASANAD,02/06/2026,ATLANTASANAD,ATL,131.95,131.0,131.95,130.0,869,113788.4,28,7897150945.0
ATLANTASANAD,01/06/2026,ATLANTASANAD,ATL,131.25,129.4,131.3,129.4,402,52565.8,32,7800697193.0
ATLANTASANAD,26/05/2026,ATLANTASANAD,ATL,131.0,129.3,131.0,129.2,2905,375884.75,36,7794668833.5
ATLANTASANAD,25/05/2026,ATLANTASANAD,ATL,129.1,130.0,131.75,129.1,263,34028.45,22,7836867350.0
ATLANTASANAD,22/05/2026,ATLANTASANAD,ATL,129.9,129.9,130.9,129.9,217,28191.7,17,7830838990.5
ATLANTASANAD,21/05/2026,ATLANTASANAD,ATL,130.0,129.9,130.0,129.9,161,20919.7,13,7830838990.5
ATLANTASANAD,20/05/2026,ATLANTASANAD,ATL,130.0,129.1,130.0,128.5,1143,147425.45,34,7782612114.5
ATLANTASANAD,19/05/2026,ATLANTASANAD,ATL,130.0,129.2,131.55,129.0,1498,193936.4,52,7788640474.0
ATLANTASANAD,18/05/2026,ATLANTASANAD,ATL,131.75,130.0,131.75,129.0,1254,162378.4,41,7836867350.0
ATLANTASANAD,15/05/2026,ATLANTASANAD,ATL,132.2,131.4,132.2,129.4,914,118850.65,34,7921264383.0
ATLANTASANAD,14/05/2026,ATLANTASANAD,ATL,130.0,131.0,131.0,130.0,106,13824.0,11,7897150945.0
ATLANTASANAD,13/05/2026,ATLANTASANAD,ATL,131.0,130.0,131.0,130.0,5165,676404.9,26,7836867350.0
ATLANTASANAD,12/05/2026,ATLANTASANAD,ATL,130.0,130.0,131.0,130.0,245,31903.75,15,7836867350.0
ATLANTASANAD,11/05/2026,ATLANTASANAD,ATL,131.25,130.0,131.25,130.0,3843,500705.7,79,7836867350.0
ATLANTASANAD,08/05/2026,ATLANTASANAD,ATL,132.65,131.8,132.65,130.6,255,33510.75,16,7945377821.0
ATLANTASANAD,07/05/2026,ATLANTASANAD,ATL,130.5,130.6,132.0,130.5,468,61203.3,29,7873037507.0
ATLANTASANAD,06/05/2026,ATLANTASANAD,ATL,132.95,130.0,132.95,130.0,2786,363609.8,75,7836867350.0
ATLANTASANAD,05/05/2026,ATLANTASANAD,ATL,134.2,130.0,134.2,130.0,4576,597401.1,70,7836867350.0
ATLANTASANAD,04/05/2026,ATLANTASANAD,ATL,131.05,133.9,133.9,131.05,4075,544856.0,33,8071973370.5
ATLANTASANAD,30/04/2026,ATLANTASANAD,ATL,132.4,130.1,132.4,130.1,22943,2987418.2,76,7842895709.5
ATLANTASANAD,29/04/2026,ATLANTASANAD,ATL,132.35,131.8,132.4,130.55,125447,16608764.2,41,7945377821.0
ATLANTASANAD,28/04/2026,ATLANTASANAD,ATL,132.5,132.4,132.5,131.2,722,94791.85,18,7981547978.0
ATLANTASANAD,27/04/2026,ATLANTASANAD,ATL,133.05,132.0,133.05,131.2,1219,161124.85,35,7957434540.0
ATLANTASANAD,24/04/2026,ATLANTASANAD,ATL,132.0,131.0,133.0,131.0,113836,15138302.8,43,7897150945.0
ATLANTASANAD,23/04/2026,ATLANTASANAD,ATL,133.0,131.7,133.0,131.25,2275,299140.4,32,7939349461.5
ATLANTASANAD,22/04/2026,ATLANTASANAD,ATL,132.0,132.75,133.0,131.0,1144,150810.95,36,8002647236.25
ATLANTASANAD,21/04/2026,ATLANTASANAD,ATL,130.0,132.0,133.0,130.0,3373,444692.75,35,7957434540.0
ATLANTASANAD,20/04/2026,ATLANTASANAD,ATL,133.85,129.5,134.0,129.0,20193,2632422.15,196,7806725552.5
ATLANTASANAD,17/04/2026,ATLANTASANAD,ATL,135.9,133.1,138.9,130.0,278294,36249527.9,306,8023746494.5
ATLANTASANAD,16/04/2026,ATLANTASANAD,ATL,137.0,135.0,137.0,134.0,1085,146408.75,20,8138285325.0
ATLANTASANAD,15/04/2026,ATLANTASANAD,ATL,136.0,135.9,136.0,132.0,4771,638310.9,59,8192540560.5
ATLANTASANAD,14/04/2026,ATLANTASANAD,ATL,134.0,135.95,136.0,133.3,1286,173345.55,31,8195554740.25
ATLANTASANAD,13/04/2026,ATLANTASANAD,ATL,135.0,133.25,135.0,132.6,2113,284135.65,23,8032789033.75
ATLANTASANAD,10/04/2026,ATLANTASANAD,ATL,136.0,136.0,136.0,135.0,3773,513086.0,17,8198568920.0
ATTIJARIWAFA BANK,03/06/2026,ATTIJARIWAFA BANK,ATW,688.5,685.0,689.8,685.0,12313,8436986.5,100,147371474715.0
ATTIJARIWAFA BANK,02/06/2026,ATTIJARIWAFA BANK,ATW,687.2,688.1,699.0,687.2,22811,15739121.9,128,148038411315.9
ATTIJARIWAFA BANK,01/06/2026,ATTIJARIWAFA BANK,ATW,698.1,698.0,699.8,691.0,27112,18869792.1,137,150168305622.0
ATTIJARIWAFA BANK,26/05/2026,ATTIJARIWAFA BANK,ATW,690.2,698.0,700.0,690.2,36101,25168395.5,209,150168305622.0
ATTIJARIWAFA BANK,25/05/2026,ATTIJARIWAFA BANK,ATW,685.1,699.0,699.0,685.1,33294,23153296.1,215,150383446461.0
ATTIJARIWAFA BANK,22/05/2026,ATTIJARIWAFA BANK,ATW,676.5,683.5,684.0,676.5,29437,20086466.4,132,147048763456.5
ATTIJARIWAFA BANK,21/05/2026,ATTIJARIWAFA BANK,ATW,675.0,680.0,680.0,673.0,11900,8070606.7,204,146295770520.0
ATTIJARIWAFA BANK,20/05/2026,ATTIJARIWAFA BANK,ATW,681.0,675.0,685.0,675.0,46560,31501112.8,299,145220066325.0
ATTIJARIWAFA BANK,19/05/2026,ATTIJARIWAFA BANK,ATW,680.0,685.5,687.0,680.0,61752,42298257.0,93,147479045134.5
ATTIJARIWAFA BANK,18/05/2026,ATTIJARIWAFA BANK,ATW,683.0,680.0,690.0,680.0,20120,13693222.7,246,146295770520.0
ATTIJARIWAFA BANK,15/05/2026,ATTIJARIWAFA BANK,ATW,687.0,685.0,694.0,685.0,10302,7063382.8,153,147371474715.0
ATTIJARIWAFA BANK,14/05/2026,ATTIJARIWAFA BANK,ATW,690.0,686.0,694.8,686.0,63865,44006794.9,189,147586615554.0
ATTIJARIWAFA BANK,13/05/2026,ATTIJARIWAFA BANK,ATW,693.0,691.0,700.0,691.0,21514,14919550.4,148,148662319749.0
ATTIJARIWAFA BANK,12/05/2026,ATTIJARIWAFA BANK,ATW,690.0,692.6,697.9,690.0,3382,2336547.7,103,149006545091.4
ATTIJARIWAFA BANK,11/05/2026,ATTIJARIWAFA BANK,ATW,700.0,698.0,701.0,698.0,12292,8597830.8,98,150168305622.0
ATTIJARIWAFA BANK,08/05/2026,ATTIJARIWAFA BANK,ATW,699.9,699.8,699.9,696.5,10709,7473182.0,80,150555559132.2
ATTIJARIWAFA BANK,07/05/2026,ATTIJARIWAFA BANK,ATW,699.5,697.0,702.0,697.0,20401,14255109.5,116,149953164783.0
ATTIJARIWAFA BANK,06/05/2026,ATTIJARIWAFA BANK,ATW,699.0,699.9,705.0,698.2,65663,45962398.1,217,150577073216.1
ATTIJARIWAFA BANK,05/05/2026,ATTIJARIWAFA BANK,ATW,696.5,698.5,700.0,690.0,28546,19949659.1,162,150275876041.5
ATTIJARIWAFA BANK,04/05/2026,ATTIJARIWAFA BANK,ATW,695.1,696.0,700.0,695.0,15245,10611550.2,134,149738023944.0
ATTIJARIWAFA BANK,30/04/2026,ATTIJARIWAFA BANK,ATW,695.0,696.0,700.0,690.1,36573,25440195.7,166,149738023944.0
ATTIJARIWAFA BANK,29/04/2026,ATTIJARIWAFA BANK,ATW,699.9,698.9,700.0,693.0,19980,13916884.0,124,150361932377.1
ATTIJARIWAFA BANK,28/04/2026,ATTIJARIWAFA BANK,ATW,692.0,692.1,700.1,692.0,24847,17250585.3,150,148898974671.9
ATTIJARIWAFA BANK,27/04/2026,ATTIJARIWAFA BANK,ATW,697.0,691.8,705.0,691.1,22400,15574214.0,167,148834432420.2
ATTIJARIWAFA BANK,24/04/2026,ATTIJARIWAFA BANK,ATW,710.0,689.0,710.0,689.0,83847,58442380.4,325,148232038071.0
ATTIJARIWAFA BANK,23/04/2026,ATTIJARIWAFA BANK,ATW,711.0,710.0,715.0,710.0,23601,16816624.4,88,152749995690.0
ATTIJARIWAFA BANK,22/04/2026,ATTIJARIWAFA BANK,ATW,710.0,714.0,717.0,710.0,29331,20943488.8,142,153610559046.0
ATTIJARIWAFA BANK,21/04/2026,ATTIJARIWAFA BANK,ATW,706.0,715.0,716.0,706.0,30247,21545551.9,160,153825699885.0
ATTIJARIWAFA BANK,20/04/2026,ATTIJARIWAFA BANK,ATW,703.0,710.0,710.0,703.0,46597,33025999.6,152,152749995690.0
ATTIJARIWAFA BANK,17/04/2026,ATTIJARIWAFA BANK,ATW,703.0,715.0,723.0,701.1,201683,144323944.7,355,153825699885.0
ATTIJARIWAFA BANK,16/04/2026,ATTIJARIWAFA BANK,ATW,702.3,703.0,705.0,700.7,34357,24150171.9,139,151244009817.0
ATTIJARIWAFA BANK,15/04/2026,ATTIJARIWAFA BANK,ATW,696.1,703.0,708.0,696.1,49375,34736533.2,153,151244009817.0
ATTIJARIWAFA BANK,14/04/2026,ATTIJARIWAFA BANK,ATW,704.0,700.2,709.0,700.2,103272,72531964.6,213,150641615467.8
ATTIJARIWAFA BANK,13/04/2026,ATTIJARIWAFA BANK,ATW,705.0,700.0,705.0,695.0,32033,22398728.2,164,150598587300.0
ATTIJARIWAFA BANK,10/04/2026,ATTIJARIWAFA BANK,ATW,703.0,711.0,711.0,703.0,33519,23712756.7,196,152965136529.0
AUTO HALL,03/06/2026,AUTO HALL,ATH,71.0,69.0,71.0,68.0,6475,447251.95,88,3470322432.0
AUTO HALL,02/06/2026,AUTO HALL,ATH,71.5,70.9,71.5,69.25,1550,109144.35,27,3565882035.2
AUTO HALL,01/06/2026,AUTO HALL,ATH,70.0,70.99,71.99,69.52,2187,155169.98,58,3570408542.72
AUTO HALL,26/05/2026,AUTO HALL,ATH,70.2,69.99,72.0,69.55,9444,669048.83,79,3520114014.72
AUTO HALL,25/05/2026,AUTO HALL,ATH,71.99,70.2,71.99,69.05,2280,159695.62,53,3530675865.6
AUTO HALL,22/05/2026,AUTO HALL,ATH,71.9,68.0,71.9,68.0,21645,1476192.0,108,3420027904.0
AUTO HALL,21/05/2026,AUTO HALL,ATH,71.0,68.0,72.4,68.0,11533,788084.5,109,3420027904.0
AUTO HALL,20/05/2026,AUTO HALL,ATH,71.81,68.0,74.5,68.0,143054,10606649.29,76,3420027904.0
AUTO HALL,19/05/2026,AUTO HALL,ATH,72.95,72.5,72.95,71.66,4842,349118.65,25,3646353280.0
AUTO HALL,18/05/2026,AUTO HALL,ATH,74.0,72.02,74.0,72.0,2042,147980.49,57,3622211906.56
AUTO HALL,15/05/2026,AUTO HALL,ATH,73.5,72.9,74.0,72.8,1382,101051.63,39,3666471091.2
AUTO HALL,14/05/2026,AUTO HALL,ATH,74.85,73.21,74.85,73.21,2194,161601.26,41,3682062394.88
AUTO HALL,13/05/2026,AUTO HALL,ATH,75.0,74.5,75.0,73.0,5709,420855.85,61,3746942336.0
AUTO HALL,12/05/2026,AUTO HALL,ATH,75.5,74.9,75.5,74.0,1627,121502.13,36,3767060147.2
AUTO HALL,11/05/2026,AUTO HALL,ATH,76.0,75.5,76.0,74.75,3109,233171.0,29,3797236864.0
AUTO HALL,08/05/2026,AUTO HALL,ATH,75.0,75.5,75.89,74.7,1136,85380.75,28,3797236864.0
AUTO HALL,07/05/2026,AUTO HALL,ATH,75.5,74.75,75.59,74.75,3093,232245.73,46,3759515968.0
AUTO HALL,06/05/2026,AUTO HALL,ATH,76.0,74.0,76.1,72.66,7294,543683.61,116,3721795072.0
AUTO HALL,05/05/2026,AUTO HALL,ATH,74.5,74.02,74.9,74.01,883,65785.45,29,3722800962.56
AUTO HALL,04/05/2026,AUTO HALL,ATH,74.0,74.49,75.0,73.9,1428,105813.2,39,3746439390.72
AUTO HALL,30/04/2026,AUTO HALL,ATH,74.79,74.0,74.79,73.55,604,44636.82,23,3721795072.0
AUTO HALL,29/04/2026,AUTO HALL,ATH,75.0,74.0,75.0,73.6,288,21437.92,16,3721795072.0
AUTO HALL,28/04/2026,AUTO HALL,ATH,74.82,74.97,74.99,74.0,1162,86354.44,39,3770580764.16
AUTO HALL,27/04/2026,AUTO HALL,ATH,75.5,74.88,75.5,73.99,2297,171381.34,53,3766054256.64
AUTO HALL,24/04/2026,AUTO HALL,ATH,76.3,73.98,76.3,73.98,229576,17268600.13,292,3720789181.44
AUTO HALL,23/04/2026,AUTO HALL,ATH,76.88,75.0,77.0,75.0,21960,1653457.92,202,3772089600.0
AUTO HALL,22/04/2026,AUTO HALL,ATH,77.05,75.0,78.9,72.0,89945,6761692.92,457,3772089600.0
AUTO HALL,21/04/2026,AUTO HALL,ATH,78.99,78.5,78.99,78.5,172,13538.7,10,3948120448.0
AUTO HALL,20/04/2026,AUTO HALL,ATH,79.9,77.52,79.9,77.0,5985,465095.68,58,3898831810.56
AUTO HALL,17/04/2026,AUTO HALL,ATH,77.0,79.9,80.0,76.8,12091,959827.94,87,4018532787.2
AUTO HALL,16/04/2026,AUTO HALL,ATH,78.01,77.0,78.01,77.0,6837,528867.16,119,3872678656.0
AUTO HALL,15/04/2026,AUTO HALL,ATH,80.0,78.0,80.0,77.5,8490,667216.69,96,3922973184.0
AUTO HALL,14/04/2026,AUTO HALL,ATH,78.7,78.0,79.0,78.0,7087,554437.47,87,3922973184.0
AUTO HALL,13/04/2026,AUTO HALL,ATH,81.5,79.0,81.5,78.5,1450,115492.5,28,3973267712.0
AUTO HALL,10/04/2026,AUTO HALL,ATH,79.6,79.2,80.0,79.2,5991,477245.8,37,3983326617.6
AUTO NEJMA,03/06/2026,AUTO NEJMA,NEJ,-,4303.0,-,-,-,-,-,4403104992.0
AUTO NEJMA,02/06/2026,AUTO NEJMA,NEJ,4303.0,4303.0,4303.0,4303.0,1,4303.0,1,4403104992.0
AUTO NEJMA,01/06/2026,AUTO NEJMA,NEJ,-,4300.0,-,-,-,-,-,4400035200.0
AUTO NEJMA,26/05/2026,AUTO NEJMA,NEJ,-,4300.0,-,-,-,-,-,4400035200.0
AUTO NEJMA,25/05/2026,AUTO NEJMA,NEJ,-,4300.0,-,-,-,-,-,4400035200.0
AUTO NEJMA,22/05/2026,AUTO NEJMA,NEJ,4300.0,4300.0,4300.0,4300.0,3,12900.0,1,4400035200.0
AUTO NEJMA,21/05/2026,AUTO NEJMA,NEJ,-,4134.0,-,-,-,-,-,4230173376.0
AUTO NEJMA,20/05/2026,AUTO NEJMA,NEJ,-,4134.0,-,-,-,-,-,4230173376.0
AUTO NEJMA,19/05/2026,AUTO NEJMA,NEJ,-,4134.0,-,-,-,-,-,4230173376.0
AUTO NEJMA,18/05/2026,AUTO NEJMA,NEJ,-,4134.0,-,-,-,-,-,4230173376.0
AUTO NEJMA,15/05/2026,AUTO NEJMA,NEJ,-,4134.0,-,-,-,-,-,4230173376.0
AUTO NEJMA,14/05/2026,AUTO NEJMA,NEJ,-,4134.0,-,-,-,-,-,4230173376.0
AUTO NEJMA,13/05/2026,AUTO NEJMA,NEJ,-,4134.0,-,-,-,-,-,4230173376.0
AUTO NEJMA,12/05/2026,AUTO NEJMA,NEJ,-,4134.0,-,-,-,-,-,4230173376.0
AUTO NEJMA,11/05/2026,AUTO NEJMA,NEJ,-,4134.0,-,-,-,-,-,4230173376.0
AUTO NEJMA,08/05/2026,AUTO NEJMA,NEJ,-,4134.0,-,-,-,-,-,4230173376.0
AUTO NEJMA,07/05/2026,AUTO NEJMA,NEJ,-,4134.0,-,-,-,-,-,4230173376.0
AUTO NEJMA,06/05/2026,AUTO NEJMA,NEJ,-,4134.0,-,-,-,-,-,4230173376.0
AUTO NEJMA,05/05/2026,AUTO NEJMA,NEJ,-,4134.0,-,-,-,-,-,4230173376.0
AUTO NEJMA,04/05/2026,AUTO NEJMA,NEJ,-,4134.0,-,-,-,-,-,4230173376.0
AUTO NEJMA,30/04/2026,AUTO NEJMA,NEJ,-,4134.0,-,-,-,-,-,4230173376.0
AUTO NEJMA,29/04/2026,AUTO NEJMA,NEJ,-,4310.0,-,-,-,-,-,4410267840.0
AUTO NEJMA,28/04/2026,AUTO NEJMA,NEJ,-,4310.0,-,-,-,-,-,4410267840.0
AUTO NEJMA,27/04/2026,AUTO NEJMA,NEJ,-,4310.0,-,-,-,-,-,4410267840.0
AUTO NEJMA,24/04/2026,AUTO NEJMA,NEJ,-,4310.0,-,-,-,-,-,4410267840.0
AUTO NEJMA,23/04/2026,AUTO NEJMA,NEJ,-,4310.0,-,-,-,-,-,4410267840.0
AUTO NEJMA,22/04/2026,AUTO NEJMA,NEJ,-,4310.0,-,-,-,-,-,4410267840.0
AUTO NEJMA,21/04/2026,AUTO NEJMA,NEJ,-,4310.0,-,-,-,-,-,4410267840.0
AUTO NEJMA,20/04/2026,AUTO NEJMA,NEJ,-,4310.0,-,-,-,-,-,4410267840.0
AUTO NEJMA,17/04/2026,AUTO NEJMA,NEJ,-,4310.0,-,-,-,-,-,4410267840.0
AUTO NEJMA,16/04/2026,AUTO NEJMA,NEJ,-,4310.0,-,-,-,-,-,4410267840.0
AUTO NEJMA,15/04/2026,AUTO NEJMA,NEJ,-,4310.0,-,-,-,-,-,4410267840.0
AUTO NEJMA,14/04/2026,AUTO NEJMA,NEJ,4310.0,4310.0,4310.0,4310.0,2,8620.0,2,4410267840.0
AUTO NEJMA,13/04/2026,AUTO NEJMA,NEJ,4310.0,4310.0,4310.0,4310.0,1,4310.0,1,4410267840.0
AUTO NEJMA,10/04/2026,AUTO NEJMA,NEJ,-,4585.0,-,-,-,-,-,4691665440.0
BANK OF AFRICA,03/06/2026,BANK OF AFRICA,BOA,202.0,200.05,202.0,200.05,6660,1335475.35,81,44067390294.05
BANK OF AFRICA,02/06/2026,BANK OF AFRICA,BOA,207.5,202.5,209.0,202.5,10936,2234805.2,67,44607080902.5
BANK OF AFRICA,01/06/2026,BANK OF AFRICA,BOA,205.0,202.05,209.0,202.05,16451,3351203.2,87,44507954056.05
BANK OF AFRICA,26/05/2026,BANK OF AFRICA,BOA,209.7,208.0,210.0,204.1,59632,12437642.1,93,45818631248.0
BANK OF AFRICA,25/05/2026,BANK OF AFRICA,BOA,207.0,209.95,209.95,204.0,29282,6117406.7,117,46248180915.95
BANK OF AFRICA,22/05/2026,BANK OF AFRICA,BOA,203.95,200.0,205.0,200.0,15900,3195118.75,60,44056376200.0
BANK OF AFRICA,21/05/2026,BANK OF AFRICA,BOA,204.0,200.0,204.0,200.0,6580,1325796.85,56,44056376200.0
BANK OF AFRICA,20/05/2026,BANK OF AFRICA,BOA,205.75,197.0,205.75,197.0,22869,4535706.2,168,43395530557.0
BANK OF AFRICA,19/05/2026,BANK OF AFRICA,BOA,204.95,200.0,206.0,200.0,6379,1279236.5,79,44056376200.0
BANK OF AFRICA,18/05/2026,BANK OF AFRICA,BOA,206.0,202.3,207.0,201.0,4994,1014066.3,53,44563024526.3
BANK OF AFRICA,15/05/2026,BANK OF AFRICA,BOA,205.95,200.0,206.5,200.0,16785,3373739.05,164,44056376200.0
BANK OF AFRICA,14/05/2026,BANK OF AFRICA,BOA,210.3,202.1,210.3,202.1,26147,5306564.0,84,44518968150.1
BANK OF AFRICA,13/05/2026,BANK OF AFRICA,BOA,204.0,203.1,207.8,203.0,3673,747072.7,40,44739250031.1
BANK OF AFRICA,12/05/2026,BANK OF AFRICA,BOA,205.0,203.0,205.0,203.0,13055,2660840.2,78,44717221843.0
BANK OF AFRICA,11/05/2026,BANK OF AFRICA,BOA,210.95,205.0,212.0,204.9,25017,5135296.1,60,45157785605.0
BANK OF AFRICA,08/05/2026,BANK OF AFRICA,BOA,204.2,208.9,209.0,204.0,2794,572777.45,38,46016884940.9
BANK OF AFRICA,07/05/2026,BANK OF AFRICA,BOA,210.0,204.1,210.0,204.1,3845,789039.1,66,44959531912.1
BANK OF AFRICA,06/05/2026,BANK OF AFRICA,BOA,211.7,210.0,211.7,206.05,11499,2391951.55,26,46259195010.0
BANK OF AFRICA,05/05/2026,BANK OF AFRICA,BOA,214.0,205.35,214.0,205.05,6662,1368711.9,15,45234884263.35
BANK OF AFRICA,04/05/2026,BANK OF AFRICA,BOA,204.3,205.0,214.0,204.3,17059,3541895.2,52,45157785605.0
BANK OF AFRICA,30/04/2026,BANK OF AFRICA,BOA,205.0,204.9,208.5,204.9,9037,1856120.65,33,45135757416.9
BANK OF AFRICA,29/04/2026,BANK OF AFRICA,BOA,209.3,207.0,210.0,205.0,4915,1018458.15,33,45598349367.0
BANK OF AFRICA,28/04/2026,BANK OF AFRICA,BOA,210.0,203.0,212.0,203.0,23115,4719704.8,61,44717221843.0
BANK OF AFRICA,27/04/2026,BANK OF AFRICA,BOA,212.0,207.9,212.0,207.9,1945,404915.1,22,45796603059.9
BANK OF AFRICA,24/04/2026,BANK OF AFRICA,BOA,210.1,210.2,216.0,210.0,44221,9300509.7,48,46303251386.2
BANK OF AFRICA,23/04/2026,BANK OF AFRICA,BOA,216.0,214.0,216.0,214.0,1543,330430.7,13,47140322534.0
BANK OF AFRICA,22/04/2026,BANK OF AFRICA,BOA,212.5,216.4,216.5,212.5,7065,1514478.4,36,47668999048.4
BANK OF AFRICA,21/04/2026,BANK OF AFRICA,BOA,210.2,213.6,216.9,210.2,10220,2200840.0,44,47052209781.6
BANK OF AFRICA,20/04/2026,BANK OF AFRICA,BOA,210.0,217.0,217.0,207.0,129319,27969728.6,98,47801168177.0
BANK OF AFRICA,17/04/2026,BANK OF AFRICA,BOA,205.95,213.9,213.9,204.1,106268,22441786.7,103,47118294345.9
BANK OF AFRICA,16/04/2026,BANK OF AFRICA,BOA,206.0,204.1,206.0,204.0,2820,576030.55,34,44959531912.1
BANK OF AFRICA,15/04/2026,BANK OF AFRICA,BOA,203.1,204.0,206.85,203.1,202702,41292251.3,82,44937503724.0
BANK OF AFRICA,14/04/2026,BANK OF AFRICA,BOA,207.0,203.0,207.0,203.0,148414,30398762.1,78,44717221843.0
BANK OF AFRICA,13/04/2026,BANK OF AFRICA,BOA,205.5,204.0,205.5,202.0,63007,12914597.6,55,44937503724.0
BANK OF AFRICA,10/04/2026,BANK OF AFRICA,BOA,208.0,207.0,208.0,205.5,91903,19024266.0,25,45598349367.0
BALIMA,03/06/2026,BALIMA,BAL,-,226.0,-,-,-,-,-,394144000.0
BALIMA,02/06/2026,BALIMA,BAL,-,226.0,-,-,-,-,-,394144000.0
BALIMA,01/06/2026,BALIMA,BAL,-,226.0,-,-,-,-,-,394144000.0
BALIMA,26/05/2026,BALIMA,BAL,-,226.0,-,-,-,-,-,394144000.0
BALIMA,25/05/2026,BALIMA,BAL,226.0,226.0,226.0,226.0,14,3164.0,2,394144000.0
BALIMA,22/05/2026,BALIMA,BAL,225.15,225.15,225.15,225.15,1,225.15,1,392661600.0
BALIMA,21/05/2026,BALIMA,BAL,239.5,239.5,239.5,239.5,15,3592.5,1,417688000.0
BALIMA,20/05/2026,BALIMA,BAL,-,238.0,-,-,-,-,-,415072000.0
BALIMA,19/05/2026,BALIMA,BAL,-,238.0,-,-,-,-,-,415072000.0
BALIMA,18/05/2026,BALIMA,BAL,238.0,238.0,238.0,238.0,39,9282.0,7,415072000.0
BALIMA,15/05/2026,BALIMA,BAL,-,229.9,-,-,-,-,-,400945600.0
BALIMA,14/05/2026,BALIMA,BAL,-,229.9,-,-,-,-,-,400945600.0
BALIMA,13/05/2026,BALIMA,BAL,-,229.9,-,-,-,-,-,400945600.0
BALIMA,12/05/2026,BALIMA,BAL,-,229.9,-,-,-,-,-,400945600.0
BALIMA,11/05/2026,BALIMA,BAL,229.9,229.9,229.9,229.9,4,919.6,2,400945600.0
BALIMA,08/05/2026,BALIMA,BAL,-,229.8,-,-,-,-,-,400771200.0
BALIMA,07/05/2026,BALIMA,BAL,-,229.8,-,-,-,-,-,400771200.0
BALIMA,06/05/2026,BALIMA,BAL,-,229.8,-,-,-,-,-,400771200.0
BALIMA,05/05/2026,BALIMA,BAL,229.8,229.8,229.8,229.8,2,459.6,1,400771200.0
BALIMA,04/05/2026,BALIMA,BAL,219.4,219.4,219.4,219.4,28,6143.2,4,382633600.0
BALIMA,30/04/2026,BALIMA,BAL,207.0,207.0,207.0,207.0,8,1656.0,3,361008000.0
BALIMA,29/04/2026,BALIMA,BAL,-,220.0,-,-,-,-,-,383680000.0
BALIMA,28/04/2026,BALIMA,BAL,-,220.0,-,-,-,-,-,383680000.0
BALIMA,27/04/2026,BALIMA,BAL,-,220.0,-,-,-,-,-,383680000.0
BALIMA,24/04/2026,BALIMA,BAL,220.0,220.0,220.0,220.0,2,440.0,1,383680000.0
BALIMA,23/04/2026,BALIMA,BAL,-,225.0,-,-,-,-,-,392400000.0
BALIMA,22/04/2026,BALIMA,BAL,-,225.0,-,-,-,-,-,392400000.0
BALIMA,21/04/2026,BALIMA,BAL,225.0,225.0,225.0,225.0,2,450.0,1,392400000.0
BALIMA,20/04/2026,BALIMA,BAL,225.0,225.0,225.0,225.0,1,225.0,1,392400000.0
BALIMA,17/04/2026,BALIMA,BAL,219.9,219.9,219.9,219.9,4,879.6,2,383505600.0
BALIMA,16/04/2026,BALIMA,BAL,215.0,215.0,215.0,215.0,2,430.0,1,374960000.0
BALIMA,15/04/2026,BALIMA,BAL,-,217.25,-,-,-,-,-,378884000.0
BALIMA,14/04/2026,BALIMA,BAL,217.25,217.25,217.25,217.25,5,1086.25,1,378884000.0
BALIMA,13/04/2026,BALIMA,BAL,205.0,205.0,205.0,205.0,33,6765.0,3,357520000.0
BALIMA,10/04/2026,BALIMA,BAL,-,216.5,-,-,-,-,-,377576000.0
BCP,03/06/2026,BCP,BCP,238.0,240.0,240.0,235.0,33764,8089329.0,106,48794993520.0
BCP,02/06/2026,BCP,BCP,239.8,235.0,239.9,235.0,14637,3450687.85,131,47778431155.0
BCP,01/06/2026,BCP,BCP,243.8,236.0,243.8,236.0,25356,6016727.05,141,47981743628.0
BCP,26/05/2026,BCP,BCP,242.0,240.0,242.0,235.0,85255,20397876.2,172,48794993520.0
BCP,25/05/2026,BCP,BCP,239.0,240.0,241.8,239.0,29054,6975131.65,112,48794993520.0
BCP,22/05/2026,BCP,BCP,239.5,238.0,240.0,238.0,10684,2545989.9,60,48388368574.0
BCP,21/05/2026,BCP,BCP,237.9,238.0,239.9,236.0,11505,2737716.0,52,48388368574.0
BCP,20/05/2026,BCP,BCP,238.95,230.0,242.45,230.0,84759,19602058.95,258,46761868790.0
BCP,19/05/2026,BCP,BCP,239.95,239.8,243.95,235.0,25582,6105865.15,143,48754331025.4
BCP,18/05/2026,BCP,BCP,240.0,239.8,240.0,238.0,23049,5513859.55,107,48754331025.4
BCP,15/05/2026,BCP,BCP,240.0,239.0,244.5,238.0,10161,2434092.05,169,48591681047.0
BCP,14/05/2026,BCP,BCP,241.0,238.2,243.9,238.2,18042,4313210.9,140,48429031068.6
BCP,13/05/2026,BCP,BCP,246.0,239.0,246.0,239.0,63672,15279536.2,417,48591681047.0
BCP,12/05/2026,BCP,BCP,245.0,242.0,246.0,241.8,12040,2919367.8,197,49201618466.0
BCP,11/05/2026,BCP,BCP,248.5,245.0,248.5,244.7,5520,1353665.8,57,49811555885.0
BCP,08/05/2026,BCP,BCP,248.8,246.8,254.0,243.0,19940,4898146.55,95,50177518336.4
BCP,07/05/2026,BCP,BCP,249.9,244.5,249.9,244.1,2714,665759.0,75,49709899648.5
BCP,06/05/2026,BCP,BCP,248.25,245.0,249.8,244.15,20980,5175067.2,120,49811555885.0
BCP,05/05/2026,BCP,BCP,244.95,242.0,246.95,242.0,15099,3685135.8,81,49201618466.0
BCP,04/05/2026,BCP,BCP,246.95,242.0,246.95,242.0,6419,1556297.9,97,49201618466.0
BCP,30/04/2026,BCP,BCP,242.0,242.0,246.45,242.0,15882,3847226.9,139,49201618466.0
BCP,29/04/2026,BCP,BCP,245.0,242.0,248.0,242.0,38426,9303540.15,101,49201618466.0
BCP,28/04/2026,BCP,BCP,245.6,242.0,250.0,242.0,38065,9223639.1,149,49201618466.0
BCP,27/04/2026,BCP,BCP,249.95,244.0,249.95,244.0,24391,5962529.55,106,49608243412.0
BCP,24/04/2026,BCP,BCP,249.0,245.0,250.0,245.0,123914,30727855.8,192,49811555885.0
BCP,23/04/2026,BCP,BCP,250.0,249.0,253.9,249.0,15579,3892589.25,84,50624805777.0
BCP,22/04/2026,BCP,BCP,250.0,250.0,253.95,250.0,11882,2975689.6,138,50828118250.0
BCP,21/04/2026,BCP,BCP,251.0,253.15,257.0,251.0,27798,7124760.75,59,51468552539.95
BCP,20/04/2026,BCP,BCP,254.0,252.0,254.5,251.55,53799,13560334.65,86,51234743196.0
BCP,17/04/2026,BCP,BCP,251.05,254.95,259.9,251.05,124440,31759178.35,172,51834514991.35
BCP,16/04/2026,BCP,BCP,253.0,250.6,255.9,250.5,12988,3298251.55,62,50950105733.8
BCP,15/04/2026,BCP,BCP,246.5,251.2,253.0,245.7,62624,15712503.65,125,51072093217.6
BCP,14/04/2026,BCP,BCP,247.4,244.0,247.4,244.0,19317,4733006.1,81,49608243412.0
BCP,13/04/2026,BCP,BCP,246.0,244.0,247.75,243.0,3689,901761.55,102,49608243412.0
BCP,10/04/2026,BCP,BCP,248.95,244.0,250.0,244.0,68305,16792025.85,157,49608243412.0
BMCI,03/06/2026,BMCI,BCI,593.0,598.0,598.0,593.0,101,60098.0,3,7941013028.0
BMCI,02/06/2026,BMCI,BCI,579.8,593.0,593.0,574.0,130,76578.0,6,7874616598.0
BMCI,01/06/2026,BMCI,BCI,584.0,567.0,597.0,567.0,1012,574021.0,15,7529355162.0
BMCI,26/05/2026,BMCI,BCI,598.8,598.8,598.8,598.7,503,301181.4,5,7951636456.8
BMCI,25/05/2026,BMCI,BCI,598.0,596.0,598.0,573.2,106,63163.2,4,7914454456.0
BMCI,22/05/2026,BMCI,BCI,599.0,599.0,599.0,599.0,950,569050.0,11,7954292314.0
BMCI,21/05/2026,BMCI,BCI,599.0,588.9,599.0,570.0,546,319184.0,12,7820171525.4
BMCI,20/05/2026,BMCI,BCI,575.1,557.0,576.0,557.0,1042,586918.0,29,7396562302.0
BMCI,19/05/2026,BMCI,BCI,597.0,595.0,597.0,595.0,202,120592.0,3,7901175170.0
BMCI,18/05/2026,BMCI,BCI,582.0,580.0,583.0,580.0,2906,1691250.0,13,7701985880.0
BMCI,15/05/2026,BMCI,BCI,582.0,572.0,582.0,572.0,998,570986.0,15,7595751592.0
BMCI,14/05/2026,BMCI,BCI,582.0,582.0,582.1,580.0,362,210458.0,18,7728544452.0
BMCI,13/05/2026,BMCI,BCI,599.9,582.0,600.0,582.0,1778,1063711.0,19,7728544452.0
BMCI,12/05/2026,BMCI,BCI,603.9,590.0,603.9,590.0,210,123979.5,14,7834778740.0
BMCI,11/05/2026,BMCI,BCI,601.9,604.0,604.0,587.8,321,193676.0,10,8020688744.0
BMCI,08/05/2026,BMCI,BCI,-,603.0,-,-,-,-,-,8007409458.0
BMCI,07/05/2026,BMCI,BCI,602.0,603.0,603.0,602.0,380,229071.0,3,8007409458.0
BMCI,06/05/2026,BMCI,BCI,602.9,602.0,602.9,585.0,534,320547.3,19,7994130172.0
BMCI,05/05/2026,BMCI,BCI,595.0,605.0,605.0,595.0,425,256875.0,8,8033968030.0
BMCI,04/05/2026,BMCI,BCI,605.0,603.0,605.0,600.0,1327,800309.3,13,8007409458.0
BMCI,30/04/2026,BMCI,BCI,606.0,600.0,606.7,595.0,1055,636662.4,53,7967571600.0
BMCI,29/04/2026,BMCI,BCI,597.0,593.0,597.0,582.0,168,98224.7,17,7874616598.0
BMCI,28/04/2026,BMCI,BCI,583.0,597.0,597.0,583.0,4,2346.0,3,7927733742.0
BMCI,27/04/2026,BMCI,BCI,595.0,595.0,595.0,595.0,10,5950.0,2,7901175170.0
BMCI,24/04/2026,BMCI,BCI,581.0,583.0,599.6,581.0,15306,8934305.6,59,7741823738.0
BMCI,23/04/2026,BMCI,BCI,599.0,600.0,600.0,585.1,1197,715798.4,17,7967571600.0
BMCI,22/04/2026,BMCI,BCI,610.0,595.0,610.0,595.0,6001,3570610.0,3,7901175170.0
BMCI,21/04/2026,BMCI,BCI,595.0,595.0,600.0,584.1,13809,8150148.0,38,7901175170.0
BMCI,20/04/2026,BMCI,BCI,600.0,590.0,600.0,586.0,2523,1494821.7,49,7834778740.0
BMCI,17/04/2026,BMCI,BCI,600.0,620.0,630.0,582.2,9974,6176105.0,39,8233157320.0
BMCI,16/04/2026,BMCI,BCI,600.0,600.0,600.0,600.0,150,90000.0,4,7967571600.0
BMCI,15/04/2026,BMCI,BCI,609.0,600.0,610.0,582.0,3829,2289063.7,37,7967571600.0
BMCI,14/04/2026,BMCI,BCI,588.0,605.0,605.0,587.0,696,414068.7,20,8033968030.0
BMCI,13/04/2026,BMCI,BCI,604.5,586.0,604.5,586.0,202,119292.3,16,7781661596.0
BMCI,10/04/2026,BMCI,BCI,601.0,608.0,608.0,592.0,54,32169.1,7,8073805888.0
CASH PLUS S.A,03/06/2026,CASH PLUS S.A,CAP,276.0,280.0,280.0,275.0,816,226071.0,64,6874865200.0
CASH PLUS S.A,02/06/2026,CASH PLUS S.A,CAP,284.0,278.7,284.0,275.2,466,129083.5,49,6842946183.0
CASH PLUS S.A,01/06/2026,CASH PLUS S.A,CAP,279.9,285.0,285.0,276.0,3677,1036380.7,93,6997630650.0
CASH PLUS S.A,26/05/2026,CASH PLUS S.A,CAP,273.0,280.0,280.0,273.0,3314,927444.1,44,6874865200.0
CASH PLUS S.A,25/05/2026,CASH PLUS S.A,CAP,270.0,280.0,280.0,270.0,3981,1102867.8,103,6874865200.0
CASH PLUS S.A,22/05/2026,CASH PLUS S.A,CAP,270.95,268.0,270.95,262.5,3532,944324.5,60,6580228120.0
CASH PLUS S.A,21/05/2026,CASH PLUS S.A,CAP,272.0,261.0,272.0,261.0,3393,888511.85,83,6408356490.0
CASH PLUS S.A,20/05/2026,CASH PLUS S.A,CAP,269.95,266.8,269.95,260.05,2246,594396.5,84,6550764412.0
CASH PLUS S.A,19/05/2026,CASH PLUS S.A,CAP,270.0,265.05,270.9,260.0,7414,1966439.3,110,6507796504.5
CASH PLUS S.A,18/05/2026,CASH PLUS S.A,CAP,270.2,268.1,275.0,268.1,735,198290.7,70,6582683429.0
CASH PLUS S.A,15/05/2026,CASH PLUS S.A,CAP,269.05,277.0,279.9,269.05,1310,361135.0,37,6801205930.0
CASH PLUS S.A,14/05/2026,CASH PLUS S.A,CAP,270.1,284.0,284.0,269.0,1874,520184.85,101,6973077560.0
CASH PLUS S.A,13/05/2026,CASH PLUS S.A,CAP,275.0,270.0,280.0,268.0,3997,1083056.8,172,6629334300.0
CASH PLUS S.A,12/05/2026,CASH PLUS S.A,CAP,278.1,277.0,284.0,277.0,1791,498174.8,92,6801205930.0
CASH PLUS S.A,11/05/2026,CASH PLUS S.A,CAP,282.05,281.0,283.0,280.0,1191,335129.05,87,6899418290.0
CASH PLUS S.A,08/05/2026,CASH PLUS S.A,CAP,283.0,283.0,289.0,281.25,2237,634233.15,108,6948524470.0
CASH PLUS S.A,07/05/2026,CASH PLUS S.A,CAP,290.0,283.2,290.0,283.2,5062,1443408.65,102,6953435088.0
CASH PLUS S.A,06/05/2026,CASH PLUS S.A,CAP,285.3,290.0,298.7,285.3,3521,1024316.6,134,7120396100.0
CASH PLUS S.A,05/05/2026,CASH PLUS S.A,CAP,285.0,290.0,290.0,284.1,1116,320325.1,61,7120396100.0
CASH PLUS S.A,04/05/2026,CASH PLUS S.A,CAP,283.75,290.0,290.0,283.75,866,249085.9,52,7120396100.0
CASH PLUS S.A,30/04/2026,CASH PLUS S.A,CAP,285.1,290.0,290.0,280.0,1733,493143.7,73,7120396100.0
CASH PLUS S.A,29/04/2026,CASH PLUS S.A,CAP,285.1,290.0,290.0,285.1,1358,392677.95,36,7120396100.0
CASH PLUS S.A,28/04/2026,CASH PLUS S.A,CAP,286.2,290.0,290.0,285.0,1551,447242.7,60,7120396100.0
CASH PLUS S.A,27/04/2026,CASH PLUS S.A,CAP,285.2,286.0,290.0,285.0,1001,285994.85,55,7022183740.0
CASH PLUS S.A,24/04/2026,CASH PLUS S.A,CAP,286.0,288.0,290.0,286.0,3588,1037391.2,70,7071289920.0
CASH PLUS S.A,23/04/2026,CASH PLUS S.A,CAP,290.1,291.0,291.5,285.1,3678,1062208.15,124,7144949190.0
CASH PLUS S.A,22/04/2026,CASH PLUS S.A,CAP,291.05,290.0,300.0,290.0,27016,8062001.05,229,7120396100.0
CASH PLUS S.A,21/04/2026,CASH PLUS S.A,CAP,288.1,296.7,296.9,288.1,4245,1245980.55,123,7284901803.0
CASH PLUS S.A,20/04/2026,CASH PLUS S.A,CAP,288.5,295.0,295.0,284.0,3459,1010679.8,101,7243161550.0
CASH PLUS S.A,17/04/2026,CASH PLUS S.A,CAP,290.0,300.0,300.0,285.1,20528,6120248.75,244,7365927000.0
CASH PLUS S.A,16/04/2026,CASH PLUS S.A,CAP,293.0,292.0,293.0,289.0,2309,673470.5,77,7169502280.0
CASH PLUS S.A,15/04/2026,CASH PLUS S.A,CAP,293.0,293.0,298.8,290.0,1922,563593.05,99,7194055370.0
CASH PLUS S.A,14/04/2026,CASH PLUS S.A,CAP,296.2,292.0,301.0,292.0,16369,4890097.5,178,7169502280.0
CASH PLUS S.A,13/04/2026,CASH PLUS S.A,CAP,291.0,300.0,300.0,282.4,24377,7264539.35,316,7365927000.0
CASH PLUS S.A,10/04/2026,CASH PLUS S.A,CAP,287.0,300.0,300.0,281.05,8946,2622108.3,219,7365927000.0
CARTIER SAADA,03/06/2026,CARTIER SAADA,CRS,28.5,28.5,28.5,28.0,618,17568.5,14,150052500.0
CARTIER SAADA,02/06/2026,CARTIER SAADA,CRS,29.0,28.5,29.05,28.11,3069,88325.67,40,150052500.0
CARTIER SAADA,01/06/2026,CARTIER SAADA,CRS,29.03,29.0,29.45,28.92,14968,434390.97,98,152685000.0
CARTIER SAADA,26/05/2026,CARTIER SAADA,CRS,30.6,30.94,30.94,29.7,5526,165779.3,14,162899100.0
CARTIER SAADA,25/05/2026,CARTIER SAADA,CRS,31.4,30.2,31.4,30.2,151,4705.4,9,159003000.0
CARTIER SAADA,22/05/2026,CARTIER SAADA,CRS,31.35,30.5,31.35,30.5,92,2809.4,4,160582500.0
CARTIER SAADA,21/05/2026,CARTIER SAADA,CRS,31.0,31.0,31.0,30.1,54,1669.5,9,163215000.0
CARTIER SAADA,20/05/2026,CARTIER SAADA,CRS,29.8,29.6,29.8,29.6,169,5011.4,8,155844000.0
CARTIER SAADA,19/05/2026,CARTIER SAADA,CRS,29.4,29.9,30.0,29.4,509,15103.48,8,157423500.0
CARTIER SAADA,18/05/2026,CARTIER SAADA,CRS,31.69,30.0,31.69,30.0,624,18756.93,16,157950000.0
CARTIER SAADA,15/05/2026,CARTIER SAADA,CRS,30.22,30.27,30.5,30.2,581,17579.89,10,159371550.0
CARTIER SAADA,14/05/2026,CARTIER SAADA,CRS,31.5,30.21,31.5,30.2,646,19820.02,9,159055650.0
CARTIER SAADA,13/05/2026,CARTIER SAADA,CRS,31.5,30.2,31.5,30.2,103,3164.2,12,159003000.0
CARTIER SAADA,12/05/2026,CARTIER SAADA,CRS,30.5,31.39,31.39,30.0,2395,72920.68,31,165268350.0
CARTIER SAADA,11/05/2026,CARTIER SAADA,CRS,30.71,30.51,31.0,30.51,2776,85003.05,31,160635150.0
CARTIER SAADA,08/05/2026,CARTIER SAADA,CRS,31.79,31.4,31.79,31.4,600,19051.91,11,165321000.0
CARTIER SAADA,07/05/2026,CARTIER SAADA,CRS,31.02,30.86,31.98,30.85,6711,207605.02,32,162477900.0
CARTIER SAADA,06/05/2026,CARTIER SAADA,CRS,31.0,31.02,31.5,31.0,474,14701.62,7,163320300.0
CARTIER SAADA,05/05/2026,CARTIER SAADA,CRS,32.0,30.7,32.0,30.7,2011,62585.95,9,161635500.0
CARTIER SAADA,04/05/2026,CARTIER SAADA,CRS,31.23,31.3,31.3,31.23,211,6596.53,11,164794500.0
CARTIER SAADA,30/04/2026,CARTIER SAADA,CRS,31.1,32.0,32.01,31.1,513,15971.91,7,168480000.0
CARTIER SAADA,29/04/2026,CARTIER SAADA,CRS,33.99,31.1,33.99,31.1,29462,1000588.25,36,163741500.0
CARTIER SAADA,28/04/2026,CARTIER SAADA,CRS,30.95,31.0,31.0,30.85,142,4391.25,7,163215000.0
CARTIER SAADA,27/04/2026,CARTIER SAADA,CRS,31.0,30.85,31.0,30.85,1052,32461.85,10,162425250.0
CARTIER SAADA,24/04/2026,CARTIER SAADA,CRS,30.96,30.85,31.25,30.85,3192,98752.18,14,162425250.0
CARTIER SAADA,23/04/2026,CARTIER SAADA,CRS,31.43,31.0,31.45,30.88,652,20241.31,14,163215000.0
CARTIER SAADA,22/04/2026,CARTIER SAADA,CRS,31.05,31.0,31.5,30.6,4620,144285.7,27,163215000.0
CARTIER SAADA,21/04/2026,CARTIER SAADA,CRS,31.73,31.7,31.73,31.0,31,978.28,9,166900500.0
CARTIER SAADA,20/04/2026,CARTIER SAADA,CRS,31.7,30.78,31.7,30.78,859,26798.11,27,162056700.0
CARTIER SAADA,17/04/2026,CARTIER SAADA,CRS,30.5,31.47,31.5,30.5,1848,57916.46,17,165689550.0
CARTIER SAADA,16/04/2026,CARTIER SAADA,CRS,32.0,31.0,32.0,30.5,4987,153546.89,33,163215000.0
CARTIER SAADA,15/04/2026,CARTIER SAADA,CRS,31.0,31.3,32.0,31.0,3726,118412.74,30,164794500.0
CARTIER SAADA,14/04/2026,CARTIER SAADA,CRS,29.8,31.0,31.0,29.18,3397,102145.06,14,163215000.0
CARTIER SAADA,13/04/2026,CARTIER SAADA,CRS,30.33,30.0,30.33,29.2,622,18570.64,18,157950000.0
CARTIER SAADA,10/04/2026,CARTIER SAADA,CRS,31.64,30.33,31.64,30.31,1186,36917.32,32,159687450.0
CDM,03/06/2026,CDM,CDM,1020.0,1040.0,1040.0,1019.0,1982,2028977.0,42,11316462560.0
CDM,02/06/2026,CDM,CDM,1010.0,1000.0,1019.0,997.0,9121,9127397.0,96,10881214000.0
CDM,01/06/2026,CDM,CDM,1020.0,1009.0,1020.0,1009.0,5077,5133470.0,32,10979144926.0
CDM,26/05/2026,CDM,CDM,1019.0,1017.0,1022.0,1017.0,1532,1558342.0,14,11066194638.0
CDM,25/05/2026,CDM,CDM,1010.0,1015.0,1030.0,1010.0,201,205877.0,20,11044432210.0
CDM,22/05/2026,CDM,CDM,1008.0,1015.0,1018.0,1008.0,480,485991.0,15,11044432210.0
CDM,21/05/2026,CDM,CDM,1019.0,1019.0,1019.0,1008.0,50,50466.0,3,11087957066.0
CDM,20/05/2026,CDM,CDM,1009.0,1010.0,1020.0,1008.0,1235,1247157.0,11,10990026140.0
CDM,19/05/2026,CDM,CDM,1008.0,1009.0,1025.0,1008.0,5111,5162639.0,10,10979144926.0
CDM,18/05/2026,CDM,CDM,1027.0,1005.0,1027.0,1002.0,689,691232.0,16,10935620070.0
CDM,15/05/2026,CDM,CDM,1030.0,1002.0,1030.0,1002.0,233,234360.0,22,10902976428.0
CDM,14/05/2026,CDM,CDM,1035.0,1029.0,1035.0,1010.0,261,268989.0,10,11196769206.0
CDM,13/05/2026,CDM,CDM,1035.0,1001.0,1035.0,1001.0,306,309471.0,25,10892095214.0
CDM,12/05/2026,CDM,CDM,1012.0,1010.0,1035.0,1005.0,6748,6816031.0,33,10990026140.0
CDM,11/05/2026,CDM,CDM,1031.0,1015.0,1039.0,1015.0,8200,8326786.0,32,11044432210.0
CDM,08/05/2026,CDM,CDM,1034.0,1016.0,1034.0,1016.0,3109,3170882.0,15,11055313424.0
CDM,07/05/2026,CDM,CDM,1014.0,1030.0,1035.0,1010.0,575,591124.0,8,11207650420.0
CDM,06/05/2026,CDM,CDM,1029.0,1021.0,1030.0,1002.0,1588,1620205.0,11,11109719494.0
CDM,05/05/2026,CDM,CDM,1001.0,1032.0,1032.0,1001.0,468,480493.0,15,11229412848.0
CDM,04/05/2026,CDM,CDM,1005.0,1010.0,1035.0,1005.0,1505,1529015.0,18,10990026140.0
CDM,30/04/2026,CDM,CDM,1045.0,996.0,1045.0,996.0,2167,2190153.0,70,10837689144.0
CDM,29/04/2026,CDM,CDM,1007.0,1000.0,1007.0,1000.0,18414,18469843.0,63,10881214000.0
CDM,28/04/2026,CDM,CDM,1030.0,1005.0,1030.0,1005.0,1646,1654487.0,17,10935620070.0
CDM,27/04/2026,CDM,CDM,1007.0,1030.0,1030.0,1007.0,501,504530.0,2,11207650420.0
CDM,24/04/2026,CDM,CDM,1023.0,1000.0,1024.0,1000.0,5298,5310813.0,26,10881214000.0
CDM,23/04/2026,CDM,CDM,1027.0,1025.0,1028.0,1023.0,1298,1330514.0,19,11153244350.0
CDM,22/04/2026,CDM,CDM,1025.0,1027.0,1039.0,1025.0,3767,3868992.0,16,11175006778.0
CDM,21/04/2026,CDM,CDM,1022.0,1027.0,1027.0,1022.0,7269,7464903.0,22,11175006778.0
CDM,20/04/2026,CDM,CDM,1041.0,1030.0,1041.0,1025.0,274,282741.0,13,11207650420.0
CDM,17/04/2026,CDM,CDM,1031.0,1046.0,1046.0,1022.0,13378,13750993.0,38,11381749844.0
CDM,16/04/2026,CDM,CDM,1034.0,1022.0,1034.0,1022.0,1134,1164007.0,7,11120600708.0
CDM,15/04/2026,CDM,CDM,1026.0,1030.0,1039.0,1026.0,13780,14159805.0,21,11207650420.0
CDM,14/04/2026,CDM,CDM,1030.0,1022.0,1035.0,1020.0,10499,10712392.0,22,11120600708.0
CDM,13/04/2026,CDM,CDM,1029.0,1023.0,1030.0,1012.0,1921,1972300.0,22,11131481922.0
CDM,10/04/2026,CDM,CDM,1040.0,1031.0,1040.0,1030.0,3301,3413398.0,13,11218531634.0
CFG BANK,03/06/2026,CFG BANK,CFG,207.7,202.05,207.7,202.05,61333,12400114.75,74,7073358318.0
CFG BANK,02/06/2026,CFG BANK,CFG,209.9,205.0,209.9,203.6,6268,1288559.9,42,7176631800.0
CFG BANK,01/06/2026,CFG BANK,CFG,208.0,205.0,210.0,204.6,4385,900919.65,62,7176631800.0
CFG BANK,26/05/2026,CFG BANK,CFG,209.95,205.0,210.0,205.0,10126,2077881.6,30,7176631800.0
CFG BANK,25/05/2026,CFG BANK,CFG,211.5,208.0,211.5,207.2,1886,392546.0,28,7281655680.0
CFG BANK,22/05/2026,CFG BANK,CFG,206.8,205.0,206.8,203.5,5517,1130960.5,12,7176631800.0
CFG BANK,21/05/2026,CFG BANK,CFG,204.5,205.0,206.8,203.0,1099,225429.8,22,7176631800.0
CFG BANK,20/05/2026,CFG BANK,CFG,204.0,205.0,206.8,202.0,29689,6065116.75,70,7176631800.0
CFG BANK,19/05/2026,CFG BANK,CFG,205.0,203.2,206.8,203.05,37608,7670199.05,45,7113617472.0
CFG BANK,18/05/2026,CFG BANK,CFG,207.0,203.0,210.0,203.0,5461,1113370.4,58,7106615880.0
CFG BANK,15/05/2026,CFG BANK,CFG,205.1,205.0,211.5,205.0,28649,5874975.1,54,7176631800.0
CFG BANK,14/05/2026,CFG BANK,CFG,207.0,205.0,212.0,205.0,25258,5180278.5,91,7176631800.0
CFG BANK,13/05/2026,CFG BANK,CFG,205.9,206.5,212.2,205.9,20874,4315387.2,66,7229143740.0
CFG BANK,12/05/2026,CFG BANK,CFG,207.25,207.0,213.0,207.0,8437,1754437.75,42,7246647720.0
CFG BANK,11/05/2026,CFG BANK,CFG,210.0,207.55,214.0,207.1,2444,509514.45,50,7265902098.0
CFG BANK,08/05/2026,CFG BANK,CFG,212.5,210.0,212.5,210.0,1368,289552.05,31,7351671600.0
CFG BANK,07/05/2026,CFG BANK,CFG,210.0,212.9,214.3,204.2,3190,661937.8,88,7453194684.0
CFG BANK,06/05/2026,CFG BANK,CFG,215.8,210.0,215.8,209.1,10689,2278285.65,97,7351671600.0
CFG BANK,05/05/2026,CFG BANK,CFG,210.0,210.0,214.9,210.0,7148,1501564.8,44,7351671600.0
CFG BANK,04/05/2026,CFG BANK,CFG,210.0,215.0,218.0,210.0,35832,7703432.0,38,7526711400.0
CFG BANK,30/04/2026,CFG BANK,CFG,214.7,210.0,214.7,209.0,4390,929403.7,43,7351671600.0
CFG BANK,29/04/2026,CFG BANK,CFG,213.3,210.0,216.9,210.0,3818,807121.9,42,7351671600.0
CFG BANK,28/04/2026,CFG BANK,CFG,218.0,213.3,218.0,213.3,346,74037.5,17,7467197868.0
CFG BANK,27/04/2026,CFG BANK,CFG,218.0,215.0,218.0,213.0,51237,11014262.8,44,7526711400.0
CFG BANK,24/04/2026,CFG BANK,CFG,215.5,219.0,219.0,213.0,9749,2131893.6,44,7666743240.0
CFG BANK,23/04/2026,CFG BANK,CFG,218.1,217.95,218.1,215.5,540,117277.1,24,7629984882.0
CFG BANK,22/04/2026,CFG BANK,CFG,218.0,217.45,218.0,215.0,115,24912.95,10,7612480902.0
CFG BANK,21/04/2026,CFG BANK,CFG,212.0,217.7,219.9,212.0,3357,722851.05,50,7621232892.0
CFG BANK,20/04/2026,CFG BANK,CFG,212.1,212.2,216.9,211.0,22324,4739727.15,44,7428689112.0
CFG BANK,17/04/2026,CFG BANK,CFG,214.9,219.0,222.0,212.0,51505,11039757.25,110,7666743240.0
CFG BANK,16/04/2026,CFG BANK,CFG,215.9,212.5,217.0,212.5,41626,8945395.9,41,7439191500.0
CFG BANK,15/04/2026,CFG BANK,CFG,212.4,212.0,217.0,210.5,23187,4980255.9,61,7421687520.0
CFG BANK,14/04/2026,CFG BANK,CFG,211.95,212.0,212.4,208.0,4591,972972.45,51,7421687520.0
CFG BANK,13/04/2026,CFG BANK,CFG,208.0,208.0,208.0,205.0,2212,459360.5,36,7281655680.0
CFG BANK,10/04/2026,CFG BANK,CFG,211.95,208.0,211.95,207.0,77387,16098008.0,51,7281655680.0
CIH,03/06/2026,CIH,CIH,348.0,353.0,358.7,348.0,281,99428.65,22,12568785272.0
CIH,02/06/2026,CIH,CIH,352.0,343.0,354.9,343.0,7661,2644812.05,93,12212729032.0
CIH,01/06/2026,CIH,CIH,350.2,349.9,360.0,349.9,23587,8292773.35,123,12458407837.6
CIH,26/05/2026,CIH,CIH,362.0,355.2,362.0,355.0,4781,1704556.4,34,12647117644.8
CIH,25/05/2026,CIH,CIH,359.8,361.0,362.0,355.0,722,259663.8,19,12853630264.0
CIH,22/05/2026,CIH,CIH,359.85,355.0,359.85,355.0,1544,549339.55,54,12639996520.0
CIH,21/05/2026,CIH,CIH,359.95,359.85,359.95,359.85,36,12956.2,6,12812683796.4
CIH,20/05/2026,CIH,CIH,360.0,350.1,360.0,350.1,3308,1161401.15,35,12465528962.4
CIH,19/05/2026,CIH,CIH,359.0,360.0,360.0,359.0,352,126670.0,7,12818024640.0
CIH,18/05/2026,CIH,CIH,360.0,360.0,360.0,351.0,326,116260.0,23,12818024640.0
CIH,15/05/2026,CIH,CIH,360.0,359.4,360.0,351.0,1736,613755.25,53,12796661265.6
CIH,14/05/2026,CIH,CIH,360.0,358.2,368.7,355.05,19263,6969833.7,29,12753934516.8
CIH,13/05/2026,CIH,CIH,367.0,360.0,371.0,360.0,2565,937290.6,53,12818024640.0
CIH,12/05/2026,CIH,CIH,369.0,363.0,369.0,363.0,10490,3807950.0,25,12924841512.0
CIH,11/05/2026,CIH,CIH,370.0,365.0,370.0,363.5,13305,4851337.85,29,12996052760.0
CIH,08/05/2026,CIH,CIH,369.7,365.05,370.5,365.05,4493,1643284.2,30,12997833041.2
CIH,07/05/2026,CIH,CIH,366.0,365.0,370.0,365.0,2109,771664.4,52,12996052760.0
CIH,06/05/2026,CIH,CIH,358.3,365.0,370.0,358.3,1843,676264.4,41,12996052760.0
CIH,05/05/2026,CIH,CIH,360.0,356.1,363.0,353.1,12095,4307297.45,30,12679162706.4
CIH,04/05/2026,CIH,CIH,360.1,351.5,365.0,351.5,5803,2060170.5,63,12515376836.0
CIH,30/04/2026,CIH,CIH,364.0,360.0,365.0,360.0,4210,1516389.0,30,12818024640.0
CIH,29/04/2026,CIH,CIH,368.75,365.0,368.9,362.0,285,104458.2,19,12996052760.0
CIH,28/04/2026,CIH,CIH,373.0,360.0,373.0,360.0,5359,1932803.0,32,12818024640.0
CIH,27/04/2026,CIH,CIH,368.0,365.0,372.7,365.0,4871,1782276.6,43,12996052760.0
CIH,24/04/2026,CIH,CIH,377.9,351.0,377.9,351.0,28991,10248975.35,109,12497574024.0
CIH,23/04/2026,CIH,CIH,370.5,370.0,375.0,370.0,3099,1147522.5,24,13174080880.0
CIH,22/04/2026,CIH,CIH,370.0,370.0,380.0,370.0,5715,2136293.0,43,13174080880.0
CIH,21/04/2026,CIH,CIH,375.0,375.0,380.0,375.0,8115,3044156.0,17,13352109000.0
CIH,20/04/2026,CIH,CIH,377.0,371.0,377.0,370.0,4957,1840923.0,32,13209686504.0
CIH,17/04/2026,CIH,CIH,377.0,380.0,395.0,371.0,27815,10764501.25,66,13530137120.0
CIH,16/04/2026,CIH,CIH,375.0,374.0,375.0,370.9,11639,4331671.1,20,13316503376.0
CIH,15/04/2026,CIH,CIH,378.9,370.8,379.9,370.8,7081,2684399.0,23,13202565379.2
CIH,14/04/2026,CIH,CIH,365.65,373.0,373.0,365.65,21723,8064766.85,55,13280897752.0
CIH,13/04/2026,CIH,CIH,379.5,367.2,379.5,361.2,790,290348.15,31,13074385132.8
CIH,10/04/2026,CIH,CIH,370.0,380.0,380.0,370.0,28201,10650690.0,51,13530137120.0
CIMENTS DU MAROC,03/06/2026,CIMENTS DU MAROC,CMA,1650.0,1613.0,1650.0,1613.0,144,233399.0,30,23285274452.0
CIMENTS DU MAROC,02/06/2026,CIMENTS DU MAROC,CMA,1650.0,1630.0,1650.0,1630.0,646,1054085.0,39,23530686520.0
CIMENTS DU MAROC,01/06/2026,CIMENTS DU MAROC,CMA,1695.0,1650.0,1695.0,1650.0,2745,4548610.0,37,23819406600.0
CIMENTS DU MAROC,26/05/2026,CIMENTS DU MAROC,CMA,1694.0,1650.0,1700.0,1650.0,1285,2130399.0,43,23819406600.0
CIMENTS DU MAROC,25/05/2026,CIMENTS DU MAROC,CMA,1694.0,1671.0,1699.0,1645.0,168154,276895609.0,48,24122562684.0
CIMENTS DU MAROC,22/05/2026,CIMENTS DU MAROC,CMA,1600.0,1600.0,1660.0,1596.0,3568,5701016.0,33,23097606400.0
CIMENTS DU MAROC,21/05/2026,CIMENTS DU MAROC,CMA,1630.0,1591.0,1659.0,1591.0,246,394655.0,23,22967682364.0
CIMENTS DU MAROC,20/05/2026,CIMENTS DU MAROC,CMA,1680.0,1581.0,1680.0,1581.0,1338,2117405.0,70,22823322324.0
CIMENTS DU MAROC,19/05/2026,CIMENTS DU MAROC,CMA,1690.0,1600.0,1699.0,1600.0,6216,10173883.0,132,23097606400.0
CIMENTS DU MAROC,18/05/2026,CIMENTS DU MAROC,CMA,1699.0,1650.0,1699.0,1650.0,1030,1719114.0,38,23819406600.0
CIMENTS DU MAROC,15/05/2026,CIMENTS DU MAROC,CMA,1685.0,1656.0,1699.0,1656.0,493,821005.0,47,23906022624.0
CIMENTS DU MAROC,14/05/2026,CIMENTS DU MAROC,CMA,1680.0,1680.0,1699.0,1673.0,143,240213.0,14,24252486720.0
CIMENTS DU MAROC,13/05/2026,CIMENTS DU MAROC,CMA,1700.0,1685.0,1700.0,1685.0,162,274960.0,19,24324666740.0
CIMENTS DU MAROC,12/05/2026,CIMENTS DU MAROC,CMA,1720.0,1690.0,1720.0,1690.0,341,583685.0,24,24396846760.0
CIMENTS DU MAROC,11/05/2026,CIMENTS DU MAROC,CMA,1700.0,1700.0,1720.0,1700.0,568,968100.0,28,24541206800.0
CIMENTS DU MAROC,08/05/2026,CIMENTS DU MAROC,CMA,1700.0,1700.0,1700.0,1695.0,149,253246.0,15,24541206800.0
CIMENTS DU MAROC,07/05/2026,CIMENTS DU MAROC,CMA,1700.0,1695.0,1702.0,1695.0,2726,4633421.0,50,24469026780.0
CIMENTS DU MAROC,06/05/2026,CIMENTS DU MAROC,CMA,1710.0,1698.0,1725.0,1698.0,1825,3100893.0,47,24512334792.0
CIMENTS DU MAROC,05/05/2026,CIMENTS DU MAROC,CMA,1690.0,1700.0,1700.0,1666.0,1242,2080903.0,37,24541206800.0
CIMENTS DU MAROC,04/05/2026,CIMENTS DU MAROC,CMA,1730.0,1680.0,1730.0,1680.0,1589,2671277.0,34,24252486720.0
CIMENTS DU MAROC,30/04/2026,CIMENTS DU MAROC,CMA,1680.0,1672.0,1700.0,1670.0,283,473592.0,36,24136998688.0
CIMENTS DU MAROC,29/04/2026,CIMENTS DU MAROC,CMA,1697.0,1700.0,1700.0,1676.0,847,1431974.0,52,24541206800.0
CIMENTS DU MAROC,28/04/2026,CIMENTS DU MAROC,CMA,1723.0,1696.0,1723.0,1696.0,106,180289.0,19,24483462784.0
CIMENTS DU MAROC,27/04/2026,CIMENTS DU MAROC,CMA,1705.0,1700.0,1710.0,1700.0,1551,2643976.0,65,24541206800.0
CIMENTS DU MAROC,24/04/2026,CIMENTS DU MAROC,CMA,1725.0,1710.0,1730.0,1710.0,3452,5921922.0,37,24685566840.0
CIMENTS DU MAROC,23/04/2026,CIMENTS DU MAROC,CMA,1717.0,1722.0,1740.0,1717.0,3067,5281346.0,11,24858798888.0
CIMENTS DU MAROC,22/04/2026,CIMENTS DU MAROC,CMA,1712.0,1740.0,1740.0,1707.0,1970,3411331.0,55,25118646960.0
CIMENTS DU MAROC,21/04/2026,CIMENTS DU MAROC,CMA,1743.0,1712.0,1743.0,1710.0,1059,1812644.0,48,24714438848.0
CIMENTS DU MAROC,20/04/2026,CIMENTS DU MAROC,CMA,1740.0,1715.0,1745.0,1707.0,1614,2763035.0,50,24757746860.0
CIMENTS DU MAROC,17/04/2026,CIMENTS DU MAROC,CMA,1739.0,1749.0,1750.0,1705.0,40023,68521830.0,94,25248570996.0
CIMENTS DU MAROC,16/04/2026,CIMENTS DU MAROC,CMA,1740.0,1710.0,1740.0,1710.0,612,1047907.0,45,24685566840.0
CIMENTS DU MAROC,15/04/2026,CIMENTS DU MAROC,CMA,1735.0,1717.0,1744.0,1717.0,1437,2472526.0,26,24786618868.0
CIMENTS DU MAROC,14/04/2026,CIMENTS DU MAROC,CMA,1750.0,1710.0,1750.0,1710.0,8000,13682442.0,83,24685566840.0
CIMENTS DU MAROC,13/04/2026,CIMENTS DU MAROC,CMA,1747.0,1720.0,1758.0,1715.0,996,1715912.0,28,24829926880.0
CIMENTS DU MAROC,10/04/2026,CIMENTS DU MAROC,CMA,1770.0,1769.0,1770.0,1765.0,3241,5735949.0,16,25537291076.0
CMGP GROUP,03/06/2026,CMGP GROUP,CMG,352.3,356.5,356.7,348.1,2211,778464.75,88,6060820850.0
CMGP GROUP,02/06/2026,CMGP GROUP,CMG,363.9,357.9,363.9,352.05,1049,373484.6,53,6084622110.0
CMGP GROUP,01/06/2026,CMGP GROUP,CMG,358.1,359.9,365.0,356.3,7251,2607816.65,88,6118623910.0
CMGP GROUP,26/05/2026,CMGP GROUP,CMG,363.95,359.9,363.95,356.1,1817,653064.55,32,6118623910.0
CMGP GROUP,25/05/2026,CMGP GROUP,CMG,362.2,360.0,368.7,357.95,4175,1506710.0,75,6120324000.0
CMGP GROUP,22/05/2026,CMGP GROUP,CMG,362.9,357.95,362.9,355.0,3177,1137334.0,39,6085472155.0
CMGP GROUP,21/05/2026,CMGP GROUP,CMG,365.0,355.0,365.0,355.0,10173,3612397.1,56,6035319500.0
CMGP GROUP,20/05/2026,CMGP GROUP,CMG,359.15,365.0,366.0,359.15,2359,856652.4,45,6205328500.0
CMGP GROUP,19/05/2026,CMGP GROUP,CMG,356.0,366.0,368.4,356.0,3669,1326535.05,54,6222329400.0
CMGP GROUP,18/05/2026,CMGP GROUP,CMG,360.1,360.4,363.0,360.0,2531,912380.3,58,6127124360.0
CMGP GROUP,15/05/2026,CMGP GROUP,CMG,368.0,370.0,370.0,361.2,6154,2271504.7,66,6290333000.0
CMGP GROUP,14/05/2026,CMGP GROUP,CMG,360.0,374.0,374.0,360.0,2039,756165.4,47,6358336600.0
CMGP GROUP,13/05/2026,CMGP GROUP,CMG,360.0,378.8,378.8,350.0,5972,2197687.6,137,6439940920.0
CMGP GROUP,12/05/2026,CMGP GROUP,CMG,360.0,360.0,368.8,358.0,2684,966467.5,48,6120324000.0
CMGP GROUP,11/05/2026,CMGP GROUP,CMG,370.0,365.0,370.45,361.0,1948,706672.65,72,6205328500.0
CMGP GROUP,08/05/2026,CMGP GROUP,CMG,365.5,374.0,374.0,361.5,4195,1562828.25,74,6358336600.0
CMGP GROUP,07/05/2026,CMGP GROUP,CMG,372.0,370.0,372.0,362.0,3441,1264330.85,56,6290333000.0
CMGP GROUP,06/05/2026,CMGP GROUP,CMG,362.0,371.9,372.0,360.2,9004,3297595.75,107,6322634710.0
CMGP GROUP,05/05/2026,CMGP GROUP,CMG,354.0,361.65,361.65,354.0,2879,1035850.7,43,6148375485.0
CMGP GROUP,04/05/2026,CMGP GROUP,CMG,351.1,360.0,365.9,351.1,3440,1234880.7,55,6120324000.0
CMGP GROUP,30/04/2026,CMGP GROUP,CMG,360.0,350.0,360.0,342.0,6200,2172301.95,173,5950315000.0
CMGP GROUP,29/04/2026,CMGP GROUP,CMG,365.0,360.0,365.0,358.0,1626,585513.05,49,6120324000.0
CMGP GROUP,28/04/2026,CMGP GROUP,CMG,367.95,364.7,367.95,359.0,8503,3069291.1,52,6200228230.0
CMGP GROUP,27/04/2026,CMGP GROUP,CMG,367.0,360.0,368.9,360.0,3916,1413858.7,116,6120324000.0
CMGP GROUP,24/04/2026,CMGP GROUP,CMG,370.0,360.0,375.0,359.0,22277,8065455.45,336,6120324000.0
CMGP GROUP,23/04/2026,CMGP GROUP,CMG,380.0,375.0,380.0,372.0,9613,3621281.1,64,6375337500.0
CMGP GROUP,22/04/2026,CMGP GROUP,CMG,376.1,380.0,385.0,376.1,28807,10932422.15,67,6460342000.0
CMGP GROUP,21/04/2026,CMGP GROUP,CMG,379.0,380.05,389.0,378.95,19073,7249297.35,75,6461192045.0
CMGP GROUP,20/04/2026,CMGP GROUP,CMG,380.5,380.0,383.0,378.0,16037,6093852.4,77,6460342000.0
CMGP GROUP,17/04/2026,CMGP GROUP,CMG,382.0,392.0,393.45,375.5,46723,18217122.2,155,6664352800.0
CMGP GROUP,16/04/2026,CMGP GROUP,CMG,380.0,381.9,384.0,374.05,3114,1185670.7,59,6492643710.0
CMGP GROUP,15/04/2026,CMGP GROUP,CMG,380.0,380.0,390.6,379.0,45044,17168429.8,203,6460342000.0
CMGP GROUP,14/04/2026,CMGP GROUP,CMG,371.1,380.0,381.5,371.1,8668,3289222.6,92,6460342000.0
CMGP GROUP,13/04/2026,CMGP GROUP,CMG,376.2,376.0,378.0,368.0,8298,3107193.3,88,6392338400.0
CMGP GROUP,10/04/2026,CMGP GROUP,CMG,373.7,385.0,385.0,373.7,11379,4366092.1,108,6545346500.0
COLORADO,03/06/2026,COLORADO,COL,80.0,80.0,80.0,79.6,794,63425.52,30,1289408880.0
COLORADO,02/06/2026,COLORADO,COL,81.0,81.0,81.79,79.0,61,4935.21,16,1305526491.0
COLORADO,01/06/2026,COLORADO,COL,80.7,81.5,81.5,78.1,1153,92802.91,37,1313585296.5
COLORADO,26/05/2026,COLORADO,COL,79.0,80.7,80.9,79.0,667,52715.6,17,1300691207.7
COLORADO,25/05/2026,COLORADO,COL,80.38,81.5,81.9,80.38,476,38719.51,15,1313585296.5
COLORADO,22/05/2026,COLORADO,COL,78.51,80.0,80.5,78.51,124,9906.21,13,1289408880.0
COLORADO,21/05/2026,COLORADO,COL,81.3,80.7,81.39,78.95,733,58447.42,23,1300691207.7
COLORADO,20/05/2026,COLORADO,COL,80.0,79.8,80.0,79.0,686,54410.61,21,1286185357.8
COLORADO,19/05/2026,COLORADO,COL,80.0,80.0,80.99,80.0,4347,349807.49,17,1289408880.0
COLORADO,18/05/2026,COLORADO,COL,81.0,80.5,81.4,80.0,2446,196103.9,21,1297467685.5
COLORADO,15/05/2026,COLORADO,COL,80.01,80.9,80.9,80.01,1335,107501.95,16,1303914729.9
COLORADO,14/05/2026,COLORADO,COL,80.0,80.89,80.89,80.0,372,29761.19,17,1303753553.79
COLORADO,13/05/2026,COLORADO,COL,80.14,80.0,81.9,80.0,1794,144100.9,37,1289408880.0
COLORADO,12/05/2026,COLORADO,COL,81.0,81.5,81.9,81.0,343,27839.75,10,1313585296.5
COLORADO,11/05/2026,COLORADO,COL,80.6,81.0,82.0,80.13,477,38469.92,18,1305526491.0
COLORADO,08/05/2026,COLORADO,COL,82.2,82.0,82.2,80.6,40,3278.0,7,1321644102.0
COLORADO,07/05/2026,COLORADO,COL,80.5,82.0,82.0,80.5,1327,108275.18,39,1321644102.0
COLORADO,06/05/2026,COLORADO,COL,80.99,81.9,81.99,80.0,839,67795.97,27,1320032340.9
COLORADO,05/05/2026,COLORADO,COL,80.02,81.0,81.0,80.02,311,24969.94,16,1305526491.0
COLORADO,04/05/2026,COLORADO,COL,82.4,81.0,82.4,80.01,422,34253.73,13,1305526491.0
COLORADO,30/04/2026,COLORADO,COL,80.02,80.9,80.9,80.0,914,73141.38,31,1303914729.9
COLORADO,29/04/2026,COLORADO,COL,81.65,80.2,81.65,80.2,1694,136379.09,35,1292632402.2
COLORADO,28/04/2026,COLORADO,COL,81.69,81.0,81.69,80.65,286,23141.56,11,1305526491.0
COLORADO,27/04/2026,COLORADO,COL,81.99,81.99,81.99,80.5,338,27491.72,16,1321482925.89
COLORADO,24/04/2026,COLORADO,COL,82.0,81.69,82.0,81.1,354,28855.09,11,1316647642.59
COLORADO,23/04/2026,COLORADO,COL,82.0,82.48,82.75,81.0,1831,150766.65,40,1329380555.28
COLORADO,22/04/2026,COLORADO,COL,80.0,81.75,81.75,80.0,2265,183875.96,44,1317614699.25
COLORADO,21/04/2026,COLORADO,COL,81.45,80.0,81.45,80.0,606,48821.55,30,1289408880.0
COLORADO,20/04/2026,COLORADO,COL,81.2,80.0,81.2,79.5,14001,1120393.27,111,1289408880.0
COLORADO,17/04/2026,COLORADO,COL,79.55,81.48,81.99,78.51,23855,1903980.1,224,1313262944.28
COLORADO,16/04/2026,COLORADO,COL,81.99,80.0,81.99,79.03,17040,1366357.94,189,1289408880.0
COLORADO,15/04/2026,COLORADO,COL,83.49,80.99,83.49,80.99,10686,876986.23,119,1305365314.89
COLORADO,14/04/2026,COLORADO,COL,83.54,82.99,83.54,81.21,1544,126686.73,17,1337600536.89
COLORADO,13/04/2026,COLORADO,COL,80.99,81.0,81.45,80.02,1160,93577.0,32,1305526491.0
COLORADO,10/04/2026,COLORADO,COL,81.49,81.0,82.0,81.0,8259,672529.42,52,1305526491.0
COSUMAR,03/06/2026,COSUMAR,CSR,181.95,183.95,183.95,180.0,987,180450.35,55,17380909954.85
COSUMAR,02/06/2026,COSUMAR,CSR,184.95,179.0,184.95,178.0,74456,13343182.85,267,16913198597.0
COSUMAR,01/06/2026,COSUMAR,CSR,187.95,184.0,187.95,184.0,11577,2136439.5,137,17385634312.0
COSUMAR,26/05/2026,COSUMAR,CSR,189.9,184.0,189.9,184.0,5077,943308.7,105,17385634312.0
COSUMAR,25/05/2026,COSUMAR,CSR,185.0,184.2,187.5,184.0,48434,8919601.5,116,17404531740.6
COSUMAR,22/05/2026,COSUMAR,CSR,183.0,180.0,183.85,180.0,21425,3858216.25,141,17007685740.0
COSUMAR,21/05/2026,COSUMAR,CSR,182.0,180.0,184.95,178.0,23010,4114288.8,167,17007685740.0
COSUMAR,20/05/2026,COSUMAR,CSR,183.7,179.0,183.8,179.0,26474,4747784.8,216,16913198597.0
COSUMAR,19/05/2026,COSUMAR,CSR,184.8,180.0,185.0,179.05,35270,6381379.0,363,17007685740.0
COSUMAR,18/05/2026,COSUMAR,CSR,183.0,183.0,185.0,182.2,3704,678491.65,116,17291147169.0
COSUMAR,15/05/2026,COSUMAR,CSR,184.95,183.0,184.95,182.7,15010,2751493.5,185,17291147169.0
COSUMAR,14/05/2026,COSUMAR,CSR,185.95,183.55,186.1,183.55,6154,1134750.5,154,17343115097.65
COSUMAR,13/05/2026,COSUMAR,CSR,188.4,184.1,188.4,184.1,11525,2130263.75,214,17395083026.3
COSUMAR,12/05/2026,COSUMAR,CSR,186.2,185.0,188.8,185.0,9928,1840483.35,190,17480121455.0
COSUMAR,11/05/2026,COSUMAR,CSR,188.95,185.15,189.1,185.15,12864,2390147.35,176,17494294526.45
COSUMAR,08/05/2026,COSUMAR,CSR,186.1,189.0,189.4,186.1,8748,1646695.0,113,17858070027.0
COSUMAR,07/05/2026,COSUMAR,CSR,191.0,185.0,191.6,185.0,35011,6499447.55,423,17480121455.0
COSUMAR,06/05/2026,COSUMAR,CSR,188.0,187.0,191.6,185.0,14984,2813078.4,234,17669095741.0
COSUMAR,05/05/2026,COSUMAR,CSR,193.95,185.0,193.95,185.0,27165,5034746.95,298,17480121455.0
COSUMAR,04/05/2026,COSUMAR,CSR,189.0,189.0,193.45,189.0,18630,3529184.2,105,17858070027.0
COSUMAR,30/04/2026,COSUMAR,CSR,185.8,188.0,191.0,185.8,12629,2365943.2,238,17763582884.0
COSUMAR,29/04/2026,COSUMAR,CSR,189.0,189.1,193.1,189.0,7460,1415038.3,102,17867518741.3
COSUMAR,28/04/2026,COSUMAR,CSR,193.85,189.0,193.85,189.0,7402,1410051.95,157,17858070027.0
COSUMAR,27/04/2026,COSUMAR,CSR,193.95,190.0,193.95,190.0,7598,1452906.85,77,17952557170.0
COSUMAR,24/04/2026,COSUMAR,CSR,194.5,188.0,196.0,188.0,77405,14639232.3,348,17763582884.0
COSUMAR,23/04/2026,COSUMAR,CSR,193.9,193.95,194.3,193.0,1351,261586.25,45,18325781384.85
COSUMAR,22/04/2026,COSUMAR,CSR,193.1,194.0,195.0,193.0,856,165429.65,54,18330505742.0
COSUMAR,21/04/2026,COSUMAR,CSR,193.0,194.0,196.0,193.0,7385,1434379.85,75,18330505742.0
COSUMAR,20/04/2026,COSUMAR,CSR,192.0,191.9,192.0,190.5,18294,3510237.3,115,18132082741.7
COSUMAR,17/04/2026,COSUMAR,CSR,190.0,195.0,199.9,189.9,124868,23814173.15,264,18424992885.0
COSUMAR,16/04/2026,COSUMAR,CSR,192.1,189.9,192.95,189.65,13909,2646138.15,165,17943108455.7
COSUMAR,15/04/2026,COSUMAR,CSR,193.0,190.0,193.95,190.0,28232,5367979.25,244,17952557170.0
COSUMAR,14/04/2026,COSUMAR,CSR,193.0,191.3,194.9,191.15,21408,4108118.75,136,18075390455.9
COSUMAR,13/04/2026,COSUMAR,CSR,192.95,192.0,192.95,192.0,3841,738284.05,104,18141531456.0
COSUMAR,10/04/2026,COSUMAR,CSR,194.0,193.0,195.0,193.0,54629,10549212.8,134,18236018599.0
CTM,03/06/2026,CTM,CTM,886.0,880.0,886.0,831.0,18,15694.0,7,1078860640.0
CTM,02/06/2026,CTM,CTM,898.0,896.0,898.0,860.0,12,10697.0,7,1098476288.0
CTM,01/06/2026,CTM,CTM,-,900.0,-,-,-,-,-,1103380200.0
CTM,26/05/2026,CTM,CTM,887.0,900.0,900.0,887.0,48,42672.3,10,1103380200.0
CTM,25/05/2026,CTM,CTM,840.0,886.0,886.0,840.0,17,14418.0,5,1086216508.0
CTM,22/05/2026,CTM,CTM,880.0,886.0,887.0,865.0,85,74516.6,16,1086216508.0
CTM,21/05/2026,CTM,CTM,835.0,887.9,889.6,835.0,11,9404.1,8,1088545866.2
CTM,20/05/2026,CTM,CTM,-,895.9,-,-,-,-,-,1098353690.2
CTM,19/05/2026,CTM,CTM,-,895.9,-,-,-,-,-,1098353690.2
CTM,18/05/2026,CTM,CTM,-,895.9,-,-,-,-,-,1098353690.2
CTM,15/05/2026,CTM,CTM,855.3,895.9,895.9,855.3,9,7819.5,3,1098353690.2
CTM,14/05/2026,CTM,CTM,900.0,896.9,900.0,855.0,72,62427.0,12,1099579668.2
CTM,13/05/2026,CTM,CTM,886.0,886.0,900.0,886.0,48,42556.0,6,1086216508.0
CTM,12/05/2026,CTM,CTM,-,905.0,-,-,-,-,-,1109510090.0
CTM,11/05/2026,CTM,CTM,887.1,905.0,907.0,887.1,13,11647.9,7,1109510090.0
CTM,08/05/2026,CTM,CTM,886.5,905.0,905.0,886.5,4,3583.0,2,1109510090.0
CTM,07/05/2026,CTM,CTM,907.0,906.0,907.0,886.0,35,31663.0,5,1110736068.0
CTM,06/05/2026,CTM,CTM,908.0,907.0,908.0,882.0,70,61978.6,9,1111962046.0
CTM,05/05/2026,CTM,CTM,880.1,909.0,909.0,880.1,7,6334.1,4,1114414002.0
CTM,04/05/2026,CTM,CTM,900.0,909.0,910.0,900.0,16,14487.0,4,1114414002.0
CTM,30/04/2026,CTM,CTM,-,911.9,-,-,-,-,-,1117969338.2
CTM,29/04/2026,CTM,CTM,-,911.9,-,-,-,-,-,1117969338.2
CTM,28/04/2026,CTM,CTM,912.0,911.9,912.0,911.9,13,11855.0,2,1117969338.2
CTM,27/04/2026,CTM,CTM,910.0,915.0,915.0,910.0,5,4558.0,4,1121769870.0
CTM,24/04/2026,CTM,CTM,913.0,909.0,915.0,885.7,82,73833.4,22,1114414002.0
CTM,23/04/2026,CTM,CTM,917.9,915.0,917.9,915.0,4,3665.8,3,1121769870.0
CTM,22/04/2026,CTM,CTM,900.0,916.9,918.0,880.0,83,75166.8,13,1124099228.2
CTM,21/04/2026,CTM,CTM,-,919.0,-,-,-,-,-,1126673782.0
CTM,20/04/2026,CTM,CTM,893.5,919.0,919.0,892.0,42,37695.4,7,1126673782.0
CTM,17/04/2026,CTM,CTM,922.0,919.0,924.0,912.0,76,69709.0,16,1126673782.0
CTM,16/04/2026,CTM,CTM,900.0,901.0,930.0,900.0,225,207977.4,35,1104606178.0
CTM,15/04/2026,CTM,CTM,910.0,924.5,929.0,900.0,97,89035.0,25,1133416661.0
CTM,14/04/2026,CTM,CTM,889.0,909.0,919.9,889.0,161,146417.8,28,1114414002.0
CTM,13/04/2026,CTM,CTM,900.0,912.0,915.0,852.0,225,203057.4,52,1118091936.0
CTM,10/04/2026,CTM,CTM,852.0,900.0,935.0,852.0,1071,959191.9,119,1103380200.0
DARI COUSPATE,03/06/2026,DARI COUSPATE,DRI,-,4190.0,-,-,-,-,-,1250191250.0
DARI COUSPATE,02/06/2026,DARI COUSPATE,DRI,-,4190.0,-,-,-,-,-,1250191250.0
DARI COUSPATE,01/06/2026,DARI COUSPATE,DRI,-,4190.0,-,-,-,-,-,1250191250.0
DARI COUSPATE,26/05/2026,DARI COUSPATE,DRI,-,4190.0,-,-,-,-,-,1250191250.0
DARI COUSPATE,25/05/2026,DARI COUSPATE,DRI,-,4190.0,-,-,-,-,-,1250191250.0
DARI COUSPATE,22/05/2026,DARI COUSPATE,DRI,-,4190.0,-,-,-,-,-,1250191250.0
DARI COUSPATE,21/05/2026,DARI COUSPATE,DRI,-,4190.0,-,-,-,-,-,1250191250.0
DARI COUSPATE,20/05/2026,DARI COUSPATE,DRI,-,4190.0,-,-,-,-,-,1250191250.0
DARI COUSPATE,19/05/2026,DARI COUSPATE,DRI,-,4190.0,-,-,-,-,-,1250191250.0
DARI COUSPATE,18/05/2026,DARI COUSPATE,DRI,-,4190.0,-,-,-,-,-,1250191250.0
DARI COUSPATE,15/05/2026,DARI COUSPATE,DRI,-,4190.0,-,-,-,-,-,1250191250.0
DARI COUSPATE,14/05/2026,DARI COUSPATE,DRI,-,4190.0,-,-,-,-,-,1250191250.0
DARI COUSPATE,13/05/2026,DARI COUSPATE,DRI,-,4190.0,-,-,-,-,-,1250191250.0
DARI COUSPATE,12/05/2026,DARI COUSPATE,DRI,-,4190.0,-,-,-,-,-,1250191250.0
DARI COUSPATE,11/05/2026,DARI COUSPATE,DRI,-,4190.0,-,-,-,-,-,1250191250.0
DARI COUSPATE,08/05/2026,DARI COUSPATE,DRI,4190.0,4190.0,4190.0,4190.0,20,83800.0,3,1250191250.0
DARI COUSPATE,07/05/2026,DARI COUSPATE,DRI,-,4100.0,-,-,-,-,-,1223337500.0
DARI COUSPATE,06/05/2026,DARI COUSPATE,DRI,4100.0,4100.0,4100.0,4100.0,2,8200.0,1,1223337500.0
DARI COUSPATE,05/05/2026,DARI COUSPATE,DRI,-,4190.0,-,-,-,-,-,1250191250.0
DARI COUSPATE,04/05/2026,DARI COUSPATE,DRI,4190.0,4190.0,4190.0,4190.0,10,41900.0,1,1250191250.0
DARI COUSPATE,30/04/2026,DARI COUSPATE,DRI,-,4100.0,-,-,-,-,-,1223337500.0
DARI COUSPATE,29/04/2026,DARI COUSPATE,DRI,-,4100.0,-,-,-,-,-,1223337500.0
DARI COUSPATE,28/04/2026,DARI COUSPATE,DRI,-,4100.0,-,-,-,-,-,1223337500.0
DARI COUSPATE,27/04/2026,DARI COUSPATE,DRI,-,4100.0,-,-,-,-,-,1223337500.0
DARI COUSPATE,24/04/2026,DARI COUSPATE,DRI,4100.0,4100.0,4100.0,4100.0,1,4100.0,1,1223337500.0
DARI COUSPATE,23/04/2026,DARI COUSPATE,DRI,-,4100.0,-,-,-,-,-,1223337500.0
DARI COUSPATE,22/04/2026,DARI COUSPATE,DRI,4100.0,4100.0,4100.0,4100.0,2,8200.0,1,1223337500.0
DARI COUSPATE,21/04/2026,DARI COUSPATE,DRI,4100.0,4100.0,4100.0,4100.0,3,12300.0,1,1223337500.0
DARI COUSPATE,20/04/2026,DARI COUSPATE,DRI,-,4199.0,-,-,-,-,-,1252876625.0
DARI COUSPATE,17/04/2026,DARI COUSPATE,DRI,-,4199.0,-,-,-,-,-,1252876625.0
DARI COUSPATE,16/04/2026,DARI COUSPATE,DRI,-,4199.0,-,-,-,-,-,1252876625.0
DARI COUSPATE,15/04/2026,DARI COUSPATE,DRI,-,4199.0,-,-,-,-,-,1252876625.0
DARI COUSPATE,14/04/2026,DARI COUSPATE,DRI,4199.0,4199.0,4199.0,4199.0,1,4199.0,1,1252876625.0
DARI COUSPATE,13/04/2026,DARI COUSPATE,DRI,-,4280.0,-,-,-,-,-,1277045000.0
DARI COUSPATE,10/04/2026,DARI COUSPATE,DRI,-,4280.0,-,-,-,-,-,1277045000.0
DELATTRE LEVIVIER MAROC,03/06/2026,DELATTRE LEVIVIER MAROC,DLM,-,40.0,-,-,-,-,-,70000000.0
DELATTRE LEVIVIER MAROC,02/06/2026,DELATTRE LEVIVIER MAROC,DLM,-,40.0,-,-,-,-,-,70000000.0
DELATTRE LEVIVIER MAROC,01/06/2026,DELATTRE LEVIVIER MAROC,DLM,-,40.0,-,-,-,-,-,70000000.0
DELATTRE LEVIVIER MAROC,26/05/2026,DELATTRE LEVIVIER MAROC,DLM,-,40.0,-,-,-,-,-,70000000.0
DELATTRE LEVIVIER MAROC,25/05/2026,DELATTRE LEVIVIER MAROC,DLM,-,40.0,-,-,-,-,-,70000000.0
DELATTRE LEVIVIER MAROC,22/05/2026,DELATTRE LEVIVIER MAROC,DLM,-,40.0,-,-,-,-,-,70000000.0
DELATTRE LEVIVIER MAROC,21/05/2026,DELATTRE LEVIVIER MAROC,DLM,-,40.0,-,-,-,-,-,70000000.0
DELATTRE LEVIVIER MAROC,20/05/2026,DELATTRE LEVIVIER MAROC,DLM,-,40.0,-,-,-,-,-,70000000.0
DELATTRE LEVIVIER MAROC,19/05/2026,DELATTRE LEVIVIER MAROC,DLM,-,40.0,-,-,-,-,-,70000000.0
DELATTRE LEVIVIER MAROC,18/05/2026,DELATTRE LEVIVIER MAROC,DLM,-,40.0,-,-,-,-,-,70000000.0
DELATTRE LEVIVIER MAROC,15/05/2026,DELATTRE LEVIVIER MAROC,DLM,-,40.0,-,-,-,-,-,70000000.0
DELATTRE LEVIVIER MAROC,14/05/2026,DELATTRE LEVIVIER MAROC,DLM,-,40.0,-,-,-,-,-,70000000.0
DELATTRE LEVIVIER MAROC,13/05/2026,DELATTRE LEVIVIER MAROC,DLM,-,40.0,-,-,-,-,-,70000000.0
DELATTRE LEVIVIER MAROC,12/05/2026,DELATTRE LEVIVIER MAROC,DLM,-,40.0,-,-,-,-,-,70000000.0
DELATTRE LEVIVIER MAROC,11/05/2026,DELATTRE LEVIVIER MAROC,DLM,-,40.0,-,-,-,-,-,70000000.0
DELATTRE LEVIVIER MAROC,08/05/2026,DELATTRE LEVIVIER MAROC,DLM,-,40.0,-,-,-,-,-,70000000.0
DELATTRE LEVIVIER MAROC,07/05/2026,DELATTRE LEVIVIER MAROC,DLM,-,40.0,-,-,-,-,-,70000000.0
DELATTRE LEVIVIER MAROC,06/05/2026,DELATTRE LEVIVIER MAROC,DLM,-,40.0,-,-,-,-,-,70000000.0
DELATTRE LEVIVIER MAROC,05/05/2026,DELATTRE LEVIVIER MAROC,DLM,-,40.0,-,-,-,-,-,70000000.0
DELATTRE LEVIVIER MAROC,04/05/2026,DELATTRE LEVIVIER MAROC,DLM,-,40.0,-,-,-,-,-,70000000.0
DELATTRE LEVIVIER MAROC,30/04/2026,DELATTRE LEVIVIER MAROC,DLM,-,40.0,-,-,-,-,-,70000000.0
DELATTRE LEVIVIER MAROC,29/04/2026,DELATTRE LEVIVIER MAROC,DLM,-,40.0,-,-,-,-,-,70000000.0
DELATTRE LEVIVIER MAROC,28/04/2026,DELATTRE LEVIVIER MAROC,DLM,-,40.0,-,-,-,-,-,70000000.0
DELATTRE LEVIVIER MAROC,27/04/2026,DELATTRE LEVIVIER MAROC,DLM,-,40.0,-,-,-,-,-,70000000.0
DELATTRE LEVIVIER MAROC,24/04/2026,DELATTRE LEVIVIER MAROC,DLM,-,40.0,-,-,-,-,-,70000000.0
DELATTRE LEVIVIER MAROC,23/04/2026,DELATTRE LEVIVIER MAROC,DLM,-,40.0,-,-,-,-,-,70000000.0
DELATTRE LEVIVIER MAROC,22/04/2026,DELATTRE LEVIVIER MAROC,DLM,-,40.0,-,-,-,-,-,70000000.0
DELATTRE LEVIVIER MAROC,21/04/2026,DELATTRE LEVIVIER MAROC,DLM,-,40.0,-,-,-,-,-,70000000.0
DELATTRE LEVIVIER MAROC,20/04/2026,DELATTRE LEVIVIER MAROC,DLM,-,40.0,-,-,-,-,-,70000000.0
DELATTRE LEVIVIER MAROC,17/04/2026,DELATTRE LEVIVIER MAROC,DLM,-,40.0,-,-,-,-,-,70000000.0
DELATTRE LEVIVIER MAROC,16/04/2026,DELATTRE LEVIVIER MAROC,DLM,-,40.0,-,-,-,-,-,70000000.0
DELATTRE LEVIVIER MAROC,15/04/2026,DELATTRE LEVIVIER MAROC,DLM,-,40.0,-,-,-,-,-,70000000.0
DELATTRE LEVIVIER MAROC,14/04/2026,DELATTRE LEVIVIER MAROC,DLM,-,40.0,-,-,-,-,-,70000000.0
DELATTRE LEVIVIER MAROC,13/04/2026,DELATTRE LEVIVIER MAROC,DLM,-,40.0,-,-,-,-,-,70000000.0
DELATTRE LEVIVIER MAROC,10/04/2026,DELATTRE LEVIVIER MAROC,DLM,-,40.0,-,-,-,-,-,70000000.0
DELTA HOLDING,03/06/2026,DELTA HOLDING,DHO,58.0,57.2,59.0,57.0,1325,76454.75,26,5010720000.0
DELTA HOLDING,02/06/2026,DELTA HOLDING,DHO,59.15,56.9,59.15,56.9,5404,308330.76,79,4984440000.0
DELTA HOLDING,01/06/2026,DELTA HOLDING,DHO,60.0,59.3,60.0,57.6,2058,121106.39,59,5194680000.0
DELTA HOLDING,26/05/2026,DELTA HOLDING,DHO,58.9,58.69,58.9,57.1,4188,244942.23,43,5141244000.0
DELTA HOLDING,25/05/2026,DELTA HOLDING,DHO,59.9,57.1,60.5,57.1,10350,601396.29,111,5001960000.0
DELTA HOLDING,22/05/2026,DELTA HOLDING,DHO,58.1,59.0,59.96,58.1,4199,247686.34,46,5168400000.0
DELTA HOLDING,21/05/2026,DELTA HOLDING,DHO,57.95,59.2,59.2,57.3,6132,358772.4,64,5185920000.0
DELTA HOLDING,20/05/2026,DELTA HOLDING,DHO,59.97,56.1,59.97,56.1,10528,601907.94,135,4914360000.0
DELTA HOLDING,19/05/2026,DELTA HOLDING,DHO,60.0,58.0,60.6,58.0,10928,639609.35,90,5080800000.0
DELTA HOLDING,18/05/2026,DELTA HOLDING,DHO,60.0,60.0,60.3,59.5,20669,1240071.77,70,5256000000.0
DELTA HOLDING,15/05/2026,DELTA HOLDING,DHO,61.0,60.0,61.0,59.6,13735,827410.23,97,5256000000.0
DELTA HOLDING,14/05/2026,DELTA HOLDING,DHO,60.14,61.0,61.0,60.11,1776,107501.82,39,5343600000.0
DELTA HOLDING,13/05/2026,DELTA HOLDING,DHO,61.8,61.0,61.8,60.22,3845,234921.9,68,5343600000.0
DELTA HOLDING,12/05/2026,DELTA HOLDING,DHO,61.12,61.8,62.0,60.85,2389,147170.85,31,5413680000.0
DELTA HOLDING,11/05/2026,DELTA HOLDING,DHO,61.9,61.2,62.0,61.2,5319,326192.09,51,5361120000.0
DELTA HOLDING,08/05/2026,DELTA HOLDING,DHO,62.75,62.0,62.75,61.62,1299,80659.5,36,5431200000.0
DELTA HOLDING,07/05/2026,DELTA HOLDING,DHO,63.0,62.0,63.0,62.0,25547,1585604.25,67,5431200000.0
DELTA HOLDING,06/05/2026,DELTA HOLDING,DHO,60.47,63.0,63.0,60.47,21113,1319172.63,107,5518800000.0
DELTA HOLDING,05/05/2026,DELTA HOLDING,DHO,61.8,60.47,61.8,59.6,19935,1204887.23,39,5297172000.0
DELTA HOLDING,04/05/2026,DELTA HOLDING,DHO,62.16,59.8,62.16,59.8,9122,547695.94,131,5238480000.0
DELTA HOLDING,30/04/2026,DELTA HOLDING,DHO,61.01,60.0,61.95,60.0,10602,638699.3,109,5256000000.0
DELTA HOLDING,29/04/2026,DELTA HOLDING,DHO,61.99,61.3,62.0,61.3,5254,323578.22,64,5369880000.0
DELTA HOLDING,28/04/2026,DELTA HOLDING,DHO,62.79,61.5,62.79,61.0,16496,1015267.99,70,5387400000.0
DELTA HOLDING,27/04/2026,DELTA HOLDING,DHO,62.0,62.0,63.2,62.0,3706,230712.3,56,5431200000.0
DELTA HOLDING,24/04/2026,DELTA HOLDING,DHO,63.5,61.0,63.57,61.0,68747,4208093.88,233,5343600000.0
DELTA HOLDING,23/04/2026,DELTA HOLDING,DHO,63.99,63.99,64.0,63.0,3050,193895.64,39,5605524000.0
DELTA HOLDING,22/04/2026,DELTA HOLDING,DHO,63.5,63.5,64.8,63.0,3853,246780.5,60,5562600000.0
DELTA HOLDING,21/04/2026,DELTA HOLDING,DHO,64.0,63.26,64.9,62.0,27508,1759033.78,97,5541576000.0
DELTA HOLDING,20/04/2026,DELTA HOLDING,DHO,62.55,62.95,63.8,61.5,24512,1529016.76,151,5514420000.0
DELTA HOLDING,17/04/2026,DELTA HOLDING,DHO,63.5,65.0,66.0,61.5,45053,2916655.41,204,5694000000.0
DELTA HOLDING,16/04/2026,DELTA HOLDING,DHO,63.99,61.21,63.99,61.21,11382,713091.27,126,5361996000.0
DELTA HOLDING,15/04/2026,DELTA HOLDING,DHO,63.0,63.03,64.98,63.0,159181,10038608.27,114,5521428000.0
DELTA HOLDING,14/04/2026,DELTA HOLDING,DHO,62.0,62.8,63.94,61.2,52985,3337142.42,118,5501280000.0
DELTA HOLDING,13/04/2026,DELTA HOLDING,DHO,61.0,61.8,62.0,58.6,25002,1521060.58,181,5413680000.0
DELTA HOLDING,10/04/2026,DELTA HOLDING,DHO,60.0,64.0,64.7,60.0,75768,4819030.15,278,5606400000.0
DIAC SALAF,03/06/2026,DIAC SALAF,DIS,-,26.25,-,-,-,-,-,27651855.0
DIAC SALAF,02/06/2026,DIAC SALAF,DIS,-,26.25,-,-,-,-,-,27651855.0
DIAC SALAF,01/06/2026,DIAC SALAF,DIS,-,26.25,-,-,-,-,-,27651855.0
DIAC SALAF,26/05/2026,DIAC SALAF,DIS,-,26.25,-,-,-,-,-,27651855.0
DIAC SALAF,25/05/2026,DIAC SALAF,DIS,-,26.25,-,-,-,-,-,27651855.0
DIAC SALAF,22/05/2026,DIAC SALAF,DIS,-,26.25,-,-,-,-,-,27651855.0
DIAC SALAF,21/05/2026,DIAC SALAF,DIS,-,26.25,-,-,-,-,-,27651855.0
DIAC SALAF,20/05/2026,DIAC SALAF,DIS,-,26.25,-,-,-,-,-,27651855.0
DIAC SALAF,19/05/2026,DIAC SALAF,DIS,-,26.25,-,-,-,-,-,27651855.0
DIAC SALAF,18/05/2026,DIAC SALAF,DIS,-,26.25,-,-,-,-,-,27651855.0
DIAC SALAF,15/05/2026,DIAC SALAF,DIS,-,26.25,-,-,-,-,-,27651855.0
DIAC SALAF,14/05/2026,DIAC SALAF,DIS,-,26.25,-,-,-,-,-,27651855.0
DIAC SALAF,13/05/2026,DIAC SALAF,DIS,-,26.25,-,-,-,-,-,27651855.0
DIAC SALAF,12/05/2026,DIAC SALAF,DIS,-,26.25,-,-,-,-,-,27651855.0
DIAC SALAF,11/05/2026,DIAC SALAF,DIS,-,26.25,-,-,-,-,-,27651855.0
DIAC SALAF,08/05/2026,DIAC SALAF,DIS,-,26.25,-,-,-,-,-,27651855.0
DIAC SALAF,07/05/2026,DIAC SALAF,DIS,-,26.25,-,-,-,-,-,27651855.0
DIAC SALAF,06/05/2026,DIAC SALAF,DIS,-,26.25,-,-,-,-,-,27651855.0
DIAC SALAF,05/05/2026,DIAC SALAF,DIS,-,26.25,-,-,-,-,-,27651855.0
DIAC SALAF,04/05/2026,DIAC SALAF,DIS,-,26.25,-,-,-,-,-,27651855.0
DIAC SALAF,30/04/2026,DIAC SALAF,DIS,-,26.25,-,-,-,-,-,27651855.0
DIAC SALAF,29/04/2026,DIAC SALAF,DIS,-,26.25,-,-,-,-,-,27651855.0
DIAC SALAF,28/04/2026,DIAC SALAF,DIS,-,26.25,-,-,-,-,-,27651855.0
DIAC SALAF,27/04/2026,DIAC SALAF,DIS,-,26.25,-,-,-,-,-,27651855.0
DIAC SALAF,24/04/2026,DIAC SALAF,DIS,-,26.25,-,-,-,-,-,27651855.0
DIAC SALAF,23/04/2026,DIAC SALAF,DIS,-,26.25,-,-,-,-,-,27651855.0
DIAC SALAF,22/04/2026,DIAC SALAF,DIS,-,26.25,-,-,-,-,-,27651855.0
DIAC SALAF,21/04/2026,DIAC SALAF,DIS,-,26.25,-,-,-,-,-,27651855.0
DIAC SALAF,20/04/2026,DIAC SALAF,DIS,-,26.25,-,-,-,-,-,27651855.0
DIAC SALAF,17/04/2026,DIAC SALAF,DIS,-,26.25,-,-,-,-,-,27651855.0
DIAC SALAF,16/04/2026,DIAC SALAF,DIS,-,26.25,-,-,-,-,-,27651855.0
DIAC SALAF,15/04/2026,DIAC SALAF,DIS,-,26.25,-,-,-,-,-,27651855.0
DIAC SALAF,14/04/2026,DIAC SALAF,DIS,-,26.25,-,-,-,-,-,27651855.0
DIAC SALAF,13/04/2026,DIAC SALAF,DIS,-,26.25,-,-,-,-,-,27651855.0
DIAC SALAF,10/04/2026,DIAC SALAF,DIS,-,26.25,-,-,-,-,-,27651855.0
DISTY TECHNOLOGIES,03/06/2026,DISTY TECHNOLOGIES,DYT,358.0,358.5,358.5,356.1,149,53277.4,17,357822435.0
DISTY TECHNOLOGIES,02/06/2026,DISTY TECHNOLOGIES,DYT,360.0,359.0,360.0,359.0,321,115470.0,13,358321490.0
DISTY TECHNOLOGIES,01/06/2026,DISTY TECHNOLOGIES,DYT,360.0,360.0,360.0,358.0,170,61069.7,21,359319600.0
DISTY TECHNOLOGIES,26/05/2026,DISTY TECHNOLOGIES,DYT,357.0,360.0,360.0,356.1,239,85605.45,25,359319600.0
DISTY TECHNOLOGIES,25/05/2026,DISTY TECHNOLOGIES,DYT,357.2,369.0,369.0,354.0,305,109512.75,21,368302590.0
DISTY TECHNOLOGIES,22/05/2026,DISTY TECHNOLOGIES,DYT,360.0,360.0,360.0,359.0,403,145061.8,15,359319600.0
DISTY TECHNOLOGIES,21/05/2026,DISTY TECHNOLOGIES,DYT,360.0,360.0,367.0,357.0,188,67648.0,13,359319600.0
DISTY TECHNOLOGIES,20/05/2026,DISTY TECHNOLOGIES,DYT,360.0,357.0,360.0,354.0,336,119459.0,17,356325270.0
DISTY TECHNOLOGIES,19/05/2026,DISTY TECHNOLOGIES,DYT,360.0,355.0,362.0,355.0,304,109300.2,19,354329050.0
DISTY TECHNOLOGIES,18/05/2026,DISTY TECHNOLOGIES,DYT,343.0,359.9,359.9,335.0,4199,1441439.2,95,359219789.0
DISTY TECHNOLOGIES,15/05/2026,DISTY TECHNOLOGIES,DYT,361.5,356.3,361.5,356.0,213,76505.0,13,355626593.0
DISTY TECHNOLOGIES,14/05/2026,DISTY TECHNOLOGIES,DYT,367.7,361.0,367.7,360.0,164,59639.9,19,360317710.0
DISTY TECHNOLOGIES,13/05/2026,DISTY TECHNOLOGIES,DYT,368.5,360.1,368.5,360.0,920,333104.1,53,359419411.0
DISTY TECHNOLOGIES,12/05/2026,DISTY TECHNOLOGIES,DYT,371.8,367.0,371.8,365.0,227,83287.4,31,366306370.0
DISTY TECHNOLOGIES,11/05/2026,DISTY TECHNOLOGIES,DYT,369.0,367.1,372.9,365.0,495,182171.5,34,366406181.0
DISTY TECHNOLOGIES,08/05/2026,DISTY TECHNOLOGIES,DYT,370.0,370.0,370.0,367.0,933,344970.1,36,369300700.0
DISTY TECHNOLOGIES,07/05/2026,DISTY TECHNOLOGIES,DYT,369.1,370.0,370.0,366.0,1723,635141.1,78,369300700.0
DISTY TECHNOLOGIES,06/05/2026,DISTY TECHNOLOGIES,DYT,366.0,368.5,369.95,362.5,989,363117.7,49,367803535.0
DISTY TECHNOLOGIES,05/05/2026,DISTY TECHNOLOGIES,DYT,366.0,365.0,366.0,361.0,2021,738283.35,36,364310150.0
DISTY TECHNOLOGIES,04/05/2026,DISTY TECHNOLOGIES,DYT,362.9,360.0,370.0,360.0,2277,826514.65,80,359319600.0
DISTY TECHNOLOGIES,30/04/2026,DISTY TECHNOLOGIES,DYT,357.0,351.0,359.0,351.0,465,163958.9,37,350336610.0
DISTY TECHNOLOGIES,29/04/2026,DISTY TECHNOLOGIES,DYT,360.0,356.0,360.0,355.0,258,92285.0,17,355327160.0
DISTY TECHNOLOGIES,28/04/2026,DISTY TECHNOLOGIES,DYT,360.0,360.0,360.0,350.0,347,122290.8,25,359319600.0
DISTY TECHNOLOGIES,27/04/2026,DISTY TECHNOLOGIES,DYT,364.0,360.0,364.0,355.5,203,73348.6,24,359319600.0
DISTY TECHNOLOGIES,24/04/2026,DISTY TECHNOLOGIES,DYT,364.0,360.0,365.0,360.0,8536,3096318.05,58,359319600.0
DISTY TECHNOLOGIES,23/04/2026,DISTY TECHNOLOGIES,DYT,365.0,363.95,365.9,356.0,246,89351.0,19,363262134.5
DISTY TECHNOLOGIES,22/04/2026,DISTY TECHNOLOGIES,DYT,363.75,365.0,365.0,359.1,1386,504581.1,35,364310150.0
DISTY TECHNOLOGIES,21/04/2026,DISTY TECHNOLOGIES,DYT,370.0,360.0,370.0,348.0,3340,1190342.2,113,359319600.0
DISTY TECHNOLOGIES,20/04/2026,DISTY TECHNOLOGIES,DYT,365.2,369.0,375.0,361.0,435,159672.55,51,368302590.0
DISTY TECHNOLOGIES,17/04/2026,DISTY TECHNOLOGIES,DYT,347.0,376.0,381.0,347.0,10527,3856400.3,231,375289360.0
DISTY TECHNOLOGIES,16/04/2026,DISTY TECHNOLOGIES,DYT,348.0,347.0,349.0,343.2,1884,651979.05,68,346344170.0
DISTY TECHNOLOGIES,15/04/2026,DISTY TECHNOLOGIES,DYT,338.0,343.0,349.0,338.0,4654,1588575.45,129,342351730.0
DISTY TECHNOLOGIES,14/04/2026,DISTY TECHNOLOGIES,DYT,335.0,334.9,335.0,331.0,422,140739.9,29,334267039.0
DISTY TECHNOLOGIES,13/04/2026,DISTY TECHNOLOGIES,DYT,334.0,335.0,337.9,327.0,1241,414277.4,19,334366850.0
DISTY TECHNOLOGIES,10/04/2026,DISTY TECHNOLOGIES,DYT,338.0,335.0,338.0,332.0,240,80561.4,17,334366850.0
DISWAY,03/06/2026,DISWAY,DWY,789.0,787.0,789.0,787.0,3,2365.0,2,1484094694.0
DISWAY,02/06/2026,DISWAY,DWY,775.1,793.0,793.0,772.0,29,22742.9,4,1495409266.0
DISWAY,01/06/2026,DISWAY,DWY,794.9,794.0,794.9,771.0,38,29634.2,7,1497295028.0
DISWAY,26/05/2026,DISWAY,DWY,776.0,795.0,795.0,775.0,215,166888.9,14,1499180790.0
DISWAY,25/05/2026,DISWAY,DWY,793.0,795.0,796.0,780.0,193,150774.2,12,1499180790.0
DISWAY,22/05/2026,DISWAY,DWY,773.1,790.0,790.0,773.1,36,27933.0,9,1489751980.0
DISWAY,21/05/2026,DISWAY,DWY,797.0,797.0,797.0,797.0,2,1594.0,1,1502952314.0
DISWAY,20/05/2026,DISWAY,DWY,772.9,771.0,793.9,771.0,108,83477.1,15,1453922502.0
DISWAY,19/05/2026,DISWAY,DWY,800.0,798.9,800.0,780.0,1013,790390.1,13,1506535261.8
DISWAY,18/05/2026,DISWAY,DWY,781.0,780.0,781.0,780.0,33,25741.5,5,1470894360.0
DISWAY,15/05/2026,DISWAY,DWY,800.0,780.0,803.0,776.1,259,202475.1,21,1470894360.0
DISWAY,14/05/2026,DISWAY,DWY,808.9,804.0,808.9,780.0,57,44809.9,13,1516152648.0
DISWAY,13/05/2026,DISWAY,DWY,809.9,809.9,810.0,780.0,227,183352.7,13,1527278643.8
DISWAY,12/05/2026,DISWAY,DWY,813.5,807.8,813.5,790.0,12,9613.2,7,1523318543.6
DISWAY,11/05/2026,DISWAY,DWY,800.0,802.0,804.0,785.0,65,51643.0,15,1512381124.0
DISWAY,08/05/2026,DISWAY,DWY,804.9,804.0,804.9,800.0,38,30504.5,7,1516152648.0
DISWAY,07/05/2026,DISWAY,DWY,790.0,805.0,811.9,784.0,138,108969.8,19,1518038410.0
DISWAY,06/05/2026,DISWAY,DWY,777.5,785.0,799.0,770.0,4044,3168484.4,56,1480323170.0
DISWAY,05/05/2026,DISWAY,DWY,800.0,785.0,800.0,775.1,167,130494.1,19,1480323170.0
DISWAY,04/05/2026,DISWAY,DWY,813.7,800.0,813.7,800.0,78,63159.3,10,1508609600.0
DISWAY,30/04/2026,DISWAY,DWY,793.9,802.9,839.0,774.0,545,438419.6,54,1514078309.8
DISWAY,29/04/2026,DISWAY,DWY,800.0,774.0,800.0,770.0,101,78208.0,15,1459579788.0
DISWAY,28/04/2026,DISWAY,DWY,805.9,779.0,805.9,779.0,294,235039.0,22,1469008598.0
DISWAY,27/04/2026,DISWAY,DWY,773.0,769.0,810.0,769.0,587,454801.2,40,1450150978.0
DISWAY,24/04/2026,DISWAY,DWY,778.7,769.0,780.0,769.0,471,362787.5,24,1450150978.0
DISWAY,23/04/2026,DISWAY,DWY,787.8,778.7,787.8,768.1,250,194430.5,14,1468442869.4
DISWAY,22/04/2026,DISWAY,DWY,771.0,789.0,789.0,765.0,143,109665.0,12,1487866218.0
DISWAY,21/04/2026,DISWAY,DWY,769.0,771.0,775.0,767.1,142,109411.2,23,1453922502.0
DISWAY,20/04/2026,DISWAY,DWY,784.0,769.9,784.0,760.0,333,256842.5,28,1451848163.8
DISWAY,17/04/2026,DISWAY,DWY,790.0,784.0,790.0,760.0,812,622036.0,36,1478437408.0
DISWAY,16/04/2026,DISWAY,DWY,759.0,750.0,794.9,750.0,2551,1917551.4,64,1414321500.0
DISWAY,15/04/2026,DISWAY,DWY,789.0,758.0,795.0,758.0,2124,1650841.4,61,1429407596.0
DISWAY,14/04/2026,DISWAY,DWY,789.0,779.0,790.0,779.0,85,66314.0,11,1469008598.0
DISWAY,13/04/2026,DISWAY,DWY,778.0,777.0,778.0,770.0,63,48637.0,13,1465237074.0
DISWAY,10/04/2026,DISWAY,DWY,819.0,779.0,819.0,778.0,1493,1188737.4,45,1469008598.0
DOUJA PROM ADDOHA,03/06/2026,DOUJA PROM ADDOHA,ADH,31.02,32.05,32.6,31.02,217306,6914546.21,165,12901767690.7
DOUJA PROM ADDOHA,02/06/2026,DOUJA PROM ADDOHA,ADH,33.15,31.52,33.15,31.1,115152,3695482.19,200,12688415526.08
DOUJA PROM ADDOHA,01/06/2026,DOUJA PROM ADDOHA,ADH,33.44,32.9,33.44,32.16,100100,3293981.47,197,13243936256.6
DOUJA PROM ADDOHA,26/05/2026,DOUJA PROM ADDOHA,ADH,32.69,32.8,32.8,31.62,302579,9861902.98,201,13203681131.2
DOUJA PROM ADDOHA,25/05/2026,DOUJA PROM ADDOHA,ADH,32.32,32.99,32.99,32.11,217054,7072774.92,223,13280165869.46
DOUJA PROM ADDOHA,22/05/2026,DOUJA PROM ADDOHA,ADH,31.94,31.69,31.94,31.23,91166,2880106.34,124,12756849239.26
DOUJA PROM ADDOHA,21/05/2026,DOUJA PROM ADDOHA,ADH,31.4,31.6,31.95,31.22,96658,3047561.44,185,12720619626.4
DOUJA PROM ADDOHA,20/05/2026,DOUJA PROM ADDOHA,ADH,31.1,31.36,31.48,30.6,58065,1807163.64,192,12624007325.44
DOUJA PROM ADDOHA,19/05/2026,DOUJA PROM ADDOHA,ADH,31.93,31.0,32.5,31.0,150941,4713166.31,272,12479088874.0
DOUJA PROM ADDOHA,18/05/2026,DOUJA PROM ADDOHA,ADH,32.0,31.9,32.5,31.7,66406,2118528.07,181,12841385002.6
DOUJA PROM ADDOHA,15/05/2026,DOUJA PROM ADDOHA,ADH,32.8,32.5,33.0,32.0,146641,4736258.16,295,13082915755.0
DOUJA PROM ADDOHA,14/05/2026,DOUJA PROM ADDOHA,ADH,33.0,32.7,33.84,32.5,67073,2193443.18,170,13163426005.8
DOUJA PROM ADDOHA,13/05/2026,DOUJA PROM ADDOHA,ADH,33.21,32.32,33.4,32.32,180622,5916561.01,357,13010456529.28
DOUJA PROM ADDOHA,12/05/2026,DOUJA PROM ADDOHA,ADH,33.5,33.4,33.97,32.96,95473,3176324.28,219,13445211883.6
DOUJA PROM ADDOHA,11/05/2026,DOUJA PROM ADDOHA,ADH,34.26,33.2,34.48,33.2,203698,6898159.83,360,13364701632.8
DOUJA PROM ADDOHA,08/05/2026,DOUJA PROM ADDOHA,ADH,34.7,34.5,34.7,34.13,91141,3135182.36,200,13888018263.0
DOUJA PROM ADDOHA,07/05/2026,DOUJA PROM ADDOHA,ADH,34.88,35.0,35.25,34.65,221334,7740296.39,193,14089293890.0
DOUJA PROM ADDOHA,06/05/2026,DOUJA PROM ADDOHA,ADH,33.95,34.41,34.87,33.35,218667,7518644.54,189,13851788650.14
DOUJA PROM ADDOHA,05/05/2026,DOUJA PROM ADDOHA,ADH,33.57,33.2,33.89,32.9,93864,3118959.47,186,13364701632.8
DOUJA PROM ADDOHA,04/05/2026,DOUJA PROM ADDOHA,ADH,33.55,34.0,34.9,33.5,83604,2835490.52,211,13686742636.0
DOUJA PROM ADDOHA,30/04/2026,DOUJA PROM ADDOHA,ADH,34.0,33.41,34.01,33.41,245678,8254191.22,356,13449237396.14
DOUJA PROM ADDOHA,29/04/2026,DOUJA PROM ADDOHA,ADH,34.96,34.21,34.96,34.0,353144,12077996.75,249,13771278399.34
DOUJA PROM ADDOHA,28/04/2026,DOUJA PROM ADDOHA,ADH,35.11,34.95,35.5,34.95,172555,6060502.66,177,14069166327.3
DOUJA PROM ADDOHA,27/04/2026,DOUJA PROM ADDOHA,ADH,35.2,35.2,35.8,35.0,53544,1886548.91,134,14169804140.8
DOUJA PROM ADDOHA,24/04/2026,DOUJA PROM ADDOHA,ADH,35.21,35.3,35.98,34.92,371589,13092089.71,344,14210059266.2
DOUJA PROM ADDOHA,23/04/2026,DOUJA PROM ADDOHA,ADH,35.36,35.6,35.94,35.36,112279,3994498.72,110,14330824642.4
DOUJA PROM ADDOHA,22/04/2026,DOUJA PROM ADDOHA,ADH,36.0,35.5,36.0,34.0,204610,7243110.91,217,14290569517.0
DOUJA PROM ADDOHA,21/04/2026,DOUJA PROM ADDOHA,ADH,35.4,36.0,36.4,35.4,399402,14393485.92,310,14491845144.0
DOUJA PROM ADDOHA,20/04/2026,DOUJA PROM ADDOHA,ADH,35.36,35.6,35.9,35.11,592672,20945740.04,421,14330824642.4
DOUJA PROM ADDOHA,17/04/2026,DOUJA PROM ADDOHA,ADH,35.2,36.1,37.6,35.2,1694417,61374119.23,689,14532100269.4
DOUJA PROM ADDOHA,16/04/2026,DOUJA PROM ADDOHA,ADH,35.45,35.4,36.2,35.03,143761,5111179.16,263,14250314391.6
DOUJA PROM ADDOHA,15/04/2026,DOUJA PROM ADDOHA,ADH,35.75,35.29,36.6,35.29,614947,21944434.86,573,14206033753.66
DOUJA PROM ADDOHA,14/04/2026,DOUJA PROM ADDOHA,ADH,34.52,35.45,35.9,34.52,704771,24898402.29,557,14270441954.3
DOUJA PROM ADDOHA,13/04/2026,DOUJA PROM ADDOHA,ADH,33.64,34.05,34.3,33.0,932733,31619207.22,478,13706870198.7
DOUJA PROM ADDOHA,10/04/2026,DOUJA PROM ADDOHA,ADH,34.0,34.71,35.5,34.0,631540,21939521.39,594,13972554026.34
ENNAKL,03/06/2026,ENNAKL,NKL,53.0,52.43,53.0,52.1,384,20309.81,14,1572900000.0
ENNAKL,02/06/2026,ENNAKL,NKL,53.0,53.0,53.05,52.0,4698,245796.71,57,1590000000.0
ENNAKL,01/06/2026,ENNAKL,NKL,54.0,53.0,55.0,53.0,2608,139309.88,46,1590000000.0
ENNAKL,26/05/2026,ENNAKL,NKL,54.5,54.0,55.0,54.0,1124,61553.39,24,1620000000.0
ENNAKL,25/05/2026,ENNAKL,NKL,54.99,54.95,54.99,54.95,531,29198.89,12,1648500000.0
ENNAKL,22/05/2026,ENNAKL,NKL,54.0,54.0,54.69,54.0,3252,175679.76,24,1620000000.0
ENNAKL,21/05/2026,ENNAKL,NKL,53.99,53.1,53.99,52.3,956,50461.62,18,1593000000.0
ENNAKL,20/05/2026,ENNAKL,NKL,54.0,53.99,54.0,53.0,858,45639.09,14,1619700000.0
ENNAKL,19/05/2026,ENNAKL,NKL,54.8,54.0,54.8,53.0,1834,97930.8,27,1620000000.0
ENNAKL,18/05/2026,ENNAKL,NKL,54.99,54.8,54.99,53.5,970,52026.13,12,1644000000.0
ENNAKL,15/05/2026,ENNAKL,NKL,54.0,53.63,55.0,53.6,320,17203.28,16,1608900000.0
ENNAKL,14/05/2026,ENNAKL,NKL,53.51,54.0,55.0,53.51,585,31898.24,18,1620000000.0
ENNAKL,13/05/2026,ENNAKL,NKL,54.5,54.0,54.99,54.0,686,37151.73,16,1620000000.0
ENNAKL,12/05/2026,ENNAKL,NKL,56.45,54.57,56.45,54.55,777,42454.12,19,1637100000.0
ENNAKL,11/05/2026,ENNAKL,NKL,57.49,55.0,57.49,55.0,2061,114523.16,28,1650000000.0
ENNAKL,08/05/2026,ENNAKL,NKL,56.0,56.0,56.0,55.0,2192,122053.4,33,1680000000.0
ENNAKL,07/05/2026,ENNAKL,NKL,56.0,56.58,57.59,55.2,5990,338062.67,45,1697400000.0
ENNAKL,06/05/2026,ENNAKL,NKL,56.49,56.0,56.98,55.2,4324,241443.56,47,1680000000.0
ENNAKL,05/05/2026,ENNAKL,NKL,55.75,56.5,56.5,55.01,2401,134139.54,55,1695000000.0
ENNAKL,04/05/2026,ENNAKL,NKL,55.0,58.48,58.48,54.15,18260,1065883.73,82,1754400000.0
ENNAKL,30/04/2026,ENNAKL,NKL,53.99,56.9,56.9,52.11,8738,496462.05,49,1707000000.0
ENNAKL,29/04/2026,ENNAKL,NKL,53.05,52.47,54.44,52.47,2871,151578.62,44,1574100000.0
ENNAKL,28/04/2026,ENNAKL,NKL,54.89,54.58,54.89,53.5,727,39240.33,21,1637400000.0
ENNAKL,27/04/2026,ENNAKL,NKL,55.46,53.53,55.46,53.53,562,30598.15,20,1605900000.0
ENNAKL,24/04/2026,ENNAKL,NKL,54.48,53.52,54.48,52.81,2319,123275.29,31,1605600000.0
ENNAKL,23/04/2026,ENNAKL,NKL,54.89,54.82,54.89,54.82,19,1042.08,5,1644600000.0
ENNAKL,22/04/2026,ENNAKL,NKL,55.15,54.79,55.99,52.8,13458,720787.18,108,1643700000.0
ENNAKL,21/04/2026,ENNAKL,NKL,55.0,55.1,55.98,54.32,2485,136918.68,29,1653000000.0
ENNAKL,20/04/2026,ENNAKL,NKL,55.0,55.0,55.0,53.04,5195,281229.04,67,1650000000.0
ENNAKL,17/04/2026,ENNAKL,NKL,56.4,56.0,56.89,54.35,5417,303370.49,74,1680000000.0
ENNAKL,16/04/2026,ENNAKL,NKL,55.45,55.99,56.57,53.01,9314,514828.76,74,1679700000.0
ENNAKL,15/04/2026,ENNAKL,NKL,51.87,55.45,56.97,51.8,14781,817119.74,147,1663500000.0
ENNAKL,14/04/2026,ENNAKL,NKL,51.5,51.8,52.0,50.06,4201,214433.24,38,1554000000.0
ENNAKL,13/04/2026,ENNAKL,NKL,50.1,51.0,51.0,50.01,1939,97703.17,44,1530000000.0
ENNAKL,10/04/2026,ENNAKL,NKL,51.0,52.0,52.0,51.0,2480,128583.76,41,1560000000.0
EQDOM,03/06/2026,EQDOM,EQD,-,1414.0,-,-,-,-,-,2361733500.0
EQDOM,02/06/2026,EQDOM,EQD,1414.0,1414.0,1414.0,1414.0,192,271488.0,4,2361733500.0
EQDOM,01/06/2026,EQDOM,EQD,1334.0,1334.0,1334.0,1334.0,780,1040520.0,4,2228113500.0
EQDOM,26/05/2026,EQDOM,EQD,-,1419.0,-,-,-,-,-,2370084750.0
EQDOM,25/05/2026,EQDOM,EQD,-,1419.0,-,-,-,-,-,2370084750.0
EQDOM,22/05/2026,EQDOM,EQD,-,1419.0,-,-,-,-,-,2370084750.0
EQDOM,21/05/2026,EQDOM,EQD,1419.0,1419.0,1419.0,1419.0,143,202917.0,4,2370084750.0
EQDOM,20/05/2026,EQDOM,EQD,1420.0,1420.0,1420.0,1420.0,715,1015300.0,5,2371755000.0
EQDOM,19/05/2026,EQDOM,EQD,-,1398.0,-,-,-,-,-,2335009500.0
EQDOM,18/05/2026,EQDOM,EQD,1398.0,1398.0,1398.0,1398.0,146,204108.0,6,2335009500.0
EQDOM,15/05/2026,EQDOM,EQD,1398.0,1398.0,1398.0,1398.0,144,201312.0,4,2335009500.0
EQDOM,14/05/2026,EQDOM,EQD,1399.0,1399.0,1399.0,1399.0,5,6995.0,2,2336679750.0
EQDOM,13/05/2026,EQDOM,EQD,-,1340.0,-,-,-,-,-,2238135000.0
EQDOM,12/05/2026,EQDOM,EQD,1340.0,1340.0,1340.0,1340.0,10,13400.0,2,2238135000.0
EQDOM,11/05/2026,EQDOM,EQD,-,1340.0,-,-,-,-,-,2238135000.0
EQDOM,08/05/2026,EQDOM,EQD,-,1340.0,-,-,-,-,-,2238135000.0
EQDOM,07/05/2026,EQDOM,EQD,1340.0,1340.0,1340.0,1340.0,150,201000.0,2,2238135000.0
EQDOM,06/05/2026,EQDOM,EQD,-,1340.0,-,-,-,-,-,2238135000.0
EQDOM,05/05/2026,EQDOM,EQD,-,1340.0,-,-,-,-,-,2238135000.0
EQDOM,04/05/2026,EQDOM,EQD,-,1340.0,-,-,-,-,-,2238135000.0
EQDOM,30/04/2026,EQDOM,EQD,-,1340.0,-,-,-,-,-,2238135000.0
EQDOM,29/04/2026,EQDOM,EQD,-,1340.0,-,-,-,-,-,2238135000.0
EQDOM,28/04/2026,EQDOM,EQD,-,1340.0,-,-,-,-,-,2238135000.0
EQDOM,27/04/2026,EQDOM,EQD,1340.0,1340.0,1340.0,1340.0,85,113900.0,1,2238135000.0
EQDOM,24/04/2026,EQDOM,EQD,1390.0,1390.0,1390.0,1390.0,72,100080.0,2,2321647500.0
EQDOM,23/04/2026,EQDOM,EQD,-,1400.0,-,-,-,-,-,2338350000.0
EQDOM,22/04/2026,EQDOM,EQD,-,1400.0,-,-,-,-,-,2338350000.0
EQDOM,21/04/2026,EQDOM,EQD,-,1400.0,-,-,-,-,-,2338350000.0
EQDOM,20/04/2026,EQDOM,EQD,-,1400.0,-,-,-,-,-,2338350000.0
EQDOM,17/04/2026,EQDOM,EQD,1400.0,1400.0,1400.0,1400.0,5000,7000000.0,16,2338350000.0
EQDOM,16/04/2026,EQDOM,EQD,-,1330.0,-,-,-,-,-,2221432500.0
EQDOM,15/04/2026,EQDOM,EQD,1330.0,1330.0,1330.0,1330.0,100,133000.0,2,2221432500.0
EQDOM,14/04/2026,EQDOM,EQD,-,1390.0,-,-,-,-,-,2321647500.0
EQDOM,13/04/2026,EQDOM,EQD,1390.0,1390.0,1390.0,1390.0,100,139000.0,2,2321647500.0
EQDOM,10/04/2026,EQDOM,EQD,1390.0,1390.0,1390.0,1390.0,2753,3826670.0,2,2321647500.0
FENIE BROSSETTE,03/06/2026,FENIE BROSSETTE,FBR,292.5,300.0,304.95,281.0,627,177982.8,33,431695200.0
FENIE BROSSETTE,02/06/2026,FENIE BROSSETTE,FBR,296.0,291.3,296.0,290.3,33,9613.45,5,419176039.2
FENIE BROSSETTE,01/06/2026,FENIE BROSSETTE,FBR,305.0,296.0,306.95,296.0,311,92979.8,23,425939264.0
FENIE BROSSETTE,26/05/2026,FENIE BROSSETTE,FBR,306.95,300.0,306.95,295.0,154,45882.0,12,431695200.0
FENIE BROSSETTE,25/05/2026,FENIE BROSSETTE,FBR,302.0,298.0,313.0,298.0,437,132959.6,20,428817232.0
FENIE BROSSETTE,22/05/2026,FENIE BROSSETTE,FBR,302.0,298.0,302.0,298.0,315,94665.5,15,428817232.0
FENIE BROSSETTE,21/05/2026,FENIE BROSSETTE,FBR,300.0,297.0,300.0,295.0,370,109397.2,21,427378248.0
FENIE BROSSETTE,20/05/2026,FENIE BROSSETTE,FBR,295.0,301.8,301.8,295.0,275,81842.4,18,434285371.2
FENIE BROSSETTE,19/05/2026,FENIE BROSSETTE,FBR,295.0,308.5,308.5,295.0,437,129521.15,19,443926564.0
FENIE BROSSETTE,18/05/2026,FENIE BROSSETTE,FBR,313.0,294.5,313.0,294.5,1016,300402.8,37,423780788.0
FENIE BROSSETTE,15/05/2026,FENIE BROSSETTE,FBR,310.0,306.0,310.0,306.0,191,58574.6,14,440329104.0
FENIE BROSSETTE,14/05/2026,FENIE BROSSETTE,FBR,307.0,308.5,308.5,307.0,690,212045.5,18,443926564.0
FENIE BROSSETTE,13/05/2026,FENIE BROSSETTE,FBR,315.0,310.0,315.0,307.0,567,175775.55,19,446085040.0
FENIE BROSSETTE,12/05/2026,FENIE BROSSETTE,FBR,307.0,315.0,315.0,307.0,217,67226.7,12,453279960.0
FENIE BROSSETTE,11/05/2026,FENIE BROSSETTE,FBR,311.1,307.0,322.0,307.0,580,179722.6,34,441768088.0
FENIE BROSSETTE,08/05/2026,FENIE BROSSETTE,FBR,316.0,315.0,322.0,311.1,596,188501.15,35,453279960.0
FENIE BROSSETTE,07/05/2026,FENIE BROSSETTE,FBR,320.0,324.9,329.95,319.0,781,250675.15,37,467525901.6
FENIE BROSSETTE,06/05/2026,FENIE BROSSETTE,FBR,314.0,319.0,319.9,314.0,628,198503.4,27,459035896.0
FENIE BROSSETTE,05/05/2026,FENIE BROSSETTE,FBR,305.0,305.95,315.0,305.0,830,253771.7,44,440257154.8
FENIE BROSSETTE,04/05/2026,FENIE BROSSETTE,FBR,326.0,319.9,326.0,319.9,148,48168.7,9,460330981.6
FENIE BROSSETTE,30/04/2026,FENIE BROSSETTE,FBR,310.0,313.0,313.0,310.0,444,137670.0,13,450401992.0
FENIE BROSSETTE,29/04/2026,FENIE BROSSETTE,FBR,322.0,310.1,322.0,306.1,1733,549637.3,47,446228938.4
FENIE BROSSETTE,28/04/2026,FENIE BROSSETTE,FBR,328.9,324.0,328.95,322.0,583,188976.45,24,466230816.0
FENIE BROSSETTE,27/04/2026,FENIE BROSSETTE,FBR,320.0,328.9,329.0,320.0,195,64017.2,22,473281837.6
FENIE BROSSETTE,24/04/2026,FENIE BROSSETTE,FBR,329.0,328.9,329.0,320.1,931,300790.3,31,473281837.6
FENIE BROSSETTE,23/04/2026,FENIE BROSSETTE,FBR,320.0,329.0,329.0,320.0,2038,664510.4,56,473425736.0
FENIE BROSSETTE,22/04/2026,FENIE BROSSETTE,FBR,332.9,326.0,332.9,321.0,801,259294.1,29,469108784.0
FENIE BROSSETTE,21/04/2026,FENIE BROSSETTE,FBR,325.0,327.0,333.0,320.0,1835,589831.5,56,470547768.0
FENIE BROSSETTE,20/04/2026,FENIE BROSSETTE,FBR,315.1,324.0,328.5,315.0,2647,847682.6,62,466230816.0
FENIE BROSSETTE,17/04/2026,FENIE BROSSETTE,FBR,325.0,334.0,335.0,314.0,2132,695513.6,78,480620656.0
FENIE BROSSETTE,16/04/2026,FENIE BROSSETTE,FBR,317.8,320.0,330.0,315.3,3668,1185000.3,78,460474880.0
FENIE BROSSETTE,15/04/2026,FENIE BROSSETTE,FBR,301.0,312.0,325.0,301.0,7178,2271793.0,117,448963008.0
FENIE BROSSETTE,14/04/2026,FENIE BROSSETTE,FBR,287.0,299.0,299.0,287.0,1920,566030.35,55,430256216.0
FENIE BROSSETTE,13/04/2026,FENIE BROSSETTE,FBR,296.0,286.0,296.0,284.0,1673,478733.85,63,411549424.0
FENIE BROSSETTE,10/04/2026,FENIE BROSSETTE,FBR,299.9,297.9,299.9,290.0,1808,532130.4,54,428673333.6
HPS,03/06/2026,HPS,HPS,612.0,613.0,622.0,610.0,92,56604.0,17,4539994470.0
HPS,02/06/2026,HPS,HPS,610.0,612.0,623.0,610.0,5891,3615239.7,39,4532588280.0
HPS,01/06/2026,HPS,HPS,625.0,620.0,625.0,610.0,12322,7570400.2,62,4591837800.0
HPS,26/05/2026,HPS,HPS,634.0,615.0,634.0,615.0,5750,3542562.7,47,4554806850.0
HPS,25/05/2026,HPS,HPS,622.0,625.5,638.5,620.0,2185,1365249.9,40,4632571845.0
HPS,22/05/2026,HPS,HPS,612.1,614.0,615.0,612.0,1092,669390.1,24,4547400660.0
HPS,21/05/2026,HPS,HPS,607.0,612.1,619.0,602.0,441,270074.0,14,4533328899.0
HPS,20/05/2026,HPS,HPS,620.0,613.6,620.0,603.0,1092,667102.9,40,4544438184.0
HPS,19/05/2026,HPS,HPS,620.0,620.0,626.0,620.0,4059,2517338.3,26,4591837800.0
HPS,18/05/2026,HPS,HPS,625.0,623.0,625.0,602.0,1219,747523.4,31,4614056370.0
HPS,15/05/2026,HPS,HPS,623.5,628.0,629.0,615.0,2577,1598645.0,48,4651087320.0
HPS,14/05/2026,HPS,HPS,626.0,630.0,640.0,625.5,985,620054.7,42,4665899700.0
HPS,13/05/2026,HPS,HPS,642.7,625.5,642.7,625.5,5463,3434680.4,73,4632571845.0
HPS,12/05/2026,HPS,HPS,635.0,638.8,643.0,631.0,1007,639010.5,37,4731074172.0
HPS,11/05/2026,HPS,HPS,640.0,635.0,648.0,631.0,2074,1323669.3,53,4702930650.0
HPS,08/05/2026,HPS,HPS,640.0,640.0,650.0,640.0,1478,949121.8,41,4739961600.0
HPS,07/05/2026,HPS,HPS,650.0,641.0,655.0,641.0,22125,14323591.0,76,4747367790.0
HPS,06/05/2026,HPS,HPS,634.0,655.0,655.0,634.0,34846,22477064.8,251,4851054450.0
HPS,05/05/2026,HPS,HPS,617.0,620.0,621.0,612.0,3769,2326988.0,40,4591837800.0
HPS,04/05/2026,HPS,HPS,611.0,614.0,645.0,610.0,3246,2010537.3,67,4547400660.0
HPS,30/04/2026,HPS,HPS,613.0,614.9,624.7,600.0,12488,7534725.9,98,4554066231.0
HPS,29/04/2026,HPS,HPS,634.4,614.0,634.4,610.0,14355,8815283.1,94,4547400660.0
HPS,28/04/2026,HPS,HPS,640.0,618.0,648.0,618.0,12307,7627210.9,159,4577025420.0
HPS,27/04/2026,HPS,HPS,650.0,649.0,660.0,637.0,969,631287.7,69,4806617310.0
HPS,24/04/2026,HPS,HPS,636.0,638.0,648.6,636.0,28698,18308595.1,119,4725149220.0
HPS,23/04/2026,HPS,HPS,650.0,650.0,655.0,646.0,36915,23995170.6,126,4814023500.0
HPS,22/04/2026,HPS,HPS,653.0,655.0,668.0,653.0,23305,15261070.5,174,4851054450.0
HPS,21/04/2026,HPS,HPS,638.0,650.2,650.2,635.1,45838,29661456.9,191,4815504738.0
HPS,20/04/2026,HPS,HPS,622.0,638.0,643.9,617.0,43432,27619546.1,193,4725149220.0
HPS,17/04/2026,HPS,HPS,600.0,650.0,652.2,600.0,139190,89831002.2,729,4814023500.0
HPS,16/04/2026,HPS,HPS,575.0,593.0,593.0,574.0,17289,10069374.2,137,4391870670.0
HPS,15/04/2026,HPS,HPS,559.5,575.0,581.0,556.0,48229,27559906.2,137,4258559250.0
HPS,14/04/2026,HPS,HPS,543.0,555.0,555.0,530.0,9149,4963919.4,86,4110435450.0
HPS,13/04/2026,HPS,HPS,520.5,521.2,534.9,520.0,510,266172.0,33,3860106228.0
HPS,10/04/2026,HPS,HPS,534.9,545.0,545.0,534.9,5033,2734152.5,46,4036373550.0
IB MAROC.COM,03/06/2026,IB MAROC.COM,IBC,67.99,62.76,67.99,62.76,6,396.01,3,26201421.36
IB MAROC.COM,02/06/2026,IB MAROC.COM,IBC,-,62.61,-,-,-,-,-,26138798.46
IB MAROC.COM,01/06/2026,IB MAROC.COM,IBC,67.42,62.61,68.0,62.61,115,7741.96,8,26138798.46
IB MAROC.COM,26/05/2026,IB MAROC.COM,IBC,67.47,62.6,67.47,62.6,140,9153.5,9,26134623.6
IB MAROC.COM,25/05/2026,IB MAROC.COM,IBC,-,62.23,-,-,-,-,-,25980153.78
IB MAROC.COM,22/05/2026,IB MAROC.COM,IBC,67.99,62.23,67.99,62.23,22,1380.58,2,25980153.78
IB MAROC.COM,21/05/2026,IB MAROC.COM,IBC,63.0,63.0,63.1,63.0,7,441.2,3,26301618.0
IB MAROC.COM,20/05/2026,IB MAROC.COM,IBC,-,64.5,-,-,-,-,-,26927847.0
IB MAROC.COM,19/05/2026,IB MAROC.COM,IBC,-,64.5,-,-,-,-,-,26927847.0
IB MAROC.COM,18/05/2026,IB MAROC.COM,IBC,64.5,64.5,64.5,64.5,5,322.5,1,26927847.0
IB MAROC.COM,15/05/2026,IB MAROC.COM,IBC,-,64.5,-,-,-,-,-,26927847.0
IB MAROC.COM,14/05/2026,IB MAROC.COM,IBC,-,64.5,-,-,-,-,-,26927847.0
IB MAROC.COM,13/05/2026,IB MAROC.COM,IBC,64.5,64.5,64.5,64.5,2,129.0,1,26927847.0
IB MAROC.COM,12/05/2026,IB MAROC.COM,IBC,63.0,64.5,64.5,63.0,128,8142.2,3,26927847.0
IB MAROC.COM,11/05/2026,IB MAROC.COM,IBC,61.1,62.2,62.2,61.1,74,4591.1,5,25967629.2
IB MAROC.COM,08/05/2026,IB MAROC.COM,IBC,65.0,65.0,65.0,65.0,27,1755.0,3,27136590.0
IB MAROC.COM,07/05/2026,IB MAROC.COM,IBC,66.0,65.0,66.0,65.0,76,5011.0,4,27136590.0
IB MAROC.COM,06/05/2026,IB MAROC.COM,IBC,65.1,65.0,65.1,65.0,277,18008.0,10,27136590.0
IB MAROC.COM,05/05/2026,IB MAROC.COM,IBC,65.0,65.0,65.0,65.0,17,1105.0,1,27136590.0
IB MAROC.COM,04/05/2026,IB MAROC.COM,IBC,65.01,66.0,66.0,65.01,94,6163.41,6,27554076.0
IB MAROC.COM,30/04/2026,IB MAROC.COM,IBC,65.12,66.99,66.99,65.11,129,8467.94,6,27967387.14
IB MAROC.COM,29/04/2026,IB MAROC.COM,IBC,65.0,67.0,67.0,65.0,114,7421.4,9,27971562.0
IB MAROC.COM,28/04/2026,IB MAROC.COM,IBC,-,70.5,-,-,-,-,-,29432763.0
IB MAROC.COM,27/04/2026,IB MAROC.COM,IBC,72.0,70.5,72.0,70.5,34,2403.0,4,29432763.0
IB MAROC.COM,24/04/2026,IB MAROC.COM,IBC,69.0,70.0,70.0,69.0,167,11680.0,7,29224020.0
IB MAROC.COM,23/04/2026,IB MAROC.COM,IBC,69.0,69.0,72.0,69.0,1438,100889.1,30,28806534.0
IB MAROC.COM,22/04/2026,IB MAROC.COM,IBC,67.76,67.77,67.77,66.0,1140,77213.21,26,28293026.22
IB MAROC.COM,21/04/2026,IB MAROC.COM,IBC,58.01,61.61,68.19,58.01,74,4553.58,6,25721312.46
IB MAROC.COM,20/04/2026,IB MAROC.COM,IBC,62.0,62.0,62.0,62.0,54,3348.0,6,25884132.0
IB MAROC.COM,17/04/2026,IB MAROC.COM,IBC,63.0,63.9,63.9,61.0,62,3908.3,6,26677355.4
IB MAROC.COM,16/04/2026,IB MAROC.COM,IBC,64.0,63.0,64.0,63.0,128,8068.0,6,26301618.0
IB MAROC.COM,15/04/2026,IB MAROC.COM,IBC,63.0,63.6,64.5,63.0,394,25014.0,11,26552109.6
IB MAROC.COM,14/04/2026,IB MAROC.COM,IBC,62.4,62.3,62.4,62.0,79,4909.1,5,26009377.8
IB MAROC.COM,13/04/2026,IB MAROC.COM,IBC,62.38,62.38,62.38,62.38,25,1559.5,1,26042776.68
IB MAROC.COM,10/04/2026,IB MAROC.COM,IBC,62.4,61.5,62.4,61.5,85,5250.0,5,25675389.0
Holcim Maroc S.A,03/06/2026,Holcim Maroc S.A,LHM,1800.0,1800.0,1849.0,1800.0,4562,8211849.0,43,42176232000.0
Holcim Maroc S.A,02/06/2026,Holcim Maroc S.A,LHM,1870.0,1790.0,1870.0,1790.0,2305,4147221.0,71,41941919600.0
Holcim Maroc S.A,01/06/2026,Holcim Maroc S.A,LHM,1895.0,1806.0,1895.0,1806.0,27802,51729756.0,62,42316819440.0
Holcim Maroc S.A,26/05/2026,Holcim Maroc S.A,LHM,1860.0,1865.0,1865.0,1835.0,13452,25033781.0,56,43699262600.0
Holcim Maroc S.A,25/05/2026,Holcim Maroc S.A,LHM,1849.0,1859.0,1860.0,1806.0,11554,21429489.0,56,43558675160.0
Holcim Maroc S.A,22/05/2026,Holcim Maroc S.A,LHM,1839.0,1800.0,1839.0,1800.0,567,1025651.0,25,42176232000.0
Holcim Maroc S.A,21/05/2026,Holcim Maroc S.A,LHM,1842.0,1800.0,1842.0,1780.0,9603,17222746.0,50,42176232000.0
Holcim Maroc S.A,20/05/2026,Holcim Maroc S.A,LHM,1800.0,1780.0,1846.0,1770.0,3730,6639361.0,19,41707607200.0
Holcim Maroc S.A,19/05/2026,Holcim Maroc S.A,LHM,1799.0,1780.0,1850.0,1780.0,9529,17124908.0,65,41707607200.0
Holcim Maroc S.A,18/05/2026,Holcim Maroc S.A,LHM,1800.0,1799.0,1800.0,1780.0,3547,6333121.0,54,42152800760.0
Holcim Maroc S.A,15/05/2026,Holcim Maroc S.A,LHM,1800.0,1800.0,1800.0,1781.0,758,1362190.0,47,42176232000.0
Holcim Maroc S.A,14/05/2026,Holcim Maroc S.A,LHM,1820.0,1799.0,1853.0,1799.0,900,1620041.0,43,42152800760.0
Holcim Maroc S.A,13/05/2026,Holcim Maroc S.A,LHM,1815.0,1853.0,1867.0,1800.0,1751,3222832.0,45,43418087720.0
Holcim Maroc S.A,12/05/2026,Holcim Maroc S.A,LHM,1854.0,1815.0,1854.0,1810.0,2617,4737940.0,19,42527700600.0
Holcim Maroc S.A,11/05/2026,Holcim Maroc S.A,LHM,1850.0,1835.0,1850.0,1835.0,34,62692.0,12,42996325400.0
Holcim Maroc S.A,08/05/2026,Holcim Maroc S.A,LHM,1845.0,1849.0,1855.0,1825.0,358,660559.0,20,43324362760.0
Holcim Maroc S.A,07/05/2026,Holcim Maroc S.A,LHM,1860.0,1849.0,1860.0,1849.0,118,218878.0,18,43324362760.0
Holcim Maroc S.A,06/05/2026,Holcim Maroc S.A,LHM,1859.0,1859.0,1859.0,1830.0,3863,7078855.0,42,43558675160.0
Holcim Maroc S.A,05/05/2026,Holcim Maroc S.A,LHM,1840.0,1830.0,1849.0,1830.0,789,1444281.0,11,42879169200.0
Holcim Maroc S.A,04/05/2026,Holcim Maroc S.A,LHM,1850.0,1830.0,1855.0,1830.0,1176,2152580.0,18,42879169200.0
Holcim Maroc S.A,30/04/2026,Holcim Maroc S.A,LHM,1819.0,1848.0,1848.0,1800.0,1030,1874944.0,27,43300931520.0
Holcim Maroc S.A,29/04/2026,Holcim Maroc S.A,LHM,1869.0,1816.0,1869.0,1816.0,3124,5679666.0,23,42551131840.0
Holcim Maroc S.A,28/04/2026,Holcim Maroc S.A,LHM,1870.0,1820.0,1870.0,1820.0,4080,7426844.0,36,42644856800.0
Holcim Maroc S.A,27/04/2026,Holcim Maroc S.A,LHM,1835.0,1835.0,1867.0,1835.0,2962,5483754.0,31,42996325400.0
Holcim Maroc S.A,24/04/2026,Holcim Maroc S.A,LHM,1855.0,1870.0,1878.0,1840.0,3093,5719465.0,46,43816418800.0
Holcim Maroc S.A,23/04/2026,Holcim Maroc S.A,LHM,1853.0,1880.0,1880.0,1853.0,2760,5188035.0,40,44050731200.0
Holcim Maroc S.A,22/04/2026,Holcim Maroc S.A,LHM,1853.0,1875.0,1875.0,1841.0,2530,4728890.0,33,43933575000.0
Holcim Maroc S.A,21/04/2026,Holcim Maroc S.A,LHM,1875.0,1854.0,1875.0,1850.0,614,1144447.0,38,43441518960.0
Holcim Maroc S.A,20/04/2026,Holcim Maroc S.A,LHM,1861.0,1870.0,1872.0,1810.0,564,1041443.0,34,43816418800.0
Holcim Maroc S.A,17/04/2026,Holcim Maroc S.A,LHM,1845.0,1900.0,1900.0,1830.0,19062,35243601.0,106,44519356000.0
Holcim Maroc S.A,16/04/2026,Holcim Maroc S.A,LHM,1821.0,1843.0,1849.0,1820.0,2003,3691676.0,42,43183775320.0
Holcim Maroc S.A,15/04/2026,Holcim Maroc S.A,LHM,1850.0,1823.0,1850.0,1801.0,559,1016956.0,25,42715150520.0
Holcim Maroc S.A,14/04/2026,Holcim Maroc S.A,LHM,1800.0,1834.0,1875.0,1792.0,17617,31670093.0,121,42972894160.0
Holcim Maroc S.A,13/04/2026,Holcim Maroc S.A,LHM,1830.0,1800.0,1830.0,1786.0,835,1503519.0,50,42176232000.0
Holcim Maroc S.A,10/04/2026,Holcim Maroc S.A,LHM,1825.0,1835.0,1850.0,1810.0,5597,10273565.0,98,42996325400.0
Holcim Maroc S.A,09/04/2026,Holcim Maroc S.A,LHM,1824.0,1799.0,1825.0,1750.0,2503,4491850.0,35,42152800760.0
Holcim Maroc S.A,08/04/2026,Holcim Maroc S.A,LHM,1773.0,1780.0,1808.0,1773.0,12138,21713785.0,97,41707607200.0
Holcim Maroc S.A,07/04/2026,Holcim Maroc S.A,LHM,1750.0,1734.0,1750.0,1730.0,256,445972.0,23,40629770160.0
Holcim Maroc S.A,06/04/2026,Holcim Maroc S.A,LHM,1775.0,1749.0,1775.0,1749.0,204,357438.0,28,40981238760.0
Holcim Maroc S.A,03/04/2026,Holcim Maroc S.A,LHM,1759.0,1749.0,1778.0,1749.0,6388,11175975.0,40,40981238760.0
Holcim Maroc S.A,02/04/2026,Holcim Maroc S.A,LHM,1759.0,1765.0,1765.0,1749.0,108,189141.0,18,41356138600.0
Holcim Maroc S.A,01/04/2026,Holcim Maroc S.A,LHM,1768.0,1750.0,1780.0,1715.0,7642,13364668.0,61,41004670000.0
Holcim Maroc S.A,31/03/2026,Holcim Maroc S.A,LHM,1730.0,1700.0,1769.0,1700.0,1041,1771905.0,53,39833108000.0
Holcim Maroc S.A,30/03/2026,Holcim Maroc S.A,LHM,1772.0,1770.0,1772.0,1720.0,1264,2189009.0,29,41473294800.0
Holcim Maroc S.A,27/03/2026,Holcim Maroc S.A,LHM,1793.0,1720.0,1794.0,1720.0,6214,10699771.0,78,40301732800.0
Holcim Maroc S.A,26/03/2026,Holcim Maroc S.A,LHM,1790.0,1740.0,1807.0,1740.0,18073,32237506.0,95,40770357600.0
Holcim Maroc S.A,25/03/2026,Holcim Maroc S.A,LHM,1799.0,1794.0,1800.0,1770.0,6277,11241727.0,43,42035644560.0
Holcim Maroc S.A,24/03/2026,Holcim Maroc S.A,LHM,1767.0,1780.0,1790.0,1745.0,12556,22293318.0,59,41707607200.0
Holcim Maroc S.A,19/03/2026,Holcim Maroc S.A,LHM,1776.0,1750.0,1776.0,1740.0,3645,6354567.0,30,41004670000.0
Holcim Maroc S.A,18/03/2026,Holcim Maroc S.A,LHM,1728.0,1778.0,1778.0,1726.0,1100,1943329.0,31,41660744720.0
Holcim Maroc S.A,03/06/2026,Holcim Maroc S.A,LHM,1800.0,1800.0,1849.0,1800.0,4562,8211849.0,43,42176232000.0
Holcim Maroc S.A,02/06/2026,Holcim Maroc S.A,LHM,1870.0,1790.0,1870.0,1790.0,2305,4147221.0,71,41941919600.0
Holcim Maroc S.A,01/06/2026,Holcim Maroc S.A,LHM,1895.0,1806.0,1895.0,1806.0,27802,51729756.0,62,42316819440.0
Holcim Maroc S.A,26/05/2026,Holcim Maroc S.A,LHM,1860.0,1865.0,1865.0,1835.0,13452,25033781.0,56,43699262600.0
Holcim Maroc S.A,25/05/2026,Holcim Maroc S.A,LHM,1849.0,1859.0,1860.0,1806.0,11554,21429489.0,56,43558675160.0
Holcim Maroc S.A,22/05/2026,Holcim Maroc S.A,LHM,1839.0,1800.0,1839.0,1800.0,567,1025651.0,25,42176232000.0
Holcim Maroc S.A,21/05/2026,Holcim Maroc S.A,LHM,1842.0,1800.0,1842.0,1780.0,9603,17222746.0,50,42176232000.0
Holcim Maroc S.A,20/05/2026,Holcim Maroc S.A,LHM,1800.0,1780.0,1846.0,1770.0,3730,6639361.0,19,41707607200.0
Holcim Maroc S.A,19/05/2026,Holcim Maroc S.A,LHM,1799.0,1780.0,1850.0,1780.0,9529,17124908.0,65,41707607200.0
Holcim Maroc S.A,18/05/2026,Holcim Maroc S.A,LHM,1800.0,1799.0,1800.0,1780.0,3547,6333121.0,54,42152800760.0
Holcim Maroc S.A,15/05/2026,Holcim Maroc S.A,LHM,1800.0,1800.0,1800.0,1781.0,758,1362190.0,47,42176232000.0
Holcim Maroc S.A,14/05/2026,Holcim Maroc S.A,LHM,1820.0,1799.0,1853.0,1799.0,900,1620041.0,43,42152800760.0
Holcim Maroc S.A,13/05/2026,Holcim Maroc S.A,LHM,1815.0,1853.0,1867.0,1800.0,1751,3222832.0,45,43418087720.0
Holcim Maroc S.A,12/05/2026,Holcim Maroc S.A,LHM,1854.0,1815.0,1854.0,1810.0,2617,4737940.0,19,42527700600.0
Holcim Maroc S.A,11/05/2026,Holcim Maroc S.A,LHM,1850.0,1835.0,1850.0,1835.0,34,62692.0,12,42996325400.0
Holcim Maroc S.A,08/05/2026,Holcim Maroc S.A,LHM,1845.0,1849.0,1855.0,1825.0,358,660559.0,20,43324362760.0
Holcim Maroc S.A,07/05/2026,Holcim Maroc S.A,LHM,1860.0,1849.0,1860.0,1849.0,118,218878.0,18,43324362760.0
Holcim Maroc S.A,06/05/2026,Holcim Maroc S.A,LHM,1859.0,1859.0,1859.0,1830.0,3863,7078855.0,42,43558675160.0
Holcim Maroc S.A,05/05/2026,Holcim Maroc S.A,LHM,1840.0,1830.0,1849.0,1830.0,789,1444281.0,11,42879169200.0
Holcim Maroc S.A,04/05/2026,Holcim Maroc S.A,LHM,1850.0,1830.0,1855.0,1830.0,1176,2152580.0,18,42879169200.0
Holcim Maroc S.A,30/04/2026,Holcim Maroc S.A,LHM,1819.0,1848.0,1848.0,1800.0,1030,1874944.0,27,43300931520.0
Holcim Maroc S.A,29/04/2026,Holcim Maroc S.A,LHM,1869.0,1816.0,1869.0,1816.0,3124,5679666.0,23,42551131840.0
Holcim Maroc S.A,28/04/2026,Holcim Maroc S.A,LHM,1870.0,1820.0,1870.0,1820.0,4080,7426844.0,36,42644856800.0
Holcim Maroc S.A,27/04/2026,Holcim Maroc S.A,LHM,1835.0,1835.0,1867.0,1835.0,2962,5483754.0,31,42996325400.0
Holcim Maroc S.A,24/04/2026,Holcim Maroc S.A,LHM,1855.0,1870.0,1878.0,1840.0,3093,5719465.0,46,43816418800.0
Holcim Maroc S.A,23/04/2026,Holcim Maroc S.A,LHM,1853.0,1880.0,1880.0,1853.0,2760,5188035.0,40,44050731200.0
Holcim Maroc S.A,22/04/2026,Holcim Maroc S.A,LHM,1853.0,1875.0,1875.0,1841.0,2530,4728890.0,33,43933575000.0
Holcim Maroc S.A,21/04/2026,Holcim Maroc S.A,LHM,1875.0,1854.0,1875.0,1850.0,614,1144447.0,38,43441518960.0
Holcim Maroc S.A,20/04/2026,Holcim Maroc S.A,LHM,1861.0,1870.0,1872.0,1810.0,564,1041443.0,34,43816418800.0
Holcim Maroc S.A,17/04/2026,Holcim Maroc S.A,LHM,1845.0,1900.0,1900.0,1830.0,19062,35243601.0,106,44519356000.0
Holcim Maroc S.A,16/04/2026,Holcim Maroc S.A,LHM,1821.0,1843.0,1849.0,1820.0,2003,3691676.0,42,43183775320.0
Holcim Maroc S.A,15/04/2026,Holcim Maroc S.A,LHM,1850.0,1823.0,1850.0,1801.0,559,1016956.0,25,42715150520.0
Holcim Maroc S.A,14/04/2026,Holcim Maroc S.A,LHM,1800.0,1834.0,1875.0,1792.0,17617,31670093.0,121,42972894160.0
Holcim Maroc S.A,13/04/2026,Holcim Maroc S.A,LHM,1830.0,1800.0,1830.0,1786.0,835,1503519.0,50,42176232000.0
Holcim Maroc S.A,10/04/2026,Holcim Maroc S.A,LHM,1825.0,1835.0,1850.0,1810.0,5597,10273565.0,98,42996325400.0
Holcim Maroc S.A,09/04/2026,Holcim Maroc S.A,LHM,1824.0,1799.0,1825.0,1750.0,2503,4491850.0,35,42152800760.0
Holcim Maroc S.A,08/04/2026,Holcim Maroc S.A,LHM,1773.0,1780.0,1808.0,1773.0,12138,21713785.0,97,41707607200.0
Holcim Maroc S.A,07/04/2026,Holcim Maroc S.A,LHM,1750.0,1734.0,1750.0,1730.0,256,445972.0,23,40629770160.0
Holcim Maroc S.A,06/04/2026,Holcim Maroc S.A,LHM,1775.0,1749.0,1775.0,1749.0,204,357438.0,28,40981238760.0
Holcim Maroc S.A,03/04/2026,Holcim Maroc S.A,LHM,1759.0,1749.0,1778.0,1749.0,6388,11175975.0,40,40981238760.0
Holcim Maroc S.A,02/04/2026,Holcim Maroc S.A,LHM,1759.0,1765.0,1765.0,1749.0,108,189141.0,18,41356138600.0
Holcim Maroc S.A,01/04/2026,Holcim Maroc S.A,LHM,1768.0,1750.0,1780.0,1715.0,7642,13364668.0,61,41004670000.0
Holcim Maroc S.A,31/03/2026,Holcim Maroc S.A,LHM,1730.0,1700.0,1769.0,1700.0,1041,1771905.0,53,39833108000.0
Holcim Maroc S.A,30/03/2026,Holcim Maroc S.A,LHM,1772.0,1770.0,1772.0,1720.0,1264,2189009.0,29,41473294800.0
Holcim Maroc S.A,27/03/2026,Holcim Maroc S.A,LHM,1793.0,1720.0,1794.0,1720.0,6214,10699771.0,78,40301732800.0
Holcim Maroc S.A,26/03/2026,Holcim Maroc S.A,LHM,1790.0,1740.0,1807.0,1740.0,18073,32237506.0,95,40770357600.0
Holcim Maroc S.A,25/03/2026,Holcim Maroc S.A,LHM,1799.0,1794.0,1800.0,1770.0,6277,11241727.0,43,42035644560.0
Holcim Maroc S.A,24/03/2026,Holcim Maroc S.A,LHM,1767.0,1780.0,1790.0,1745.0,12556,22293318.0,59,41707607200.0
Holcim Maroc S.A,19/03/2026,Holcim Maroc S.A,LHM,1776.0,1750.0,1776.0,1740.0,3645,6354567.0,30,41004670000.0
Holcim Maroc S.A,18/03/2026,Holcim Maroc S.A,LHM,1728.0,1778.0,1778.0,1726.0,1100,1943329.0,31,41660744720.0
Holcim Maroc S.A,03/06/2026,Holcim Maroc S.A,LHM,1800.0,1800.0,1849.0,1800.0,4562,8211849.0,43,42176232000.0
Holcim Maroc S.A,02/06/2026,Holcim Maroc S.A,LHM,1870.0,1790.0,1870.0,1790.0,2305,4147221.0,71,41941919600.0
Holcim Maroc S.A,01/06/2026,Holcim Maroc S.A,LHM,1895.0,1806.0,1895.0,1806.0,27802,51729756.0,62,42316819440.0
Holcim Maroc S.A,26/05/2026,Holcim Maroc S.A,LHM,1860.0,1865.0,1865.0,1835.0,13452,25033781.0,56,43699262600.0
Holcim Maroc S.A,25/05/2026,Holcim Maroc S.A,LHM,1849.0,1859.0,1860.0,1806.0,11554,21429489.0,56,43558675160.0
Holcim Maroc S.A,22/05/2026,Holcim Maroc S.A,LHM,1839.0,1800.0,1839.0,1800.0,567,1025651.0,25,42176232000.0
Holcim Maroc S.A,21/05/2026,Holcim Maroc S.A,LHM,1842.0,1800.0,1842.0,1780.0,9603,17222746.0,50,42176232000.0
Holcim Maroc S.A,20/05/2026,Holcim Maroc S.A,LHM,1800.0,1780.0,1846.0,1770.0,3730,6639361.0,19,41707607200.0
Holcim Maroc S.A,19/05/2026,Holcim Maroc S.A,LHM,1799.0,1780.0,1850.0,1780.0,9529,17124908.0,65,41707607200.0
Holcim Maroc S.A,18/05/2026,Holcim Maroc S.A,LHM,1800.0,1799.0,1800.0,1780.0,3547,6333121.0,54,42152800760.0
Holcim Maroc S.A,15/05/2026,Holcim Maroc S.A,LHM,1800.0,1800.0,1800.0,1781.0,758,1362190.0,47,42176232000.0
Holcim Maroc S.A,14/05/2026,Holcim Maroc S.A,LHM,1820.0,1799.0,1853.0,1799.0,900,1620041.0,43,42152800760.0
Holcim Maroc S.A,13/05/2026,Holcim Maroc S.A,LHM,1815.0,1853.0,1867.0,1800.0,1751,3222832.0,45,43418087720.0
Holcim Maroc S.A,12/05/2026,Holcim Maroc S.A,LHM,1854.0,1815.0,1854.0,1810.0,2617,4737940.0,19,42527700600.0
Holcim Maroc S.A,11/05/2026,Holcim Maroc S.A,LHM,1850.0,1835.0,1850.0,1835.0,34,62692.0,12,42996325400.0
Holcim Maroc S.A,08/05/2026,Holcim Maroc S.A,LHM,1845.0,1849.0,1855.0,1825.0,358,660559.0,20,43324362760.0
Holcim Maroc S.A,07/05/2026,Holcim Maroc S.A,LHM,1860.0,1849.0,1860.0,1849.0,118,218878.0,18,43324362760.0
Holcim Maroc S.A,06/05/2026,Holcim Maroc S.A,LHM,1859.0,1859.0,1859.0,1830.0,3863,7078855.0,42,43558675160.0
Holcim Maroc S.A,05/05/2026,Holcim Maroc S.A,LHM,1840.0,1830.0,1849.0,1830.0,789,1444281.0,11,42879169200.0
Holcim Maroc S.A,04/05/2026,Holcim Maroc S.A,LHM,1850.0,1830.0,1855.0,1830.0,1176,2152580.0,18,42879169200.0
Holcim Maroc S.A,30/04/2026,Holcim Maroc S.A,LHM,1819.0,1848.0,1848.0,1800.0,1030,1874944.0,27,43300931520.0
Holcim Maroc S.A,29/04/2026,Holcim Maroc S.A,LHM,1869.0,1816.0,1869.0,1816.0,3124,5679666.0,23,42551131840.0
Holcim Maroc S.A,28/04/2026,Holcim Maroc S.A,LHM,1870.0,1820.0,1870.0,1820.0,4080,7426844.0,36,42644856800.0
Holcim Maroc S.A,27/04/2026,Holcim Maroc S.A,LHM,1835.0,1835.0,1867.0,1835.0,2962,5483754.0,31,42996325400.0
Holcim Maroc S.A,24/04/2026,Holcim Maroc S.A,LHM,1855.0,1870.0,1878.0,1840.0,3093,5719465.0,46,43816418800.0
Holcim Maroc S.A,23/04/2026,Holcim Maroc S.A,LHM,1853.0,1880.0,1880.0,1853.0,2760,5188035.0,40,44050731200.0
Holcim Maroc S.A,22/04/2026,Holcim Maroc S.A,LHM,1853.0,1875.0,1875.0,1841.0,2530,4728890.0,33,43933575000.0
Holcim Maroc S.A,21/04/2026,Holcim Maroc S.A,LHM,1875.0,1854.0,1875.0,1850.0,614,1144447.0,38,43441518960.0
Holcim Maroc S.A,20/04/2026,Holcim Maroc S.A,LHM,1861.0,1870.0,1872.0,1810.0,564,1041443.0,34,43816418800.0
Holcim Maroc S.A,17/04/2026,Holcim Maroc S.A,LHM,1845.0,1900.0,1900.0,1830.0,19062,35243601.0,106,44519356000.0
Holcim Maroc S.A,16/04/2026,Holcim Maroc S.A,LHM,1821.0,1843.0,1849.0,1820.0,2003,3691676.0,42,43183775320.0
Holcim Maroc S.A,15/04/2026,Holcim Maroc S.A,LHM,1850.0,1823.0,1850.0,1801.0,559,1016956.0,25,42715150520.0
Holcim Maroc S.A,14/04/2026,Holcim Maroc S.A,LHM,1800.0,1834.0,1875.0,1792.0,17617,31670093.0,121,42972894160.0
Holcim Maroc S.A,13/04/2026,Holcim Maroc S.A,LHM,1830.0,1800.0,1830.0,1786.0,835,1503519.0,50,42176232000.0
Holcim Maroc S.A,10/04/2026,Holcim Maroc S.A,LHM,1825.0,1835.0,1850.0,1810.0,5597,10273565.0,98,42996325400.0
Holcim Maroc S.A,09/04/2026,Holcim Maroc S.A,LHM,1824.0,1799.0,1825.0,1750.0,2503,4491850.0,35,42152800760.0
Holcim Maroc S.A,08/04/2026,Holcim Maroc S.A,LHM,1773.0,1780.0,1808.0,1773.0,12138,21713785.0,97,41707607200.0
Holcim Maroc S.A,07/04/2026,Holcim Maroc S.A,LHM,1750.0,1734.0,1750.0,1730.0,256,445972.0,23,40629770160.0
Holcim Maroc S.A,06/04/2026,Holcim Maroc S.A,LHM,1775.0,1749.0,1775.0,1749.0,204,357438.0,28,40981238760.0
Holcim Maroc S.A,03/04/2026,Holcim Maroc S.A,LHM,1759.0,1749.0,1778.0,1749.0,6388,11175975.0,40,40981238760.0
Holcim Maroc S.A,02/04/2026,Holcim Maroc S.A,LHM,1759.0,1765.0,1765.0,1749.0,108,189141.0,18,41356138600.0
Holcim Maroc S.A,01/04/2026,Holcim Maroc S.A,LHM,1768.0,1750.0,1780.0,1715.0,7642,13364668.0,61,41004670000.0
Holcim Maroc S.A,31/03/2026,Holcim Maroc S.A,LHM,1730.0,1700.0,1769.0,1700.0,1041,1771905.0,53,39833108000.0
Holcim Maroc S.A,30/03/2026,Holcim Maroc S.A,LHM,1772.0,1770.0,1772.0,1720.0,1264,2189009.0,29,41473294800.0
Holcim Maroc S.A,27/03/2026,Holcim Maroc S.A,LHM,1793.0,1720.0,1794.0,1720.0,6214,10699771.0,78,40301732800.0
Holcim Maroc S.A,26/03/2026,Holcim Maroc S.A,LHM,1790.0,1740.0,1807.0,1740.0,18073,32237506.0,95,40770357600.0
Holcim Maroc S.A,25/03/2026,Holcim Maroc S.A,LHM,1799.0,1794.0,1800.0,1770.0,6277,11241727.0,43,42035644560.0
Holcim Maroc S.A,24/03/2026,Holcim Maroc S.A,LHM,1767.0,1780.0,1790.0,1745.0,12556,22293318.0,59,41707607200.0
Holcim Maroc S.A,19/03/2026,Holcim Maroc S.A,LHM,1776.0,1750.0,1776.0,1740.0,3645,6354567.0,30,41004670000.0
Holcim Maroc S.A,18/03/2026,Holcim Maroc S.A,LHM,1728.0,1778.0,1778.0,1726.0,1100,1943329.0,31,41660744720.0
Holcim Maroc S.A,17/03/2026,Holcim Maroc S.A,LHM,1738.0,1730.0,1738.0,1730.0,4077,7054515.0,25,40536045200.0
Holcim Maroc S.A,16/03/2026,Holcim Maroc S.A,LHM,1743.0,1730.0,1743.0,1725.0,3764,6512345.0,37,40536045200.0
Holcim Maroc S.A,13/03/2026,Holcim Maroc S.A,LHM,1763.0,1745.0,1763.0,1721.0,12412,21675068.0,66,40887513800.0
Holcim Maroc S.A,12/03/2026,Holcim Maroc S.A,LHM,1760.0,1760.0,1780.0,1723.0,17302,30475758.0,112,41238982400.0
Holcim Maroc S.A,11/03/2026,Holcim Maroc S.A,LHM,1716.0,1759.0,1759.0,1701.0,39541,69176419.0,214,41215551160.0
Holcim Maroc S.A,10/03/2026,Holcim Maroc S.A,LHM,1632.0,1600.0,1639.0,1600.0,7991,12840712.0,84,37489984000.0
Holcim Maroc S.A,09/03/2026,Holcim Maroc S.A,LHM,1600.0,1550.0,1600.0,1550.0,9025,14124653.0,153,36318422000.0
Holcim Maroc S.A,06/03/2026,Holcim Maroc S.A,LHM,1635.0,1610.0,1685.0,1600.0,18629,30150729.0,151,37724296400.0
Holcim Maroc S.A,05/03/2026,Holcim Maroc S.A,LHM,1600.0,1631.0,1631.0,1573.0,5082,8209548.0,121,38216352440.0
Holcim Maroc S.A,04/03/2026,Holcim Maroc S.A,LHM,1599.0,1500.0,1635.0,1500.0,10359,15681949.0,245,35146860000.0
Holcim Maroc S.A,03/03/2026,Holcim Maroc S.A,LHM,1560.0,1500.0,1640.0,1500.0,9124,13772965.0,244,35146860000.0
Holcim Maroc S.A,02/03/2026,Holcim Maroc S.A,LHM,1597.0,1549.0,1600.0,1549.0,15813,24882687.0,403,36294990760.0
Holcim Maroc S.A,27/02/2026,Holcim Maroc S.A,LHM,1699.0,1655.0,1699.0,1655.0,28512,47424427.0,443,38778702200.0
Holcim Maroc S.A,26/02/2026,Holcim Maroc S.A,LHM,1750.0,1700.0,1785.0,1690.0,4852,8276072.0,197,39833108000.0
Holcim Maroc S.A,25/02/2026,Holcim Maroc S.A,LHM,1780.0,1750.0,1792.0,1750.0,4531,8020611.0,119,41004670000.0
Holcim Maroc S.A,24/02/2026,Holcim Maroc S.A,LHM,1792.0,1781.0,1800.0,1781.0,3675,6555846.0,49,41731038440.0
Holcim Maroc S.A,23/02/2026,Holcim Maroc S.A,LHM,1800.0,1791.0,1809.0,1791.0,1297,2323207.0,27,41965350840.0
Holcim Maroc S.A,20/02/2026,Holcim Maroc S.A,LHM,1809.0,1800.0,1809.0,1790.0,14573,26215335.0,46,42176232000.0
Holcim Maroc S.A,19/02/2026,Holcim Maroc S.A,LHM,1800.0,1800.0,1810.0,1787.0,299,538076.0,17,42176232000.0
Holcim Maroc S.A,18/02/2026,Holcim Maroc S.A,LHM,1800.0,1790.0,1800.0,1790.0,2812,5042233.0,68,41941919600.0
Holcim Maroc S.A,17/02/2026,Holcim Maroc S.A,LHM,1800.0,1800.0,1800.0,1795.0,7802,14043474.0,53,42176232000.0
Holcim Maroc S.A,16/02/2026,Holcim Maroc S.A,LHM,1820.0,1818.0,1823.0,1785.0,3741,6774521.0,37,42597994320.0
Holcim Maroc S.A,13/02/2026,Holcim Maroc S.A,LHM,1790.0,1785.0,1799.0,1785.0,16151,28920112.0,56,41824763400.0
Holcim Maroc S.A,12/02/2026,Holcim Maroc S.A,LHM,1802.0,1785.0,1802.0,1780.0,10794,19232951.0,49,41824763400.0
Holcim Maroc S.A,11/02/2026,Holcim Maroc S.A,LHM,1799.0,1785.0,1800.0,1784.0,5498,9822208.0,33,41824763400.0
Holcim Maroc S.A,10/02/2026,Holcim Maroc S.A,LHM,1790.0,1783.0,1804.0,1783.0,5151,9210372.0,28,41777900920.0
Holcim Maroc S.A,09/02/2026,Holcim Maroc S.A,LHM,1799.0,1792.0,1830.0,1763.0,3174,5706594.0,30,41988782080.0
Holcim Maroc S.A,06/02/2026,Holcim Maroc S.A,LHM,1790.0,1799.0,1799.0,1762.0,7603,13472180.0,57,42152800760.0
Holcim Maroc S.A,05/02/2026,Holcim Maroc S.A,LHM,1806.0,1762.0,1806.0,1762.0,1117,1972213.0,88,41285844880.0
Holcim Maroc S.A,04/02/2026,Holcim Maroc S.A,LHM,1808.0,1799.0,1814.0,1786.0,4594,8269358.0,34,42152800760.0
Holcim Maroc S.A,03/02/2026,Holcim Maroc S.A,LHM,1827.0,1775.0,1827.0,1775.0,3066,5497076.0,65,41590451000.0
Holcim Maroc S.A,02/02/2026,Holcim Maroc S.A,LHM,1830.0,1800.0,1830.0,1800.0,1789,3223927.0,71,42176232000.0
Holcim Maroc S.A,30/01/2026,Holcim Maroc S.A,LHM,1808.0,1806.0,1841.0,1800.0,4387,7921214.0,66,42316819440.0
Holcim Maroc S.A,29/01/2026,Holcim Maroc S.A,LHM,1801.0,1811.0,1840.0,1801.0,2656,4814505.0,49,42433975640.0
Holcim Maroc S.A,28/01/2026,Holcim Maroc S.A,LHM,1821.0,1820.0,1840.0,1820.0,2640,4813282.0,35,42644856800.0
Holcim Maroc S.A,27/01/2026,Holcim Maroc S.A,LHM,1810.0,1820.0,1830.0,1810.0,5359,9753674.0,18,42644856800.0
Holcim Maroc S.A,26/01/2026,Holcim Maroc S.A,LHM,1830.0,1801.0,1840.0,1801.0,2485,4537326.0,39,42199663240.0
Holcim Maroc S.A,23/01/2026,Holcim Maroc S.A,LHM,1862.0,1830.0,1862.0,1830.0,11673,21364119.0,49,42879169200.0
Holcim Maroc S.A,22/01/2026,Holcim Maroc S.A,LHM,1843.0,1844.0,1850.0,1820.0,3224,5875483.0,35,43207206560.0
Holcim Maroc S.A,21/01/2026,Holcim Maroc S.A,LHM,1845.0,1820.0,1845.0,1815.0,1375,2498027.0,37,42644856800.0
Holcim Maroc S.A,20/01/2026,Holcim Maroc S.A,LHM,1866.0,1820.0,1866.0,1820.0,7043,12822447.0,49,42644856800.0
Holcim Maroc S.A,19/01/2026,Holcim Maroc S.A,LHM,1877.0,1807.0,1877.0,1807.0,5532,10082840.0,57,42340250680.0
Holcim Maroc S.A,16/01/2026,Holcim Maroc S.A,LHM,1878.0,1849.0,1878.0,1849.0,8794,16284989.0,77,43324362760.0
Holcim Maroc S.A,15/01/2026,Holcim Maroc S.A,LHM,1878.0,1865.0,1878.0,1850.0,5131,9569113.0,52,43699262600.0
Holcim Maroc S.A,13/01/2026,Holcim Maroc S.A,LHM,1860.0,1850.0,1877.0,1850.0,5298,9829932.0,50,43347794000.0
Holcim Maroc S.A,12/01/2026,Holcim Maroc S.A,LHM,1872.0,1877.0,1877.0,1851.0,3539,6631992.0,47,43980437480.0
Holcim Maroc S.A,09/01/2026,Holcim Maroc S.A,LHM,1875.0,1870.0,1875.0,1852.0,10751,20104391.0,32,43816418800.0
Holcim Maroc S.A,08/01/2026,Holcim Maroc S.A,LHM,1870.0,1872.0,1877.0,1860.0,1131,2105270.0,16,43863281280.0
Holcim Maroc S.A,07/01/2026,Holcim Maroc S.A,LHM,1871.0,1870.0,1871.0,1852.0,3177,5928908.0,47,43816418800.0
Holcim Maroc S.A,06/01/2026,Holcim Maroc S.A,LHM,1876.0,1873.0,1876.0,1850.0,4689,8723489.0,45,43886712520.0
Holcim Maroc S.A,05/01/2026,Holcim Maroc S.A,LHM,1870.0,1870.0,1876.0,1850.0,7866,14566240.0,61,43816418800.0
Holcim Maroc S.A,02/01/2026,Holcim Maroc S.A,LHM,1848.0,1850.0,1860.0,1840.0,8111,15005243.0,44,43347794000.0
Holcim Maroc S.A,31/12/2025,Holcim Maroc S.A,LHM,1838.0,1840.0,1842.0,1805.0,4270,7850017.0,50,43113481600.0
Holcim Maroc S.A,30/12/2025,Holcim Maroc S.A,LHM,1843.0,1805.0,1843.0,1790.0,36398,65239782.0,41,42293388200.0
Holcim Maroc S.A,29/12/2025,Holcim Maroc S.A,LHM,1846.0,1780.0,1846.0,1780.0,1490,2669311.0,102,41707607200.0
Holcim Maroc S.A,26/12/2025,Holcim Maroc S.A,LHM,1873.0,1700.0,1873.0,1700.0,16157,27518150.0,128,39833108000.0
Holcim Maroc S.A,25/12/2025,Holcim Maroc S.A,LHM,1840.0,1811.0,1870.0,1811.0,4188,7594668.0,51,42433975640.0
Holcim Maroc S.A,24/12/2025,Holcim Maroc S.A,LHM,1840.0,1810.0,1844.0,1810.0,2655,4818860.0,46,42410544400.0
Holcim Maroc S.A,23/12/2025,Holcim Maroc S.A,LHM,1850.0,1807.0,1850.0,1807.0,1450,2636500.0,52,42340250680.0
Holcim Maroc S.A,22/12/2025,Holcim Maroc S.A,LHM,1877.0,1842.0,1877.0,1842.0,37,68421.0,11,43160344080.0
Holcim Maroc S.A,19/12/2025,Holcim Maroc S.A,LHM,1865.0,1840.0,1878.0,1840.0,145843,271387733.0,59,43113481600.0
Holcim Maroc S.A,18/12/2025,Holcim Maroc S.A,LHM,1850.0,1850.0,1865.0,1850.0,3394,6288763.0,50,43347794000.0
Holcim Maroc S.A,17/12/2025,Holcim Maroc S.A,LHM,1850.0,1862.0,1865.0,1850.0,155,287426.0,10,43628968880.0
Holcim Maroc S.A,16/12/2025,Holcim Maroc S.A,LHM,1852.0,1840.0,1880.0,1840.0,1774,3278249.0,32,43113481600.0
Holcim Maroc S.A,15/12/2025,Holcim Maroc S.A,LHM,1879.0,1850.0,1884.0,1845.0,5590,10342130.0,24,43347794000.0
Holcim Maroc S.A,12/12/2025,Holcim Maroc S.A,LHM,1890.0,1832.0,1890.0,1832.0,2942,5393949.0,45,42926031680.0
Holcim Maroc S.A,11/12/2025,Holcim Maroc S.A,LHM,1870.0,1850.0,1925.0,1850.0,688,1281155.0,40,43347794000.0
Holcim Maroc S.A,10/12/2025,Holcim Maroc S.A,LHM,1868.0,1850.0,1896.0,1850.0,93458,172899100.0,38,43347794000.0
Holcim Maroc S.A,09/12/2025,Holcim Maroc S.A,LHM,1840.0,1842.0,1849.0,1840.0,756,1393247.0,14,43160344080.0
Holcim Maroc S.A,08/12/2025,Holcim Maroc S.A,LHM,1832.0,1840.0,1840.0,1832.0,88,161668.0,21,43113481600.0
Holcim Maroc S.A,05/12/2025,Holcim Maroc S.A,LHM,1826.0,1831.0,1839.0,1812.0,44568,81603457.0,21,42902600440.0
Holcim Maroc S.A,04/12/2025,Holcim Maroc S.A,LHM,1840.0,1830.0,1840.0,1825.0,508,929873.0,24,42879169200.0
Holcim Maroc S.A,03/12/2025,Holcim Maroc S.A,LHM,1826.0,1825.0,1840.0,1825.0,22285,40708396.0,47,42762013000.0
Holcim Maroc S.A,02/12/2025,Holcim Maroc S.A,LHM,1824.0,1830.0,1859.0,1824.0,1121,2071310.0,20,42879169200.0
Holcim Maroc S.A,01/12/2025,Holcim Maroc S.A,LHM,1870.0,1848.0,1876.0,1840.0,184,341469.0,25,43300931520.0
Holcim Maroc S.A,28/11/2025,Holcim Maroc S.A,LHM,1879.0,1850.0,1879.0,1850.0,1552,2876230.0,25,43347794000.0
Holcim Maroc S.A,27/11/2025,Holcim Maroc S.A,LHM,1850.0,1851.0,1888.0,1850.0,4040,7497357.0,41,43371225240.0
Holcim Maroc S.A,26/11/2025,Holcim Maroc S.A,LHM,1850.0,1880.0,1885.0,1850.0,2920,5464440.0,17,44050731200.0
Holcim Maroc S.A,25/11/2025,Holcim Maroc S.A,LHM,1889.0,1855.0,1890.0,1835.0,2074,3849145.0,16,43464950200.0
Holcim Maroc S.A,24/11/2025,Holcim Maroc S.A,LHM,1867.0,1888.0,1888.0,1817.0,3597,6727204.0,43,44238181120.0
Holcim Maroc S.A,21/11/2025,Holcim Maroc S.A,LHM,1866.0,1815.0,1866.0,1802.0,10418,18791136.0,43,42527700600.0
Holcim Maroc S.A,20/11/2025,Holcim Maroc S.A,LHM,1840.0,1802.0,1859.0,1802.0,1123,2024751.0,41,42223094480.0
Holcim Maroc S.A,19/11/2025,Holcim Maroc S.A,LHM,1840.0,1860.0,1870.0,1840.0,284,526387.0,37,43582106400.0
Holcim Maroc S.A,17/11/2025,Holcim Maroc S.A,LHM,1898.0,1859.0,1898.0,1840.0,1138,2099216.0,22,43558675160.0
Holcim Maroc S.A,14/11/2025,Holcim Maroc S.A,LHM,1897.0,1830.0,1897.0,1830.0,11212,21061638.0,59,42879169200.0
Holcim Maroc S.A,13/11/2025,Holcim Maroc S.A,LHM,1902.0,1899.0,1902.0,1899.0,254,482601.0,5,44495924760.0
Holcim Maroc S.A,12/11/2025,Holcim Maroc S.A,LHM,1876.0,1898.0,1902.0,1875.0,43,81473.0,16,44472493520.0
Holcim Maroc S.A,11/11/2025,Holcim Maroc S.A,LHM,1939.0,1870.0,1939.0,1870.0,1762,3307647.0,52,43816418800.0
Holcim Maroc S.A,10/11/2025,Holcim Maroc S.A,LHM,1954.0,1939.0,1954.0,1932.0,494,957710.0,10,45433174360.0
Holcim Maroc S.A,07/11/2025,Holcim Maroc S.A,LHM,1959.0,1933.0,1959.0,1933.0,2855,5520754.0,22,45292586920.0
Holcim Maroc S.A,05/11/2025,Holcim Maroc S.A,LHM,1969.0,1964.0,1969.0,1932.0,64,124565.0,8,46018955360.0
Holcim Maroc S.A,04/11/2025,Holcim Maroc S.A,LHM,1985.0,1969.0,1985.0,1945.0,364,715785.0,28,46136111560.0
Holcim Maroc S.A,03/11/2025,Holcim Maroc S.A,LHM,1993.0,1980.0,2000.0,1966.0,4218,8397917.0,68,46393855200.0
Holcim Maroc S.A,31/10/2025,Holcim Maroc S.A,LHM,1902.0,1948.0,1969.0,1902.0,21648,41977217.0,91,45644055520.0
Holcim Maroc S.A,30/10/2025,Holcim Maroc S.A,LHM,1919.0,1902.0,1919.0,1899.0,5135,9766863.0,35,44566218480.0
Holcim Maroc S.A,29/10/2025,Holcim Maroc S.A,LHM,1897.0,1897.0,1914.0,1893.0,7972,15134028.0,27,44449062280.0
Holcim Maroc S.A,28/10/2025,Holcim Maroc S.A,LHM,1908.0,1898.0,1913.0,1890.0,6801,12909955.0,47,44472493520.0
Holcim Maroc S.A,27/10/2025,Holcim Maroc S.A,LHM,1909.0,1908.0,1910.0,1890.0,340,648847.0,12,44706805920.0
Holcim Maroc S.A,24/10/2025,Holcim Maroc S.A,LHM,1899.0,1900.0,1900.0,1870.0,8235,15646169.0,35,44519356000.0
Holcim Maroc S.A,23/10/2025,Holcim Maroc S.A,LHM,1900.0,1898.0,1900.0,1890.0,948,1800778.0,18,44472493520.0
Holcim Maroc S.A,22/10/2025,Holcim Maroc S.A,LHM,1920.0,1900.0,1920.0,1882.0,1810,3430369.0,30,44519356000.0
Holcim Maroc S.A,21/10/2025,Holcim Maroc S.A,LHM,1885.0,1914.0,1920.0,1875.0,7075,13373079.0,46,44847393360.0
Holcim Maroc S.A,20/10/2025,Holcim Maroc S.A,LHM,1875.0,1883.0,1884.0,1828.0,1416,2630397.0,28,44121024920.0
Holcim Maroc S.A,17/10/2025,Holcim Maroc S.A,LHM,1860.0,1844.0,1860.0,1844.0,11022,20370368.0,25,43207206560.0
Holcim Maroc S.A,16/10/2025,Holcim Maroc S.A,LHM,1876.0,1860.0,1876.0,1820.0,356,651715.0,33,43582106400.0
Holcim Maroc S.A,15/10/2025,Holcim Maroc S.A,LHM,1847.0,1837.0,1866.0,1806.0,4448,8065934.0,35,43043187880.0
Holcim Maroc S.A,14/10/2025,Holcim Maroc S.A,LHM,1850.0,1806.0,1879.0,1805.0,16835,30414727.0,60,42316819440.0
Holcim Maroc S.A,13/10/2025,Holcim Maroc S.A,LHM,1848.0,1860.0,1860.0,1805.0,1120,2032295.0,38,43582106400.0
Holcim Maroc S.A,10/10/2025,Holcim Maroc S.A,LHM,1865.0,1800.0,1865.0,1800.0,14832,26722667.0,147,42176232000.0
Holcim Maroc S.A,09/10/2025,Holcim Maroc S.A,LHM,1900.0,1811.0,1900.0,1811.0,13632,24731320.0,107,42433975640.0
Holcim Maroc S.A,08/10/2025,Holcim Maroc S.A,LHM,1900.0,1870.0,1900.0,1863.0,2600,4869168.0,39,43816418800.0
Holcim Maroc S.A,07/10/2025,Holcim Maroc S.A,LHM,1932.0,1880.0,1932.0,1880.0,1132,2128968.0,58,44050731200.0
Holcim Maroc S.A,06/10/2025,Holcim Maroc S.A,LHM,1900.0,1888.0,1940.0,1888.0,5298,10064922.0,91,44238181120.0
Holcim Maroc S.A,03/10/2025,Holcim Maroc S.A,LHM,1887.0,1898.0,1937.0,1887.0,7430,14110211.0,37,44472493520.0
Holcim Maroc S.A,02/10/2025,Holcim Maroc S.A,LHM,1840.0,1878.0,1923.0,1810.0,14496,27238435.0,64,44003868720.0
Holcim Maroc S.A,01/10/2025,Holcim Maroc S.A,LHM,1900.0,1845.0,1900.0,1845.0,4438,8198221.0,77,43230637800.0
Holcim Maroc S.A,30/09/2025,Holcim Maroc S.A,LHM,1855.0,1900.0,1940.0,1844.0,10894,20728249.0,57,44519356000.0
Holcim Maroc S.A,29/09/2025,Holcim Maroc S.A,LHM,1915.0,1846.0,1950.0,1846.0,9651,18113322.0,142,43254069040.0
Holcim Maroc S.A,26/09/2025,Holcim Maroc S.A,LHM,1903.0,1885.0,1940.0,1885.0,11845,22372479.0,98,44167887400.0
Holcim Maroc S.A,25/09/2025,Holcim Maroc S.A,LHM,1943.0,1900.0,1955.0,1900.0,11070,21138881.0,130,44519356000.0
Holcim Maroc S.A,24/09/2025,Holcim Maroc S.A,LHM,1960.0,1910.0,1960.0,1910.0,5334,10211429.0,56,44753668400.0
Holcim Maroc S.A,23/09/2025,Holcim Maroc S.A,LHM,1965.0,1928.0,1965.0,1928.0,1246,2404882.0,36,45175430720.0
Holcim Maroc S.A,22/09/2025,Holcim Maroc S.A,LHM,1927.0,1930.0,1970.0,1927.0,4830,9328727.0,46,45222293200.0
Holcim Maroc S.A,19/09/2025,Holcim Maroc S.A,LHM,1938.0,1921.0,1938.0,1920.0,2765,5315612.0,64,45011412040.0
Holcim Maroc S.A,18/09/2025,Holcim Maroc S.A,LHM,1939.0,1938.0,1940.0,1930.0,5674,10978314.0,43,45409743120.0
Holcim Maroc S.A,17/09/2025,Holcim Maroc S.A,LHM,1983.0,1925.0,1983.0,1925.0,12273,23779253.0,63,45105137000.0
Holcim Maroc S.A,16/09/2025,Holcim Maroc S.A,LHM,1951.0,1938.0,1989.0,1938.0,7773,15140498.0,116,45409743120.0
Holcim Maroc S.A,15/09/2025,Holcim Maroc S.A,LHM,1950.0,1900.0,1990.0,1880.0,29457,55894706.0,368,44519356000.0
Holcim Maroc S.A,12/09/2025,Holcim Maroc S.A,LHM,2015.0,1985.0,2050.0,1985.0,44255,88507331.0,124,46511011400.0
Holcim Maroc S.A,11/09/2025,Holcim Maroc S.A,LHM,2013.0,2012.0,2060.0,2005.0,4260,8570995.0,47,47143654880.0
Holcim Maroc S.A,10/09/2025,Holcim Maroc S.A,LHM,2020.0,2013.0,2020.0,2007.0,16116,32346277.0,19,47167086120.0
Holcim Maroc S.A,09/09/2025,Holcim Maroc S.A,LHM,2045.0,1999.0,2045.0,1999.0,5808,11621492.0,52,46839048760.0
Holcim Maroc S.A,08/09/2025,Holcim Maroc S.A,LHM,2064.0,2040.0,2064.0,2040.0,2145,4376238.0,32,47799729600.0
Holcim Maroc S.A,04/09/2025,Holcim Maroc S.A,LHM,2070.0,2050.0,2091.0,2050.0,2430,4982706.0,50,48034042000.0
Holcim Maroc S.A,03/09/2025,Holcim Maroc S.A,LHM,2059.0,2065.0,2091.0,2059.0,2735,5642435.0,39,48385510600.0
Holcim Maroc S.A,02/09/2025,Holcim Maroc S.A,LHM,2087.0,2060.0,2098.0,2035.0,4025,8295618.0,55,48268354400.0
Holcim Maroc S.A,01/09/2025,Holcim Maroc S.A,LHM,2165.0,2100.0,2165.0,2083.0,2294,4811712.0,25,49205604000.0
Holcim Maroc S.A,29/08/2025,Holcim Maroc S.A,LHM,2180.0,2144.0,2180.0,2100.0,14134,30223731.0,72,50236578560.0
Holcim Maroc S.A,28/08/2025,Holcim Maroc S.A,LHM,2178.0,2144.0,2190.0,2134.0,3832,8209066.0,27,50236578560.0
Holcim Maroc S.A,27/08/2025,Holcim Maroc S.A,LHM,2125.0,2148.0,2180.0,2125.0,29975,64069149.0,94,50330303520.0
Holcim Maroc S.A,26/08/2025,Holcim Maroc S.A,LHM,2060.0,2125.0,2154.0,2060.0,36713,77191453.0,131,49791385000.0
Holcim Maroc S.A,25/08/2025,Holcim Maroc S.A,LHM,2020.0,2058.0,2090.0,2015.0,22815,46728928.0,75,48221491920.0
Holcim Maroc S.A,22/08/2025,Holcim Maroc S.A,LHM,2000.0,2030.0,2040.0,2000.0,9177,18571556.0,33,47565417200.0
Holcim Maroc S.A,19/08/2025,Holcim Maroc S.A,LHM,2005.0,2012.0,2015.0,1992.0,4354,8708299.0,29,47143654880.0
Holcim Maroc S.A,18/08/2025,Holcim Maroc S.A,LHM,2029.0,2003.0,2029.0,2003.0,1895,3796619.0,21,46932773720.0
Holcim Maroc S.A,15/08/2025,Holcim Maroc S.A,LHM,2039.0,2003.0,2040.0,2003.0,4045,8153949.0,56,46932773720.0
Holcim Maroc S.A,13/08/2025,Holcim Maroc S.A,LHM,2000.0,2039.0,2040.0,2000.0,18613,37253348.0,47,47776298360.0
Holcim Maroc S.A,12/08/2025,Holcim Maroc S.A,LHM,1991.0,1990.0,2000.0,1990.0,4823,9597871.0,16,46628167600.0
Holcim Maroc S.A,11/08/2025,Holcim Maroc S.A,LHM,2000.0,1986.0,2010.0,1986.0,5720,11397937.0,34,46534442640.0
Holcim Maroc S.A,08/08/2025,Holcim Maroc S.A,LHM,2000.0,2000.0,2008.0,2000.0,2746,5492367.0,18,46862480000.0
Holcim Maroc S.A,07/08/2025,Holcim Maroc S.A,LHM,1989.0,2000.0,2009.0,1989.0,3075,6126018.0,13,46862480000.0
Holcim Maroc S.A,06/08/2025,Holcim Maroc S.A,LHM,1999.0,2000.0,2000.0,1989.0,1188,2365891.0,11,46862480000.0
Holcim Maroc S.A,05/08/2025,Holcim Maroc S.A,LHM,1980.0,1990.0,2000.0,1980.0,6580,13090493.0,12,46628167600.0
Holcim Maroc S.A,04/08/2025,Holcim Maroc S.A,LHM,1999.0,1978.0,1999.0,1952.0,468,924182.0,13,46346992720.0
Holcim Maroc S.A,01/08/2025,Holcim Maroc S.A,LHM,1998.0,2000.0,2000.0,1950.0,4249,8489642.0,20,46862480000.0
Holcim Maroc S.A,31/07/2025,Holcim Maroc S.A,LHM,2000.0,2000.0,2000.0,1970.0,3271,6540894.0,15,46862480000.0
Holcim Maroc S.A,29/07/2025,Holcim Maroc S.A,LHM,2037.0,2000.0,2037.0,2000.0,11077,22161422.0,20,46862480000.0
Holcim Maroc S.A,28/07/2025,Holcim Maroc S.A,LHM,1980.0,2000.0,2041.0,1980.0,7504,15008155.0,27,46862480000.0
Holcim Maroc S.A,25/07/2025,Holcim Maroc S.A,LHM,2005.0,2000.0,2025.0,2000.0,6894,13795715.0,27,46862480000.0
Holcim Maroc S.A,24/07/2025,Holcim Maroc S.A,LHM,1975.0,1970.0,2024.0,1968.0,26764,53520568.0,44,46159542800.0
Holcim Maroc S.A,23/07/2025,Holcim Maroc S.A,LHM,1951.0,1971.0,1985.0,1951.0,5498,10879311.0,24,46182974040.0
Holcim Maroc S.A,22/07/2025,Holcim Maroc S.A,LHM,1966.0,1970.0,1974.0,1951.0,9485,18684557.0,18,46159542800.0
Holcim Maroc S.A,21/07/2025,Holcim Maroc S.A,LHM,1950.0,1970.0,1970.0,1950.0,81,158570.0,7,46159542800.0
Holcim Maroc S.A,18/07/2025,Holcim Maroc S.A,LHM,1924.0,1960.0,1960.0,1924.0,1096,2145357.0,15,45925230400.0
Holcim Maroc S.A,17/07/2025,Holcim Maroc S.A,LHM,1950.0,1959.0,1959.0,1920.0,4691,9162213.0,24,45901799160.0
Holcim Maroc S.A,16/07/2025,Holcim Maroc S.A,LHM,1915.0,1919.0,1954.0,1915.0,47,90357.0,8,44964549560.0
Holcim Maroc S.A,15/07/2025,Holcim Maroc S.A,LHM,1930.0,1910.0,1950.0,1885.0,2008,3894120.0,30,44753668400.0
Holcim Maroc S.A,14/07/2025,Holcim Maroc S.A,LHM,1945.0,1932.0,1945.0,1931.0,125,242044.0,11,45269155680.0
Holcim Maroc S.A,11/07/2025,Holcim Maroc S.A,LHM,1969.0,1953.0,1970.0,1950.0,16905,32978719.0,22,45761211720.0
Holcim Maroc S.A,10/07/2025,Holcim Maroc S.A,LHM,1955.0,1950.0,1955.0,1930.0,18084,35261396.0,29,45690918000.0
Holcim Maroc S.A,09/07/2025,Holcim Maroc S.A,LHM,1938.0,1955.0,1955.0,1938.0,361,700272.0,10,45808074200.0
Holcim Maroc S.A,08/07/2025,Holcim Maroc S.A,LHM,1950.0,1950.0,1952.0,1950.0,23217,45274900.0,22,45690918000.0
Holcim Maroc S.A,07/07/2025,Holcim Maroc S.A,LHM,1925.0,1934.0,1940.0,1925.0,2314,4474970.0,8,45316018160.0
Holcim Maroc S.A,04/07/2025,Holcim Maroc S.A,LHM,1933.0,1930.0,1970.0,1930.0,4599,8921167.0,15,45222293200.0
Holcim Maroc S.A,03/07/2025,Holcim Maroc S.A,LHM,1931.0,1950.0,1978.0,1931.0,1590,3099694.0,14,45690918000.0
Holcim Maroc S.A,02/07/2025,Holcim Maroc S.A,LHM,1930.0,1930.0,1950.0,1930.0,552,1065611.0,11,45222293200.0
Holcim Maroc S.A,01/07/2025,Holcim Maroc S.A,LHM,1930.0,1940.0,1940.0,1930.0,2704,5223720.0,9,45456605600.0
Holcim Maroc S.A,30/06/2025,Holcim Maroc S.A,LHM,1920.0,1925.0,1925.0,1920.0,492,947090.0,6,45105137000.0
Holcim Maroc S.A,26/06/2025,Holcim Maroc S.A,LHM,1975.0,1920.0,1977.0,1920.0,7136,13915947.0,22,44987980800.0
Holcim Maroc S.A,25/06/2025,Holcim Maroc S.A,LHM,1945.0,1972.0,1978.0,1945.0,7651,14998304.0,11,46206405280.0
Holcim Maroc S.A,24/06/2025,Holcim Maroc S.A,LHM,1878.0,1945.0,1948.0,1878.0,3707,7160288.0,14,45573761800.0
Holcim Maroc S.A,23/06/2025,Holcim Maroc S.A,LHM,1900.0,1900.0,1900.0,1900.0,3319,6306100.0,9,44519356000.0
Holcim Maroc S.A,20/06/2025,Holcim Maroc S.A,LHM,1881.0,1924.0,1924.0,1877.0,2494,4795704.0,16,45081705760.0
Holcim Maroc S.A,19/06/2025,Holcim Maroc S.A,LHM,1919.0,1900.0,1919.0,1870.0,10182,19276051.0,27,44519356000.0
Holcim Maroc S.A,18/06/2025,Holcim Maroc S.A,LHM,1940.0,1920.0,1940.0,1920.0,7860,15127603.0,16,44987980800.0
Holcim Maroc S.A,17/06/2025,Holcim Maroc S.A,LHM,1916.0,1915.0,1916.0,1845.0,3878,7409715.0,42,44870824600.0
Holcim Maroc S.A,16/06/2025,Holcim Maroc S.A,LHM,1920.0,1910.0,1920.0,1909.0,359,685733.0,7,44753668400.0
Holcim Maroc S.A,13/06/2025,Holcim Maroc S.A,LHM,1980.0,1966.0,1980.0,1902.0,11117,21851776.0,39,46065817840.0
Holcim Maroc S.A,12/06/2025,Holcim Maroc S.A,LHM,2020.0,2050.0,2052.0,2010.0,12259,25098490.0,80,48034042000.0
Holcim Maroc S.A,11/06/2025,Holcim Maroc S.A,LHM,2010.0,2020.0,2020.0,2001.0,1559,3143468.0,23,47331104800.0
Holcim Maroc S.A,10/06/2025,Holcim Maroc S.A,LHM,1985.0,2000.0,2038.0,1980.0,1128,2255935.0,16,46862480000.0
Holcim Maroc S.A,06/06/2025,Holcim Maroc S.A,LHM,1990.0,1980.0,1999.0,1980.0,1096,2181021.0,22,46393855200.0
Holcim Maroc S.A,05/06/2025,Holcim Maroc S.A,LHM,2003.0,1980.0,2020.0,1980.0,7320,14639519.0,33,46393855200.0
Holcim Maroc S.A,04/06/2025,Holcim Maroc S.A,LHM,1995.0,2000.0,2000.0,1971.0,9754,19503332.0,29,46862480000.0
Holcim Maroc S.A,03/06/2025,Holcim Maroc S.A,LHM,1962.0,1962.0,1980.0,1955.0,1033,2027586.0,14,45972092880.0
Holcim Maroc S.A,02/06/2025,Holcim Maroc S.A,LHM,1995.0,1994.0,1995.0,1994.0,18,35903.0,7,46721892560.0
Holcim Maroc S.A,30/05/2025,Holcim Maroc S.A,LHM,1957.0,1993.0,1993.0,1955.0,24065,47113021.0,36,46698461320.0
Holcim Maroc S.A,29/05/2025,Holcim Maroc S.A,LHM,1970.0,1954.0,1970.0,1950.0,184,359256.0,5,45784642960.0
Holcim Maroc S.A,28/05/2025,Holcim Maroc S.A,LHM,1970.0,1970.0,1970.0,1955.0,5154,10151565.0,14,46159542800.0
Holcim Maroc S.A,27/05/2025,Holcim Maroc S.A,LHM,1941.0,1970.0,1970.0,1940.0,3105,6115840.0,14,46159542800.0
Holcim Maroc S.A,07/08/2025,Holcim Maroc S.A,LHM,1989.0,2000.0,2009.0,1989.0,3075,6126018.0,13,46862480000.0
Holcim Maroc S.A,06/08/2025,Holcim Maroc S.A,LHM,1999.0,2000.0,2000.0,1989.0,1188,2365891.0,11,46862480000.0
Holcim Maroc S.A,05/08/2025,Holcim Maroc S.A,LHM,1980.0,1990.0,2000.0,1980.0,6580,13090493.0,12,46628167600.0
Holcim Maroc S.A,04/08/2025,Holcim Maroc S.A,LHM,1999.0,1978.0,1999.0,1952.0,468,924182.0,13,46346992720.0
Holcim Maroc S.A,01/08/2025,Holcim Maroc S.A,LHM,1998.0,2000.0,2000.0,1950.0,4249,8489642.0,20,46862480000.0
Holcim Maroc S.A,31/07/2025,Holcim Maroc S.A,LHM,2000.0,2000.0,2000.0,1970.0,3271,6540894.0,15,46862480000.0
Holcim Maroc S.A,29/07/2025,Holcim Maroc S.A,LHM,2037.0,2000.0,2037.0,2000.0,11077,22161422.0,20,46862480000.0
Holcim Maroc S.A,28/07/2025,Holcim Maroc S.A,LHM,1980.0,2000.0,2041.0,1980.0,7504,15008155.0,27,46862480000.0
Holcim Maroc S.A,25/07/2025,Holcim Maroc S.A,LHM,2005.0,2000.0,2025.0,2000.0,6894,13795715.0,27,46862480000.0
Holcim Maroc S.A,24/07/2025,Holcim Maroc S.A,LHM,1975.0,1970.0,2024.0,1968.0,26764,53520568.0,44,46159542800.0
Holcim Maroc S.A,23/07/2025,Holcim Maroc S.A,LHM,1951.0,1971.0,1985.0,1951.0,5498,10879311.0,24,46182974040.0
Holcim Maroc S.A,22/07/2025,Holcim Maroc S.A,LHM,1966.0,1970.0,1974.0,1951.0,9485,18684557.0,18,46159542800.0
Holcim Maroc S.A,21/07/2025,Holcim Maroc S.A,LHM,1950.0,1970.0,1970.0,1950.0,81,158570.0,7,46159542800.0
Holcim Maroc S.A,18/07/2025,Holcim Maroc S.A,LHM,1924.0,1960.0,1960.0,1924.0,1096,2145357.0,15,45925230400.0
Holcim Maroc S.A,17/07/2025,Holcim Maroc S.A,LHM,1950.0,1959.0,1959.0,1920.0,4691,9162213.0,24,45901799160.0
Holcim Maroc S.A,16/07/2025,Holcim Maroc S.A,LHM,1915.0,1919.0,1954.0,1915.0,47,90357.0,8,44964549560.0
Holcim Maroc S.A,15/07/2025,Holcim Maroc S.A,LHM,1930.0,1910.0,1950.0,1885.0,2008,3894120.0,30,44753668400.0
Holcim Maroc S.A,14/07/2025,Holcim Maroc S.A,LHM,1945.0,1932.0,1945.0,1931.0,125,242044.0,11,45269155680.0
Holcim Maroc S.A,11/07/2025,Holcim Maroc S.A,LHM,1969.0,1953.0,1970.0,1950.0,16905,32978719.0,22,45761211720.0
Holcim Maroc S.A,10/07/2025,Holcim Maroc S.A,LHM,1955.0,1950.0,1955.0,1930.0,18084,35261396.0,29,45690918000.0
Holcim Maroc S.A,09/07/2025,Holcim Maroc S.A,LHM,1938.0,1955.0,1955.0,1938.0,361,700272.0,10,45808074200.0
Holcim Maroc S.A,08/07/2025,Holcim Maroc S.A,LHM,1950.0,1950.0,1952.0,1950.0,23217,45274900.0,22,45690918000.0
Holcim Maroc S.A,07/07/2025,Holcim Maroc S.A,LHM,1925.0,1934.0,1940.0,1925.0,2314,4474970.0,8,45316018160.0
Holcim Maroc S.A,04/07/2025,Holcim Maroc S.A,LHM,1933.0,1930.0,1970.0,1930.0,4599,8921167.0,15,45222293200.0
Holcim Maroc S.A,03/07/2025,Holcim Maroc S.A,LHM,1931.0,1950.0,1978.0,1931.0,1590,3099694.0,14,45690918000.0
Holcim Maroc S.A,02/07/2025,Holcim Maroc S.A,LHM,1930.0,1930.0,1950.0,1930.0,552,1065611.0,11,45222293200.0
Holcim Maroc S.A,01/07/2025,Holcim Maroc S.A,LHM,1930.0,1940.0,1940.0,1930.0,2704,5223720.0,9,45456605600.0
Holcim Maroc S.A,30/06/2025,Holcim Maroc S.A,LHM,1920.0,1925.0,1925.0,1920.0,492,947090.0,6,45105137000.0
Holcim Maroc S.A,26/06/2025,Holcim Maroc S.A,LHM,1975.0,1920.0,1977.0,1920.0,7136,13915947.0,22,44987980800.0
Holcim Maroc S.A,25/06/2025,Holcim Maroc S.A,LHM,1945.0,1972.0,1978.0,1945.0,7651,14998304.0,11,46206405280.0
Holcim Maroc S.A,24/06/2025,Holcim Maroc S.A,LHM,1878.0,1945.0,1948.0,1878.0,3707,7160288.0,14,45573761800.0
Holcim Maroc S.A,23/06/2025,Holcim Maroc S.A,LHM,1900.0,1900.0,1900.0,1900.0,3319,6306100.0,9,44519356000.0
Holcim Maroc S.A,20/06/2025,Holcim Maroc S.A,LHM,1881.0,1924.0,1924.0,1877.0,2494,4795704.0,16,45081705760.0
Holcim Maroc S.A,19/06/2025,Holcim Maroc S.A,LHM,1919.0,1900.0,1919.0,1870.0,10182,19276051.0,27,44519356000.0
Holcim Maroc S.A,18/06/2025,Holcim Maroc S.A,LHM,1940.0,1920.0,1940.0,1920.0,7860,15127603.0,16,44987980800.0
Holcim Maroc S.A,17/06/2025,Holcim Maroc S.A,LHM,1916.0,1915.0,1916.0,1845.0,3878,7409715.0,42,44870824600.0
Holcim Maroc S.A,16/06/2025,Holcim Maroc S.A,LHM,1920.0,1910.0,1920.0,1909.0,359,685733.0,7,44753668400.0
Holcim Maroc S.A,13/06/2025,Holcim Maroc S.A,LHM,1980.0,1966.0,1980.0,1902.0,11117,21851776.0,39,46065817840.0
Holcim Maroc S.A,12/06/2025,Holcim Maroc S.A,LHM,2020.0,2050.0,2052.0,2010.0,12259,25098490.0,80,48034042000.0
Holcim Maroc S.A,11/06/2025,Holcim Maroc S.A,LHM,2010.0,2020.0,2020.0,2001.0,1559,3143468.0,23,47331104800.0
Holcim Maroc S.A,10/06/2025,Holcim Maroc S.A,LHM,1985.0,2000.0,2038.0,1980.0,1128,2255935.0,16,46862480000.0
Holcim Maroc S.A,06/06/2025,Holcim Maroc S.A,LHM,1990.0,1980.0,1999.0,1980.0,1096,2181021.0,22,46393855200.0
Holcim Maroc S.A,05/06/2025,Holcim Maroc S.A,LHM,2003.0,1980.0,2020.0,1980.0,7320,14639519.0,33,46393855200.0
Holcim Maroc S.A,04/06/2025,Holcim Maroc S.A,LHM,1995.0,2000.0,2000.0,1971.0,9754,19503332.0,29,46862480000.0
Holcim Maroc S.A,03/06/2025,Holcim Maroc S.A,LHM,1962.0,1962.0,1980.0,1955.0,1033,2027586.0,14,45972092880.0
Holcim Maroc S.A,02/06/2025,Holcim Maroc S.A,LHM,1995.0,1994.0,1995.0,1994.0,18,35903.0,7,46721892560.0
Holcim Maroc S.A,30/05/2025,Holcim Maroc S.A,LHM,1957.0,1993.0,1993.0,1955.0,24065,47113021.0,36,46698461320.0
Holcim Maroc S.A,29/05/2025,Holcim Maroc S.A,LHM,1970.0,1954.0,1970.0,1950.0,184,359256.0,5,45784642960.0
Holcim Maroc S.A,28/05/2025,Holcim Maroc S.A,LHM,1970.0,1970.0,1970.0,1955.0,5154,10151565.0,14,46159542800.0
Holcim Maroc S.A,27/05/2025,Holcim Maroc S.A,LHM,1941.0,1970.0,1970.0,1940.0,3105,6115840.0,14,46159542800.0
Holcim Maroc S.A,26/05/2025,Holcim Maroc S.A,LHM,1968.0,1956.0,1970.0,1943.0,2245,4419717.0,12,45831505440.0
Holcim Maroc S.A,23/05/2025,Holcim Maroc S.A,LHM,1979.0,1960.0,1979.0,1952.0,7397,14553179.0,17,45925230400.0
Holcim Maroc S.A,22/05/2025,Holcim Maroc S.A,LHM,1943.0,1973.0,1990.0,1943.0,7057,13916819.0,22,46229836520.0
Holcim Maroc S.A,21/05/2025,Holcim Maroc S.A,LHM,1979.0,1974.0,1979.0,1960.0,8039,15857820.0,21,46253267760.0
Holcim Maroc S.A,20/05/2025,Holcim Maroc S.A,LHM,1946.0,1970.0,1975.0,1946.0,4546,8933769.0,32,46159542800.0
Holcim Maroc S.A,19/05/2025,Holcim Maroc S.A,LHM,1944.0,1953.0,1953.0,1938.0,3007,5866069.0,10,45761211720.0
Holcim Maroc S.A,16/05/2025,Holcim Maroc S.A,LHM,1980.0,1960.0,1980.0,1950.0,10587,20755540.0,29,45925230400.0
Holcim Maroc S.A,15/05/2025,Holcim Maroc S.A,LHM,1975.0,1975.0,1978.0,1975.0,3299,6515537.0,6,46276699000.0
Holcim Maroc S.A,14/05/2025,Holcim Maroc S.A,LHM,1975.0,1964.0,1991.0,1961.0,4265,8420825.0,23,46018955360.0
Holcim Maroc S.A,27/02/2025,Holcim Maroc S.A,LHM,1920.0,1926.0,1940.0,1920.0,85,164473.0,7,45128568240.0
Holcim Maroc S.A,26/02/2025,Holcim Maroc S.A,LHM,1912.0,1916.0,1947.0,1912.0,746,1430986.0,10,44894255840.0
Holcim Maroc S.A,25/02/2025,Holcim Maroc S.A,LHM,1956.0,1902.0,1956.0,1902.0,5558,10639804.0,33,44566218480.0
Holcim Maroc S.A,24/02/2025,Holcim Maroc S.A,LHM,1978.0,1925.0,1978.0,1915.0,490,943513.0,6,45105137000.0
Holcim Maroc S.A,21/02/2025,Holcim Maroc S.A,LHM,1997.0,1905.0,1997.0,1905.0,7876,15195499.0,68,44636512200.0
Holcim Maroc S.A,20/02/2025,Holcim Maroc S.A,LHM,1998.0,1960.0,1998.0,1960.0,4258,8371275.0,42,45925230400.0
Holcim Maroc S.A,19/02/2025,Holcim Maroc S.A,LHM,2000.0,1980.0,2000.0,1970.0,2735,5415181.0,24,46393855200.0
Holcim Maroc S.A,18/02/2025,Holcim Maroc S.A,LHM,1998.0,1980.0,1998.0,1974.0,2996,5928292.0,18,46393855200.0
Holcim Maroc S.A,17/02/2025,Holcim Maroc S.A,LHM,2020.0,2000.0,2020.0,2000.0,1574,3148060.0,6,46862480000.0
Holcim Maroc S.A,14/02/2025,Holcim Maroc S.A,LHM,1971.0,1953.0,1989.0,1953.0,5297,10439340.0,29,45761211720.0
Holcim Maroc S.A,13/02/2025,Holcim Maroc S.A,LHM,2019.0,1970.0,2020.0,1970.0,1708,3371550.0,23,46159542800.0
Holcim Maroc S.A,12/02/2025,Holcim Maroc S.A,LHM,1990.0,1989.0,1990.0,1945.0,97793,190245070.0,39,46604736360.0
Holcim Maroc S.A,11/02/2025,Holcim Maroc S.A,LHM,1987.0,1990.0,1990.0,1950.0,2390,4692821.0,31,46628167600.0
Holcim Maroc S.A,10/02/2025,Holcim Maroc S.A,LHM,1986.0,1986.0,2030.0,1986.0,3692,7352283.0,18,46534442640.0
Holcim Maroc S.A,07/02/2025,Holcim Maroc S.A,LHM,2001.0,1985.0,2001.0,1985.0,5153,10276378.0,14,46511011400.0
Holcim Maroc S.A,06/02/2025,Holcim Maroc S.A,LHM,2010.0,2001.0,2010.0,2001.0,6001,12044010.0,18,46885911240.0
Holcim Maroc S.A,05/02/2025,Holcim Maroc S.A,LHM,2029.0,2005.0,2029.0,2005.0,1437,2888990.0,18,46979636200.0
Holcim Maroc S.A,04/02/2025,Holcim Maroc S.A,LHM,2011.0,2020.0,2050.0,2011.0,5580,11331873.0,29,47331104800.0
Holcim Maroc S.A,03/02/2025,Holcim Maroc S.A,LHM,2025.0,2001.0,2025.0,2001.0,102,205550.0,11,46885911240.0
Holcim Maroc S.A,31/01/2025,Holcim Maroc S.A,LHM,2045.0,2010.0,2045.0,1961.0,4206,8451400.0,26,47096792400.0
Holcim Maroc S.A,30/01/2025,Holcim Maroc S.A,LHM,2030.0,2026.0,2030.0,2026.0,614,1244020.0,6,47471692240.0
Holcim Maroc S.A,29/01/2025,Holcim Maroc S.A,LHM,2025.0,2026.0,2040.0,2025.0,5398,10933526.0,33,47471692240.0
Holcim Maroc S.A,28/01/2025,Holcim Maroc S.A,LHM,2030.0,2022.0,2045.0,2022.0,1723,3489233.0,10,47377967280.0
Holcim Maroc S.A,27/01/2025,Holcim Maroc S.A,LHM,2040.0,2020.0,2049.0,2020.0,277,561010.0,7,47331104800.0
Holcim Maroc S.A,24/01/2025,Holcim Maroc S.A,LHM,2030.0,2028.0,2040.0,2025.0,4662,9453694.0,11,47518554720.0
Holcim Maroc S.A,23/01/2025,Holcim Maroc S.A,LHM,2064.0,2030.0,2064.0,2006.0,6847,13835870.0,16,47565417200.0
Holcim Maroc S.A,22/01/2025,Holcim Maroc S.A,LHM,2036.0,2010.0,2040.0,2010.0,9414,18992366.0,32,47096792400.0
Holcim Maroc S.A,21/01/2025,Holcim Maroc S.A,LHM,2059.0,2040.0,2059.0,2040.0,8602,17656393.0,12,47799729600.0
Holcim Maroc S.A,20/01/2025,Holcim Maroc S.A,LHM,2045.0,2030.0,2070.0,2030.0,1768,3595360.0,22,47565417200.0
Holcim Maroc S.A,17/01/2025,Holcim Maroc S.A,LHM,2070.0,2045.0,2070.0,2045.0,2777,5682921.0,22,47916885800.0
Holcim Maroc S.A,16/01/2025,Holcim Maroc S.A,LHM,2050.0,2050.0,2070.0,2049.0,8450,17321125.0,33,48034042000.0
Holcim Maroc S.A,15/01/2025,Holcim Maroc S.A,LHM,2040.0,2045.0,2070.0,2037.0,8404,17223489.0,28,47916885800.0
Holcim Maroc S.A,13/01/2025,Holcim Maroc S.A,LHM,2040.0,2041.0,2075.0,2040.0,10062,20628384.0,25,47823160840.0
Holcim Maroc S.A,10/01/2025,Holcim Maroc S.A,LHM,2037.0,2038.0,2070.0,2036.0,10248,21195214.0,21,47752867120.0
Holcim Maroc S.A,09/01/2025,Holcim Maroc S.A,LHM,2070.0,2038.0,2071.0,2036.0,8193,16948990.0,27,47752867120.0
Holcim Maroc S.A,08/01/2025,Holcim Maroc S.A,LHM,2045.0,2034.0,2050.0,2030.0,5384,10969655.0,35,47659142160.0
Holcim Maroc S.A,07/01/2025,Holcim Maroc S.A,LHM,2040.0,2035.0,2045.0,2018.0,8067,16416947.0,33,47682573400.0
Holcim Maroc S.A,06/01/2025,Holcim Maroc S.A,LHM,2045.0,2040.0,2048.0,2039.0,12153,24795436.0,41,47799729600.0
Holcim Maroc S.A,03/01/2025,Holcim Maroc S.A,LHM,1989.0,2040.0,2040.0,1988.0,30006,60653577.0,80,47799729600.0
Holcim Maroc S.A,21/10/2024,Holcim Maroc S.A,LHM,1849.0,1821.0,1849.0,1821.0,352,641048.0,3,42668288040.0
Holcim Maroc S.A,18/10/2024,Holcim Maroc S.A,LHM,1817.0,1821.0,1821.0,1817.0,4629,8429399.0,10,42668288040.0
Holcim Maroc S.A,30/12/2024,Holcim Maroc S.A,LHM,1948.0,1925.0,1948.0,1921.0,102,198182.0,5,45105137000.0
Holcim Maroc S.A,27/12/2024,Holcim Maroc S.A,LHM,1908.0,1949.0,1950.0,1907.0,8796,17095740.0,21,45667486760.0
Holcim Maroc S.A,26/12/2024,Holcim Maroc S.A,LHM,1886.0,1951.0,1951.0,1886.0,3140,6003888.0,11,45714349240.0
Holcim Maroc S.A,25/12/2024,Holcim Maroc S.A,LHM,1973.0,1910.0,1973.0,1910.0,2724,5213363.0,7,44753668400.0
Holcim Maroc S.A,24/12/2024,Holcim Maroc S.A,LHM,1910.0,1910.0,1910.0,1900.0,1038,1972505.0,8,44753668400.0
Holcim Maroc S.A,23/12/2024,Holcim Maroc S.A,LHM,1950.0,1907.0,1950.0,1907.0,1785,3410375.0,6,44683374680.0
Holcim Maroc S.A,20/12/2024,Holcim Maroc S.A,LHM,1942.0,1910.0,1942.0,1909.0,1536,2935220.0,21,44753668400.0
Holcim Maroc S.A,19/12/2024,Holcim Maroc S.A,LHM,1942.0,1941.0,1942.0,1941.0,131,254295.0,4,45480036840.0
Holcim Maroc S.A,18/12/2024,Holcim Maroc S.A,LHM,1953.0,1941.0,1953.0,1941.0,160,310656.0,3,45480036840.0
Holcim Maroc S.A,17/12/2024,Holcim Maroc S.A,LHM,1980.0,1960.0,1981.0,1960.0,1370,2685603.0,7,45925230400.0
Holcim Maroc S.A,16/12/2024,Holcim Maroc S.A,LHM,1947.0,1940.0,1947.0,1940.0,152,295190.0,3,45456605600.0
Holcim Maroc S.A,13/12/2024,Holcim Maroc S.A,LHM,1945.0,1947.0,1947.0,1926.0,481,933383.0,15,45620624280.0
Holcim Maroc S.A,12/12/2024,Holcim Maroc S.A,LHM,1943.0,1946.0,1950.0,1943.0,1250,2437288.0,7,45597193040.0
Holcim Maroc S.A,11/12/2024,Holcim Maroc S.A,LHM,1943.0,1988.0,1990.0,1943.0,461,917045.0,6,46581305120.0
Holcim Maroc S.A,10/12/2024,Holcim Maroc S.A,LHM,1990.0,1985.0,1990.0,1985.0,2997,5949225.0,8,46511011400.0
Holcim Maroc S.A,09/12/2024,Holcim Maroc S.A,LHM,1944.0,1989.0,1989.0,1944.0,8,15642.0,4,46604736360.0
Holcim Maroc S.A,06/12/2024,Holcim Maroc S.A,LHM,1943.0,1983.0,1990.0,1943.0,3459,6858845.0,9,46464148920.0
Holcim Maroc S.A,05/12/2024,Holcim Maroc S.A,LHM,1985.0,1985.0,1999.0,1985.0,86,170889.0,6,46511011400.0
Holcim Maroc S.A,04/12/2024,Holcim Maroc S.A,LHM,1984.0,1990.0,1999.0,1984.0,291,578742.0,5,46628167600.0
Holcim Maroc S.A,03/12/2024,Holcim Maroc S.A,LHM,1981.0,1995.0,1995.0,1981.0,3536,7054236.0,9,46745323800.0
Holcim Maroc S.A,02/12/2024,Holcim Maroc S.A,LHM,1985.0,1985.0,1985.0,1985.0,29,57565.0,2,46511011400.0
Holcim Maroc S.A,29/11/2024,Holcim Maroc S.A,LHM,2000.0,2000.0,2000.0,1960.0,5977,11953920.0,11,46862480000.0
Holcim Maroc S.A,28/11/2024,Holcim Maroc S.A,LHM,2000.0,2000.0,2000.0,2000.0,11,22000.0,2,46862480000.0
Holcim Maroc S.A,27/11/2024,Holcim Maroc S.A,LHM,2000.0,2000.0,2000.0,1980.0,1025,2049800.0,10,46862480000.0
Holcim Maroc S.A,26/11/2024,Holcim Maroc S.A,LHM,2000.0,1971.0,2000.0,1971.0,37,73158.0,5,46182974040.0
Holcim Maroc S.A,25/11/2024,Holcim Maroc S.A,LHM,1981.0,1980.0,2035.0,1970.0,312,615210.0,15,46393855200.0
Holcim Maroc S.A,22/11/2024,Holcim Maroc S.A,LHM,1986.0,2000.0,2000.0,1986.0,1441,2881486.0,10,46862480000.0
Holcim Maroc S.A,21/11/2024,Holcim Maroc S.A,LHM,1956.0,1987.0,2020.0,1956.0,1735,3482085.0,30,46557873880.0
Holcim Maroc S.A,20/11/2024,Holcim Maroc S.A,LHM,2021.0,2000.0,2021.0,2000.0,2206,4415926.0,7,46862480000.0
Holcim Maroc S.A,19/11/2024,Holcim Maroc S.A,LHM,2000.0,2021.0,2021.0,1995.0,6586,13303144.0,21,47354536040.0
Holcim Maroc S.A,15/11/2024,Holcim Maroc S.A,LHM,1955.0,2000.0,2000.0,1950.0,41592,82817207.0,74,46862480000.0
Holcim Maroc S.A,14/11/2024,Holcim Maroc S.A,LHM,1939.0,1958.0,1959.0,1939.0,3432,6703604.0,31,45878367920.0
Holcim Maroc S.A,13/11/2024,Holcim Maroc S.A,LHM,1931.0,1935.0,1935.0,1930.0,122,235518.0,5,45339449400.0
Holcim Maroc S.A,12/11/2024,Holcim Maroc S.A,LHM,1940.0,1929.0,1945.0,1926.0,435,839726.0,15,45198861960.0
Holcim Maroc S.A,11/11/2024,Holcim Maroc S.A,LHM,1922.0,1922.0,1945.0,1920.0,454,874770.0,14,45034843280.0
Holcim Maroc S.A,08/11/2024,Holcim Maroc S.A,LHM,1910.0,1920.0,1949.0,1905.0,5357,10330664.0,38,44987980800.0
Holcim Maroc S.A,07/11/2024,Holcim Maroc S.A,LHM,1890.0,1910.0,1911.0,1890.0,12201,23147797.0,27,44753668400.0
Holcim Maroc S.A,05/11/2024,Holcim Maroc S.A,LHM,1892.0,1880.0,1892.0,1880.0,3733,7019342.0,8,44050731200.0
Holcim Maroc S.A,04/11/2024,Holcim Maroc S.A,LHM,1894.0,1880.0,1894.0,1880.0,171,321698.0,6,44050731200.0
Holcim Maroc S.A,01/11/2024,Holcim Maroc S.A,LHM,1845.0,1861.0,1864.0,1845.0,3245,6022679.0,26,43605537640.0
Holcim Maroc S.A,31/10/2024,Holcim Maroc S.A,LHM,1850.0,1845.0,1870.0,1844.0,16616,30664599.0,28,43230637800.0
Holcim Maroc S.A,30/10/2024,Holcim Maroc S.A,LHM,1851.0,1855.0,1855.0,1851.0,90,166594.0,5,43464950200.0
Holcim Maroc S.A,29/10/2024,Holcim Maroc S.A,LHM,1830.0,1855.0,1855.0,1740.0,13994,25108404.0,20,43464950200.0
Holcim Maroc S.A,28/10/2024,Holcim Maroc S.A,LHM,1828.0,1825.0,1828.0,1825.0,372,678939.0,5,42762013000.0
Holcim Maroc S.A,25/10/2024,Holcim Maroc S.A,LHM,1827.0,1832.0,1832.0,1827.0,2507,4592789.0,3,42926031680.0
Holcim Maroc S.A,24/10/2024,Holcim Maroc S.A,LHM,1829.0,1829.0,1829.0,1829.0,23,42067.0,2,42855737960.0
Holcim Maroc S.A,23/10/2024,Holcim Maroc S.A,LHM,1832.0,1832.0,1832.0,1825.0,3607,6598375.0,5,42926031680.0
Holcim Maroc S.A,22/10/2024,Holcim Maroc S.A,LHM,1821.0,1825.0,1830.0,1821.0,1248,2276735.0,10,42762013000.0
Holcim Maroc S.A,21/10/2024,Holcim Maroc S.A,LHM,1849.0,1821.0,1849.0,1821.0,352,641048.0,3,42668288040.0
Holcim Maroc S.A,18/10/2024,Holcim Maroc S.A,LHM,1817.0,1821.0,1821.0,1817.0,4629,8429399.0,10,42668288040.0
Holcim Maroc S.A,30/12/2024,Holcim Maroc S.A,LHM,1948.0,1925.0,1948.0,1921.0,102,198182.0,5,45105137000.0
Holcim Maroc S.A,27/12/2024,Holcim Maroc S.A,LHM,1908.0,1949.0,1950.0,1907.0,8796,17095740.0,21,45667486760.0
Holcim Maroc S.A,26/12/2024,Holcim Maroc S.A,LHM,1886.0,1951.0,1951.0,1886.0,3140,6003888.0,11,45714349240.0
Holcim Maroc S.A,25/12/2024,Holcim Maroc S.A,LHM,1973.0,1910.0,1973.0,1910.0,2724,5213363.0,7,44753668400.0
Holcim Maroc S.A,24/12/2024,Holcim Maroc S.A,LHM,1910.0,1910.0,1910.0,1900.0,1038,1972505.0,8,44753668400.0
Holcim Maroc S.A,23/12/2024,Holcim Maroc S.A,LHM,1950.0,1907.0,1950.0,1907.0,1785,3410375.0,6,44683374680.0
Holcim Maroc S.A,20/12/2024,Holcim Maroc S.A,LHM,1942.0,1910.0,1942.0,1909.0,1536,2935220.0,21,44753668400.0
Holcim Maroc S.A,19/12/2024,Holcim Maroc S.A,LHM,1942.0,1941.0,1942.0,1941.0,131,254295.0,4,45480036840.0
Holcim Maroc S.A,18/12/2024,Holcim Maroc S.A,LHM,1953.0,1941.0,1953.0,1941.0,160,310656.0,3,45480036840.0
Holcim Maroc S.A,17/12/2024,Holcim Maroc S.A,LHM,1980.0,1960.0,1981.0,1960.0,1370,2685603.0,7,45925230400.0
Holcim Maroc S.A,16/12/2024,Holcim Maroc S.A,LHM,1947.0,1940.0,1947.0,1940.0,152,295190.0,3,45456605600.0
Holcim Maroc S.A,13/12/2024,Holcim Maroc S.A,LHM,1945.0,1947.0,1947.0,1926.0,481,933383.0,15,45620624280.0
Holcim Maroc S.A,12/12/2024,Holcim Maroc S.A,LHM,1943.0,1946.0,1950.0,1943.0,1250,2437288.0,7,45597193040.0
Holcim Maroc S.A,11/12/2024,Holcim Maroc S.A,LHM,1943.0,1988.0,1990.0,1943.0,461,917045.0,6,46581305120.0
Holcim Maroc S.A,10/12/2024,Holcim Maroc S.A,LHM,1990.0,1985.0,1990.0,1985.0,2997,5949225.0,8,46511011400.0
Holcim Maroc S.A,09/12/2024,Holcim Maroc S.A,LHM,1944.0,1989.0,1989.0,1944.0,8,15642.0,4,46604736360.0
Holcim Maroc S.A,06/12/2024,Holcim Maroc S.A,LHM,1943.0,1983.0,1990.0,1943.0,3459,6858845.0,9,46464148920.0
Holcim Maroc S.A,05/12/2024,Holcim Maroc S.A,LHM,1985.0,1985.0,1999.0,1985.0,86,170889.0,6,46511011400.0
Holcim Maroc S.A,04/12/2024,Holcim Maroc S.A,LHM,1984.0,1990.0,1999.0,1984.0,291,578742.0,5,46628167600.0
Holcim Maroc S.A,03/12/2024,Holcim Maroc S.A,LHM,1981.0,1995.0,1995.0,1981.0,3536,7054236.0,9,46745323800.0
Holcim Maroc S.A,02/12/2024,Holcim Maroc S.A,LHM,1985.0,1985.0,1985.0,1985.0,29,57565.0,2,46511011400.0
Holcim Maroc S.A,29/11/2024,Holcim Maroc S.A,LHM,2000.0,2000.0,2000.0,1960.0,5977,11953920.0,11,46862480000.0
Holcim Maroc S.A,28/11/2024,Holcim Maroc S.A,LHM,2000.0,2000.0,2000.0,2000.0,11,22000.0,2,46862480000.0
Holcim Maroc S.A,27/11/2024,Holcim Maroc S.A,LHM,2000.0,2000.0,2000.0,1980.0,1025,2049800.0,10,46862480000.0
Holcim Maroc S.A,26/11/2024,Holcim Maroc S.A,LHM,2000.0,1971.0,2000.0,1971.0,37,73158.0,5,46182974040.0
Holcim Maroc S.A,25/11/2024,Holcim Maroc S.A,LHM,1981.0,1980.0,2035.0,1970.0,312,615210.0,15,46393855200.0
Holcim Maroc S.A,22/11/2024,Holcim Maroc S.A,LHM,1986.0,2000.0,2000.0,1986.0,1441,2881486.0,10,46862480000.0
Holcim Maroc S.A,21/11/2024,Holcim Maroc S.A,LHM,1956.0,1987.0,2020.0,1956.0,1735,3482085.0,30,46557873880.0
Holcim Maroc S.A,20/11/2024,Holcim Maroc S.A,LHM,2021.0,2000.0,2021.0,2000.0,2206,4415926.0,7,46862480000.0
Holcim Maroc S.A,19/11/2024,Holcim Maroc S.A,LHM,2000.0,2021.0,2021.0,1995.0,6586,13303144.0,21,47354536040.0
Holcim Maroc S.A,15/11/2024,Holcim Maroc S.A,LHM,1955.0,2000.0,2000.0,1950.0,41592,82817207.0,74,46862480000.0
Holcim Maroc S.A,14/11/2024,Holcim Maroc S.A,LHM,1939.0,1958.0,1959.0,1939.0,3432,6703604.0,31,45878367920.0
Holcim Maroc S.A,13/11/2024,Holcim Maroc S.A,LHM,1931.0,1935.0,1935.0,1930.0,122,235518.0,5,45339449400.0
Holcim Maroc S.A,12/11/2024,Holcim Maroc S.A,LHM,1940.0,1929.0,1945.0,1926.0,435,839726.0,15,45198861960.0
Holcim Maroc S.A,11/11/2024,Holcim Maroc S.A,LHM,1922.0,1922.0,1945.0,1920.0,454,874770.0,14,45034843280.0
Holcim Maroc S.A,08/11/2024,Holcim Maroc S.A,LHM,1910.0,1920.0,1949.0,1905.0,5357,10330664.0,38,44987980800.0
Holcim Maroc S.A,07/11/2024,Holcim Maroc S.A,LHM,1890.0,1910.0,1911.0,1890.0,12201,23147797.0,27,44753668400.0
Holcim Maroc S.A,05/11/2024,Holcim Maroc S.A,LHM,1892.0,1880.0,1892.0,1880.0,3733,7019342.0,8,44050731200.0
Holcim Maroc S.A,04/11/2024,Holcim Maroc S.A,LHM,1894.0,1880.0,1894.0,1880.0,171,321698.0,6,44050731200.0
Holcim Maroc S.A,01/11/2024,Holcim Maroc S.A,LHM,1845.0,1861.0,1864.0,1845.0,3245,6022679.0,26,43605537640.0
Holcim Maroc S.A,31/10/2024,Holcim Maroc S.A,LHM,1850.0,1845.0,1870.0,1844.0,16616,30664599.0,28,43230637800.0
Holcim Maroc S.A,30/10/2024,Holcim Maroc S.A,LHM,1851.0,1855.0,1855.0,1851.0,90,166594.0,5,43464950200.0
Holcim Maroc S.A,29/10/2024,Holcim Maroc S.A,LHM,1830.0,1855.0,1855.0,1740.0,13994,25108404.0,20,43464950200.0
Holcim Maroc S.A,28/10/2024,Holcim Maroc S.A,LHM,1828.0,1825.0,1828.0,1825.0,372,678939.0,5,42762013000.0
Holcim Maroc S.A,25/10/2024,Holcim Maroc S.A,LHM,1827.0,1832.0,1832.0,1827.0,2507,4592789.0,3,42926031680.0
Holcim Maroc S.A,24/10/2024,Holcim Maroc S.A,LHM,1829.0,1829.0,1829.0,1829.0,23,42067.0,2,42855737960.0
Holcim Maroc S.A,23/10/2024,Holcim Maroc S.A,LHM,1832.0,1832.0,1832.0,1825.0,3607,6598375.0,5,42926031680.0
Holcim Maroc S.A,22/10/2024,Holcim Maroc S.A,LHM,1821.0,1825.0,1830.0,1821.0,1248,2276735.0,10,42762013000.0
Holcim Maroc S.A,21/10/2024,Holcim Maroc S.A,LHM,1849.0,1821.0,1849.0,1821.0,352,641048.0,3,42668288040.0
Holcim Maroc S.A,18/10/2024,Holcim Maroc S.A,LHM,1817.0,1821.0,1821.0,1817.0,4629,8429399.0,10,42668288040.0
Holcim Maroc S.A,17/10/2024,Holcim Maroc S.A,LHM,1800.0,1801.0,1819.0,1800.0,505,909056.0,9,42199663240.0
Holcim Maroc S.A,16/10/2024,Holcim Maroc S.A,LHM,1800.0,1780.0,1800.0,1760.0,2293,4094328.0,14,41707607200.0
Holcim Maroc S.A,15/10/2024,Holcim Maroc S.A,LHM,1800.0,1800.0,1800.0,1800.0,615,1107000.0,15,42176232000.0
Holcim Maroc S.A,14/10/2024,Holcim Maroc S.A,LHM,1824.0,1820.0,1824.0,1820.0,696,1266903.0,8,42644856800.0
Holcim Maroc S.A,11/10/2024,Holcim Maroc S.A,LHM,1835.0,1838.0,1838.0,1835.0,208,381704.0,4,43066619120.0
Holcim Maroc S.A,10/10/2024,Holcim Maroc S.A,LHM,1840.0,1839.0,1840.0,1839.0,6645,12226655.0,9,43090050360.0
Holcim Maroc S.A,09/10/2024,Holcim Maroc S.A,LHM,1894.0,1836.0,1894.0,1834.0,6340,11635262.0,18,43019756640.0
Holcim Maroc S.A,08/10/2024,Holcim Maroc S.A,LHM,1899.0,1835.0,1899.0,1835.0,6116,11253937.0,15,42996325400.0
Holcim Maroc S.A,07/10/2024,Holcim Maroc S.A,LHM,1826.0,1851.0,1851.0,1826.0,828,1532601.0,4,43371225240.0
Holcim Maroc S.A,04/10/2024,Holcim Maroc S.A,LHM,1850.0,1851.0,1879.0,1850.0,6607,12224513.0,10,43371225240.0
Holcim Maroc S.A,03/10/2024,Holcim Maroc S.A,LHM,1879.0,1850.0,1879.0,1850.0,2025,3746279.0,4,43347794000.0
Holcim Maroc S.A,02/10/2024,Holcim Maroc S.A,LHM,1887.0,1822.0,1887.0,1803.0,10227,18810401.0,16,42691719280.0
Holcim Maroc S.A,01/10/2024,Holcim Maroc S.A,LHM,1872.0,1805.0,1872.0,1803.0,2378,4298335.0,24,42293388200.0
Holcim Maroc S.A,30/09/2024,Holcim Maroc S.A,LHM,1881.0,1880.0,1902.0,1880.0,20511,38653744.0,23,44050731200.0
Holcim Maroc S.A,27/09/2024,Holcim Maroc S.A,LHM,1898.0,1881.0,1900.0,1880.0,4537,8553240.0,21,44074162440.0
Holcim Maroc S.A,26/09/2024,Holcim Maroc S.A,LHM,1872.0,1896.0,1900.0,1872.0,284,538002.0,10,44425631040.0
Holcim Maroc S.A,25/09/2024,Holcim Maroc S.A,LHM,1900.0,1873.0,1900.0,1873.0,176,330350.0,4,43886712520.0
Holcim Maroc S.A,24/09/2024,Holcim Maroc S.A,LHM,1902.0,1902.0,1902.0,1890.0,1129,2135056.0,21,44566218480.0
Holcim Maroc S.A,23/09/2024,Holcim Maroc S.A,LHM,1902.0,1902.0,1902.0,1902.0,1000,1902000.0,1,44566218480.0
Holcim Maroc S.A,20/09/2024,Holcim Maroc S.A,LHM,1900.0,1907.0,1907.0,1870.0,2121,4036332.0,16,44683374680.0
Holcim Maroc S.A,19/09/2024,Holcim Maroc S.A,LHM,1880.0,1895.0,1895.0,1859.0,2443,4618035.0,10,44402199800.0
Holcim Maroc S.A,18/09/2024,Holcim Maroc S.A,LHM,1866.0,1865.0,1867.0,1858.0,1216,2267178.0,14,43699262600.0
Holcim Maroc S.A,13/09/2024,Holcim Maroc S.A,LHM,1831.0,1854.0,1854.0,1821.0,3326,6163577.0,20,43441518960.0
Holcim Maroc S.A,12/09/2024,Holcim Maroc S.A,LHM,1890.0,1850.0,1890.0,1850.0,1165,2156296.0,30,43347794000.0
Holcim Maroc S.A,11/09/2024,Holcim Maroc S.A,LHM,1900.0,1910.0,1910.0,1882.0,3042,5809285.0,11,44753668400.0
Holcim Maroc S.A,10/09/2024,Holcim Maroc S.A,LHM,1910.0,1913.0,1913.0,1883.0,5971,11413015.0,10,44823962120.0
Holcim Maroc S.A,09/09/2024,Holcim Maroc S.A,LHM,1938.0,1938.0,1938.0,1938.0,2270,4399260.0,1,45409743120.0
Holcim Maroc S.A,06/09/2024,Holcim Maroc S.A,LHM,1895.0,1915.0,1915.0,1881.0,4065,7782807.0,22,44870824600.0
Holcim Maroc S.A,05/09/2024,Holcim Maroc S.A,LHM,1910.0,1910.0,1910.0,1900.0,542,1034970.0,9,44753668400.0
Holcim Maroc S.A,04/09/2024,Holcim Maroc S.A,LHM,1901.0,1901.0,1902.0,1900.0,7031,13365944.0,15,44542787240.0
Holcim Maroc S.A,03/09/2024,Holcim Maroc S.A,LHM,1900.0,1900.0,1900.0,1900.0,4,7600.0,2,44519356000.0
Holcim Maroc S.A,02/09/2024,Holcim Maroc S.A,LHM,1892.0,1892.0,1920.0,1890.0,779,1476225.0,14,44331906080.0
Holcim Maroc S.A,30/08/2024,Holcim Maroc S.A,LHM,1900.0,1900.0,1910.0,1892.0,5822,11061506.0,16,44519356000.0
Holcim Maroc S.A,29/08/2024,Holcim Maroc S.A,LHM,1910.0,1900.0,1949.0,1895.0,7939,15108296.0,32,44519356000.0
Holcim Maroc S.A,28/08/2024,Holcim Maroc S.A,LHM,1936.0,1935.0,1936.0,1935.0,1630,3154060.0,6,45339449400.0
Holcim Maroc S.A,27/08/2024,Holcim Maroc S.A,LHM,1935.0,1935.0,1935.0,1935.0,2600,5031000.0,6,45339449400.0
Holcim Maroc S.A,26/08/2024,Holcim Maroc S.A,LHM,1920.0,1975.0,1975.0,1920.0,22,42350.0,4,46276699000.0
Holcim Maroc S.A,23/08/2024,Holcim Maroc S.A,LHM,1969.0,1970.0,1970.0,1935.0,3400,6676552.0,20,46159542800.0
Holcim Maroc S.A,22/08/2024,Holcim Maroc S.A,LHM,1922.0,1965.0,1971.0,1922.0,1521,2988842.0,3,46042386600.0
Holcim Maroc S.A,19/08/2024,Holcim Maroc S.A,LHM,-,1971.0,-,-,-,-,-,46182974040.0
Holcim Maroc S.A,16/08/2024,Holcim Maroc S.A,LHM,1971.0,1971.0,1971.0,1971.0,1,1971.0,1,46182974040.0
Holcim Maroc S.A,15/08/2024,Holcim Maroc S.A,LHM,1970.0,1970.0,1970.0,1970.0,1600,3152000.0,8,46159542800.0
Holcim Maroc S.A,13/08/2024,Holcim Maroc S.A,LHM,1975.0,1970.0,1975.0,1921.0,6,11732.0,3,46159542800.0
Holcim Maroc S.A,12/08/2024,Holcim Maroc S.A,LHM,1925.0,1937.0,1937.0,1925.0,1570,3040850.0,5,45386311880.0
Holcim Maroc S.A,09/08/2024,Holcim Maroc S.A,LHM,1920.0,1937.0,1950.0,1920.0,3749,7272752.0,13,45386311880.0
Holcim Maroc S.A,08/08/2024,Holcim Maroc S.A,LHM,1950.0,1950.0,1950.0,1925.0,33,63600.0,5,45690918000.0
Holcim Maroc S.A,07/08/2024,Holcim Maroc S.A,LHM,1921.0,1950.0,1959.0,1921.0,2659,5142237.0,9,45690918000.0
Holcim Maroc S.A,06/08/2024,Holcim Maroc S.A,LHM,1959.0,1930.0,1959.0,1930.0,1006,1941753.0,5,45222293200.0
Holcim Maroc S.A,05/08/2024,Holcim Maroc S.A,LHM,1935.0,1900.0,1937.0,1880.0,654,1246195.0,19,44519356000.0
Holcim Maroc S.A,02/08/2024,Holcim Maroc S.A,LHM,1955.0,1955.0,1960.0,1943.0,8629,16830438.0,13,45808074200.0
Holcim Maroc S.A,20/05/2024,Holcim Maroc S.A,LHM,2018.0,2020.0,2025.0,2000.0,1487,2981138.0,14,47331104800.0
Holcim Maroc S.A,17/05/2024,Holcim Maroc S.A,LHM,2000.0,2018.0,2018.0,2000.0,1803,3606058.0,7,47284242320.0
Holcim Maroc S.A,16/05/2024,Holcim Maroc S.A,LHM,2000.0,2000.0,2000.0,2000.0,1205,2410000.0,8,46862480000.0
Holcim Maroc S.A,15/05/2024,Holcim Maroc S.A,LHM,2000.0,1999.0,2019.0,1999.0,8666,17334605.0,9,46839048760.0
Holcim Maroc S.A,14/05/2024,Holcim Maroc S.A,LHM,2000.0,2000.0,2000.0,2000.0,3711,7422000.0,15,46862480000.0
Holcim Maroc S.A,13/05/2024,Holcim Maroc S.A,LHM,2034.0,2000.0,2034.0,2000.0,394,788206.0,9,46862480000.0
Holcim Maroc S.A,10/05/2024,Holcim Maroc S.A,LHM,1995.0,2039.0,2039.0,1995.0,22,43959.0,3,47776298360.0
Holcim Maroc S.A,09/05/2024,Holcim Maroc S.A,LHM,2005.0,2000.0,2005.0,1975.0,12838,25633094.0,29,46862480000.0
Holcim Maroc S.A,08/05/2024,Holcim Maroc S.A,LHM,2000.0,1991.0,2000.0,1991.0,425,846400.0,3,46651598840.0
Holcim Maroc S.A,07/05/2024,Holcim Maroc S.A,LHM,2000.0,2000.0,2005.0,2000.0,2868,5749000.0,13,46862480000.0
Holcim Maroc S.A,06/05/2024,Holcim Maroc S.A,LHM,-,2000.0,-,-,-,-,-,46862480000.0
Holcim Maroc S.A,03/05/2024,Holcim Maroc S.A,LHM,2020.0,2000.0,2039.0,2000.0,6473,12950423.0,18,46862480000.0
Holcim Maroc S.A,02/05/2024,Holcim Maroc S.A,LHM,2000.0,2020.0,2020.0,2000.0,3217,6434020.0,11,47331104800.0
Holcim Maroc S.A,30/04/2024,Holcim Maroc S.A,LHM,1998.0,2000.0,2000.0,1990.0,3292,6571989.0,11,46862480000.0
Holcim Maroc S.A,29/04/2024,Holcim Maroc S.A,LHM,2030.0,2000.0,2030.0,2000.0,31,62030.0,2,46862480000.0
Holcim Maroc S.A,26/04/2024,Holcim Maroc S.A,LHM,1980.0,1990.0,2000.0,1980.0,10570,21014242.0,14,46628167600.0
Holcim Maroc S.A,25/04/2024,Holcim Maroc S.A,LHM,1995.0,1990.0,1995.0,1980.0,925,1831656.0,6,46628167600.0
Holcim Maroc S.A,24/04/2024,Holcim Maroc S.A,LHM,2001.0,1990.0,2001.0,1987.0,770,1537784.0,14,46628167600.0
Holcim Maroc S.A,23/04/2024,Holcim Maroc S.A,LHM,1990.0,2000.0,2000.0,1990.0,18840,37679645.0,10,46862480000.0
Holcim Maroc S.A,22/04/2024,Holcim Maroc S.A,LHM,2040.0,2000.0,2040.0,2000.0,60,121150.0,5,46862480000.0
Holcim Maroc S.A,19/04/2024,Holcim Maroc S.A,LHM,2030.0,2045.0,2050.0,2030.0,5051,10340596.0,21,47916885800.0
Holcim Maroc S.A,18/04/2024,Holcim Maroc S.A,LHM,2000.0,2020.0,2020.0,2000.0,4207,8418785.0,19,47331104800.0
Holcim Maroc S.A,17/04/2024,Holcim Maroc S.A,LHM,1980.0,2000.0,2050.0,1971.0,11011,21966317.0,26,46862480000.0
Holcim Maroc S.A,16/04/2024,Holcim Maroc S.A,LHM,1970.0,1970.0,1979.0,1970.0,181,356588.0,17,46159542800.0
Holcim Maroc S.A,15/04/2024,Holcim Maroc S.A,LHM,1961.0,1970.0,1980.0,1961.0,1553,3059055.0,6,46159542800.0
Holcim Maroc S.A,09/04/2024,Holcim Maroc S.A,LHM,1962.0,1981.0,1981.0,1960.0,7664,15049936.0,13,46417286440.0
Holcim Maroc S.A,08/04/2024,Holcim Maroc S.A,LHM,1960.0,1960.0,1980.0,1960.0,3602,7061629.0,12,45925230400.0
Holcim Maroc S.A,05/04/2024,Holcim Maroc S.A,LHM,1975.0,1960.0,1975.0,1960.0,2900,5695250.0,5,45925230400.0
Holcim Maroc S.A,04/04/2024,Holcim Maroc S.A,LHM,-,1955.0,-,-,-,-,-,45808074200.0
Holcim Maroc S.A,03/04/2024,Holcim Maroc S.A,LHM,1950.0,1955.0,1985.0,1950.0,4397,8595521.0,17,45808074200.0
Holcim Maroc S.A,02/04/2024,Holcim Maroc S.A,LHM,1960.0,1960.0,1960.0,1960.0,501,981960.0,3,45925230400.0
Holcim Maroc S.A,01/04/2024,Holcim Maroc S.A,LHM,1967.0,1960.0,1967.0,1960.0,5026,9853016.0,17,45925230400.0
Holcim Maroc S.A,29/03/2024,Holcim Maroc S.A,LHM,1985.0,1950.0,1990.0,1950.0,3286,6454110.0,22,45690918000.0
Holcim Maroc S.A,28/03/2024,Holcim Maroc S.A,LHM,1995.0,1980.0,1995.0,1980.0,9769,19388013.0,30,46393855200.0
Holcim Maroc S.A,27/03/2024,Holcim Maroc S.A,LHM,1976.0,1990.0,1990.0,1976.0,4104,8156418.0,6,46628167600.0
Holcim Maroc S.A,26/03/2024,Holcim Maroc S.A,LHM,1990.0,1965.0,1990.0,1965.0,3228,6390812.0,9,46042386600.0
Holcim Maroc S.A,25/03/2024,Holcim Maroc S.A,LHM,1990.0,1990.0,1990.0,1990.0,886,1763140.0,4,46628167600.0
Holcim Maroc S.A,22/03/2024,Holcim Maroc S.A,LHM,2000.0,1990.0,2000.0,1990.0,2785,5543579.0,17,46628167600.0
Holcim Maroc S.A,21/03/2024,Holcim Maroc S.A,LHM,1989.0,1989.0,1989.0,1989.0,10,19890.0,1,46604736360.0
Holcim Maroc S.A,20/03/2024,Holcim Maroc S.A,LHM,1990.0,1989.0,1999.0,1989.0,2017,4013861.0,9,46604736360.0
Holcim Maroc S.A,19/03/2024,Holcim Maroc S.A,LHM,2000.0,1989.0,2010.0,1989.0,4710,9413311.0,15,46604736360.0
Holcim Maroc S.A,18/03/2024,Holcim Maroc S.A,LHM,2024.0,2000.0,2024.0,2000.0,2050,4100600.0,8,46862480000.0
Holcim Maroc S.A,15/03/2024,Holcim Maroc S.A,LHM,1968.0,2000.0,2000.0,1967.0,7335,14538329.0,17,46862480000.0
Holcim Maroc S.A,14/03/2024,Holcim Maroc S.A,LHM,1975.0,1997.0,1997.0,1975.0,9299,18366449.0,13,46792186280.0
Holcim Maroc S.A,13/03/2024,Holcim Maroc S.A,LHM,1965.0,1970.0,1970.0,1965.0,5343,10501397.0,13,46159542800.0
Holcim Maroc S.A,12/03/2024,Holcim Maroc S.A,LHM,1970.0,1965.0,1970.0,1965.0,128,251890.0,11,46042386600.0
Holcim Maroc S.A,11/03/2024,Holcim Maroc S.A,LHM,1970.0,1969.0,1970.0,1968.0,374,736676.0,5,46136111560.0
Holcim Maroc S.A,08/03/2024,Holcim Maroc S.A,LHM,1999.0,2000.0,2000.0,1999.0,1033,2065997.0,10,46862480000.0
Holcim Maroc S.A,07/03/2024,Holcim Maroc S.A,LHM,1965.0,1965.0,1965.0,1965.0,1,1965.0,1,46042386600.0
Holcim Maroc S.A,06/03/2024,Holcim Maroc S.A,LHM,2000.0,1960.0,2000.0,1960.0,573,1141700.0,29,45925230400.0
Holcim Maroc S.A,05/03/2024,Holcim Maroc S.A,LHM,2000.0,2000.0,2000.0,1960.0,481,949701.0,16,46862480000.0
Holcim Maroc S.A,04/03/2024,Holcim Maroc S.A,LHM,1974.0,1974.0,1974.0,1974.0,1,1974.0,1,46253267760.0
Holcim Maroc S.A,01/03/2024,Holcim Maroc S.A,LHM,1999.0,1973.0,1999.0,1960.0,1163,2294963.0,14,46229836520.0
Holcim Maroc S.A,29/02/2024,Holcim Maroc S.A,LHM,1980.0,1999.0,2005.0,1960.0,2668,5340130.0,9,46839048760.0
Holcim Maroc S.A,28/02/2024,Holcim Maroc S.A,LHM,1980.0,2004.0,2004.0,1980.0,3300,6580296.0,16,46956204960.0
Holcim Maroc S.A,27/02/2024,Holcim Maroc S.A,LHM,2000.0,2000.0,2000.0,2000.0,4052,8104000.0,9,46862480000.0
Holcim Maroc S.A,26/02/2024,Holcim Maroc S.A,LHM,1992.0,2009.0,2009.0,1920.0,148,289228.0,21,47073361160.0
Holcim Maroc S.A,23/02/2024,Holcim Maroc S.A,LHM,1998.0,2005.0,2005.0,1990.0,2339,4677996.0,7,46979636200.0
Holcim Maroc S.A,22/02/2024,Holcim Maroc S.A,LHM,2020.0,1997.0,2020.0,1997.0,37,73958.0,4,46792186280.0
Holcim Maroc S.A,21/02/2024,Holcim Maroc S.A,LHM,2000.0,2000.0,2000.0,2000.0,2273,4546000.0,10,46862480000.0
Holcim Maroc S.A,20/02/2024,Holcim Maroc S.A,LHM,2007.0,1977.0,2007.0,1977.0,80,159860.0,5,46323561480.0
Holcim Maroc S.A,19/02/2024,Holcim Maroc S.A,LHM,-,2010.0,-,-,-,-,-,47096792400.0
Holcim Maroc S.A,16/02/2024,Holcim Maroc S.A,LHM,2010.0,2010.0,2010.0,2010.0,1567,3149670.0,8,47096792400.0
Holcim Maroc S.A,15/02/2024,Holcim Maroc S.A,LHM,-,2005.0,-,-,-,-,-,46979636200.0
Holcim Maroc S.A,14/02/2024,Holcim Maroc S.A,LHM,1990.0,2005.0,2005.0,1980.0,4362,8720364.0,17,46979636200.0
Holcim Maroc S.A,13/02/2024,Holcim Maroc S.A,LHM,2009.0,1985.0,2009.0,1985.0,3427,6871139.0,10,46511011400.0
Holcim Maroc S.A,12/02/2024,Holcim Maroc S.A,LHM,2010.0,2010.0,2010.0,2009.0,3173,6374608.0,5,47096792400.0
Holcim Maroc S.A,09/02/2024,Holcim Maroc S.A,LHM,1986.0,2010.0,2010.0,1980.0,1372,2757095.0,12,47096792400.0
Holcim Maroc S.A,08/02/2024,Holcim Maroc S.A,LHM,-,1985.0,-,-,-,-,-,46511011400.0
Holcim Maroc S.A,07/02/2024,Holcim Maroc S.A,LHM,1980.0,1985.0,2050.0,1980.0,1245,2471584.0,13,46511011400.0
Holcim Maroc S.A,06/02/2024,Holcim Maroc S.A,LHM,1980.0,1989.0,1990.0,1980.0,876,1741465.0,4,46604736360.0
Holcim Maroc S.A,05/02/2024,Holcim Maroc S.A,LHM,-,1980.0,-,-,-,-,-,46393855200.0
Holcim Maroc S.A,02/02/2024,Holcim Maroc S.A,LHM,1999.0,1980.0,2000.0,1970.0,525,1034599.0,5,46393855200.0
Holcim Maroc S.A,01/02/2024,Holcim Maroc S.A,LHM,1960.0,1960.0,1960.0,1935.0,1804,3530990.0,7,45925230400.0
Holcim Maroc S.A,31/01/2024,Holcim Maroc S.A,LHM,1980.0,1951.0,1980.0,1951.0,3500,6831900.0,10,45714349240.0
Holcim Maroc S.A,30/01/2024,Holcim Maroc S.A,LHM,2010.0,1940.0,2010.0,1940.0,2967,5767366.0,23,45456605600.0
Holcim Maroc S.A,29/01/2024,Holcim Maroc S.A,LHM,2046.0,2000.0,2046.0,2000.0,1373,2766793.0,16,46862480000.0
Holcim Maroc S.A,26/01/2024,Holcim Maroc S.A,LHM,2055.0,2010.0,2055.0,2010.0,2439,4905105.0,17,47096792400.0
Holcim Maroc S.A,25/01/2024,Holcim Maroc S.A,LHM,2045.0,2045.0,2045.0,2045.0,140,286300.0,1,47916885800.0
Holcim Maroc S.A,24/01/2024,Holcim Maroc S.A,LHM,2049.0,2045.0,2049.0,2045.0,397,812945.0,5,47916885800.0
Holcim Maroc S.A,23/01/2024,Holcim Maroc S.A,LHM,2050.0,2050.0,2050.0,2050.0,4301,8817050.0,8,48034042000.0
Holcim Maroc S.A,22/01/2024,Holcim Maroc S.A,LHM,2068.0,2020.0,2068.0,2020.0,2001,4042473.0,5,47331104800.0
Holcim Maroc S.A,19/01/2024,Holcim Maroc S.A,LHM,2022.0,2027.0,2060.0,2022.0,1571,3217343.0,11,47495123480.0
Holcim Maroc S.A,18/01/2024,Holcim Maroc S.A,LHM,2032.0,2059.0,2059.0,2029.0,4302,8817747.0,14,48244923160.0
Holcim Maroc S.A,17/01/2024,Holcim Maroc S.A,LHM,2030.0,2070.0,2070.0,2029.0,119,241885.0,5,48502666800.0
Holcim Maroc S.A,16/01/2024,Holcim Maroc S.A,LHM,2000.0,2074.0,2074.0,2000.0,4392,8799009.0,23,48596391760.0
Holcim Maroc S.A,15/01/2024,Holcim Maroc S.A,LHM,2038.0,2000.0,2038.0,2000.0,416,832076.0,13,46862480000.0
Holcim Maroc S.A,12/01/2024,Holcim Maroc S.A,LHM,1994.0,2000.0,2000.0,1994.0,2747,5493376.0,22,46862480000.0
Holcim Maroc S.A,10/01/2024,Holcim Maroc S.A,LHM,1964.0,1994.0,1995.0,1963.0,263,523943.0,13,46721892560.0
Holcim Maroc S.A,09/01/2024,Holcim Maroc S.A,LHM,-,1994.0,-,-,-,-,-,46721892560.0
Holcim Maroc S.A,08/01/2024,Holcim Maroc S.A,LHM,1980.0,1994.0,1994.0,1951.0,81,159417.0,12,46721892560.0
Holcim Maroc S.A,05/01/2024,Holcim Maroc S.A,LHM,1940.0,1980.0,1980.0,1940.0,1345,2651128.0,16,46393855200.0
Holcim Maroc S.A,04/01/2024,Holcim Maroc S.A,LHM,1950.0,1969.0,1970.0,1931.0,6810,13325833.0,32,46136111560.0
Holcim Maroc S.A,03/01/2024,Holcim Maroc S.A,LHM,1950.0,1950.0,1950.0,1940.0,1238,2413062.0,16,45690918000.0
Holcim Maroc S.A,02/01/2024,Holcim Maroc S.A,LHM,1929.0,1920.0,1949.0,1920.0,486,933939.0,12,44987980800.0
Holcim Maroc S.A,29/12/2023,Holcim Maroc S.A,LHM,1920.0,1920.0,1920.0,1920.0,10030,19257600.0,17,44987980800.0
Holcim Maroc S.A,28/12/2023,Holcim Maroc S.A,LHM,1926.0,1920.0,1926.0,1920.0,45,86476.0,3,44987980800.0
Holcim Maroc S.A,27/12/2023,Holcim Maroc S.A,LHM,1925.0,1940.0,1940.0,1925.0,1650,3198750.0,2,45456605600.0
Holcim Maroc S.A,26/12/2023,Holcim Maroc S.A,LHM,1918.0,1920.0,1920.0,1918.0,898,1724144.0,3,44987980800.0
Holcim Maroc S.A,25/12/2023,Holcim Maroc S.A,LHM,1950.0,1918.0,1950.0,1918.0,1299,2523482.0,2,44941118320.0
Holcim Maroc S.A,22/12/2023,Holcim Maroc S.A,LHM,1951.0,1951.0,1951.0,1950.0,150,292600.0,5,45714349240.0
Holcim Maroc S.A,21/12/2023,Holcim Maroc S.A,LHM,1960.0,1911.0,1960.0,1911.0,835,1605582.0,5,44777099640.0
Holcim Maroc S.A,20/12/2023,Holcim Maroc S.A,LHM,1960.0,1950.0,1960.0,1930.0,6062,11820757.0,11,45690918000.0
Holcim Maroc S.A,19/12/2023,Holcim Maroc S.A,LHM,1950.0,1960.0,1960.0,1950.0,5915,11584825.0,18,45925230400.0
Holcim Maroc S.A,18/12/2023,Holcim Maroc S.A,LHM,1950.0,1950.0,1950.0,1950.0,1040,2028000.0,5,45690918000.0
Holcim Maroc S.A,15/12/2023,Holcim Maroc S.A,LHM,1955.0,1950.0,1960.0,1950.0,2573,5020747.0,32,45690918000.0
Holcim Maroc S.A,14/12/2023,Holcim Maroc S.A,LHM,1960.0,1950.0,1969.0,1950.0,4549,8878890.0,31,45690918000.0
Holcim Maroc S.A,13/12/2023,Holcim Maroc S.A,LHM,1923.0,1959.0,1964.0,1910.0,9201,17944406.0,27,45901799160.0
Holcim Maroc S.A,12/12/2023,Holcim Maroc S.A,LHM,1955.0,1910.0,1970.0,1890.0,2056,3888897.0,15,44753668400.0
Holcim Maroc S.A,11/12/2023,Holcim Maroc S.A,LHM,1900.0,1955.0,1960.0,1900.0,127,246268.0,13,45808074200.0
Holcim Maroc S.A,08/12/2023,Holcim Maroc S.A,LHM,1888.0,1900.0,1900.0,1884.0,486,921944.0,7,44519356000.0
Holcim Maroc S.A,07/12/2023,Holcim Maroc S.A,LHM,1883.0,1886.0,1886.0,1862.0,2123,3955759.0,10,44191318640.0
Holcim Maroc S.A,06/12/2023,Holcim Maroc S.A,LHM,1860.0,1870.0,1870.0,1860.0,1286,2392370.0,9,43816418800.0
Holcim Maroc S.A,05/12/2023,Holcim Maroc S.A,LHM,1860.0,1860.0,1870.0,1860.0,1679,3123040.0,7,43582106400.0
Holcim Maroc S.A,04/12/2023,Holcim Maroc S.A,LHM,1852.0,1852.0,1852.0,1852.0,3002,5559704.0,4,43394656480.0
Holcim Maroc S.A,01/12/2023,Holcim Maroc S.A,LHM,1854.0,1886.0,1886.0,1850.0,4024,7483416.0,7,44191318640.0
Holcim Maroc S.A,30/11/2023,Holcim Maroc S.A,LHM,1827.0,1852.0,1856.0,1827.0,4185,7746516.0,12,43394656480.0
Holcim Maroc S.A,29/11/2023,Holcim Maroc S.A,LHM,1850.0,1851.0,1851.0,1850.0,4920,9105900.0,7,43371225240.0
Holcim Maroc S.A,28/11/2023,Holcim Maroc S.A,LHM,1860.0,1852.0,1861.0,1850.0,5466,10112536.0,22,43394656480.0
Holcim Maroc S.A,27/11/2023,Holcim Maroc S.A,LHM,1890.0,1872.0,1890.0,1861.0,328,613902.0,5,43863281280.0
Holcim Maroc S.A,24/11/2023,Holcim Maroc S.A,LHM,1885.0,1872.0,1885.0,1872.0,3500,6558500.0,2,43863281280.0
Holcim Maroc S.A,23/11/2023,Holcim Maroc S.A,LHM,1888.0,1885.0,1888.0,1865.0,1108,2068564.0,7,44167887400.0
Holcim Maroc S.A,22/11/2023,Holcim Maroc S.A,LHM,1865.0,1889.0,1889.0,1860.0,4551,8488889.0,6,44261612360.0
Holcim Maroc S.A,21/11/2023,Holcim Maroc S.A,LHM,1860.0,1860.0,1880.0,1860.0,3621,6735120.0,7,43582106400.0
Holcim Maroc S.A,20/11/2023,Holcim Maroc S.A,LHM,1861.0,1885.0,1885.0,1860.0,2605,4845945.0,8,44167887400.0
Holcim Maroc S.A,17/11/2023,Holcim Maroc S.A,LHM,1850.0,1900.0,1900.0,1850.0,5043,9381700.0,12,44519356000.0
Holcim Maroc S.A,16/11/2023,Holcim Maroc S.A,LHM,1840.0,1885.0,1885.0,1840.0,214,402595.0,5,44167887400.0
Holcim Maroc S.A,15/11/2023,Holcim Maroc S.A,LHM,1875.0,1850.0,1875.0,1850.0,1666,3097840.0,5,43347794000.0
Holcim Maroc S.A,14/11/2023,Holcim Maroc S.A,LHM,1861.0,1890.0,1890.0,1835.0,548,1015437.0,14,44285043600.0
Holcim Maroc S.A,13/11/2023,Holcim Maroc S.A,LHM,-,1899.0,-,-,-,-,-,44495924760.0
Holcim Maroc S.A,10/11/2023,Holcim Maroc S.A,LHM,1861.0,1899.0,1899.0,1861.0,100,188380.0,6,44495924760.0
Holcim Maroc S.A,09/11/2023,Holcim Maroc S.A,LHM,1860.0,1900.0,1900.0,1860.0,96,181960.0,4,44519356000.0
Holcim Maroc S.A,08/11/2023,Holcim Maroc S.A,LHM,-,1900.0,-,-,-,-,-,44519356000.0
Holcim Maroc S.A,07/11/2023,Holcim Maroc S.A,LHM,1860.0,1900.0,1900.0,1860.0,552,1033800.0,8,44519356000.0
Holcim Maroc S.A,03/11/2023,Holcim Maroc S.A,LHM,1900.0,1900.0,1900.0,1900.0,2781,5283900.0,11,44519356000.0
Holcim Maroc S.A,02/11/2023,Holcim Maroc S.A,LHM,1835.0,1875.0,1875.0,1820.0,3525,6554038.0,14,43933575000.0
Holcim Maroc S.A,01/11/2023,Holcim Maroc S.A,LHM,1866.0,1860.0,1866.0,1811.0,427,785361.0,11,43582106400.0
Holcim Maroc S.A,31/10/2023,Holcim Maroc S.A,LHM,1832.0,1866.0,1866.0,1830.0,2020,3748227.0,27,43722693840.0
Holcim Maroc S.A,30/10/2023,Holcim Maroc S.A,LHM,1910.0,1863.0,1910.0,1835.0,1105,2046663.0,13,43652400120.0
Holcim Maroc S.A,27/10/2023,Holcim Maroc S.A,LHM,1875.0,1875.0,1875.0,1875.0,717,1344375.0,8,43933575000.0
Holcim Maroc S.A,26/10/2023,Holcim Maroc S.A,LHM,1948.0,1890.0,1948.0,1890.0,2069,3921468.0,15,44285043600.0
Holcim Maroc S.A,25/10/2023,Holcim Maroc S.A,LHM,1920.0,1920.0,1920.0,1920.0,2147,4122240.0,3,44987980800.0
Holcim Maroc S.A,24/10/2023,Holcim Maroc S.A,LHM,1959.0,1950.0,1959.0,1950.0,19,37086.0,3,45690918000.0
Holcim Maroc S.A,23/10/2023,Holcim Maroc S.A,LHM,1900.0,1960.0,1960.0,1900.0,456,884460.0,17,45925230400.0
Holcim Maroc S.A,20/10/2023,Holcim Maroc S.A,LHM,1935.0,1949.0,1950.0,1935.0,1888,3679860.0,14,45667486760.0
Holcim Maroc S.A,19/10/2023,Holcim Maroc S.A,LHM,1979.0,1965.0,1979.0,1965.0,1013,1990673.0,4,46042386600.0
Holcim Maroc S.A,03/08/2023,Holcim Maroc S.A,LHM,1770.0,1795.0,1795.0,1770.0,2513,4448763.0,9,42059075800.0
Holcim Maroc S.A,02/08/2023,Holcim Maroc S.A,LHM,1760.0,1800.0,1800.0,1760.0,2330,4114000.0,11,42176232000.0
Holcim Maroc S.A,01/08/2023,Holcim Maroc S.A,LHM,1751.0,1756.0,1793.0,1751.0,92,161431.0,5,41145257440.0
Holcim Maroc S.A,31/07/2023,Holcim Maroc S.A,LHM,1795.0,1795.0,1795.0,1795.0,100,179500.0,1,42059075800.0
IMMORENTE INVEST,03/06/2026,IMMORENTE INVEST,IMO,89.94,89.96,89.99,89.9,786,70716.71,30,810269720.0
IMMORENTE INVEST,02/06/2026,IMMORENTE INVEST,IMO,90.0,89.94,90.0,89.0,6104,546077.44,105,810089580.0
IMMORENTE INVEST,01/06/2026,IMMORENTE INVEST,IMO,90.0,90.0,90.0,89.9,5210,468879.59,64,810630000.0
IMMORENTE INVEST,26/05/2026,IMMORENTE INVEST,IMO,90.0,90.0,90.0,89.95,2446,220127.87,49,810630000.0
IMMORENTE INVEST,25/05/2026,IMMORENTE INVEST,IMO,89.99,90.0,90.0,89.97,8504,765301.61,34,810630000.0
IMMORENTE INVEST,22/05/2026,IMMORENTE INVEST,IMO,90.0,89.9,90.0,89.8,1009,90763.25,35,809729300.0
IMMORENTE INVEST,21/05/2026,IMMORENTE INVEST,IMO,90.0,89.99,90.0,89.8,3038,273370.85,34,810539930.0
IMMORENTE INVEST,20/05/2026,IMMORENTE INVEST,IMO,90.0,89.99,90.0,89.7,1716,154371.82,25,810539930.0
IMMORENTE INVEST,19/05/2026,IMMORENTE INVEST,IMO,90.0,90.0,90.0,89.7,3242,291761.7,30,810630000.0
IMMORENTE INVEST,18/05/2026,IMMORENTE INVEST,IMO,90.0,90.0,90.0,89.5,2401,216062.02,42,810630000.0
IMMORENTE INVEST,15/05/2026,IMMORENTE INVEST,IMO,89.99,90.0,90.0,89.3,1430,128596.71,26,810630000.0
IMMORENTE INVEST,14/05/2026,IMMORENTE INVEST,IMO,89.98,89.0,90.0,89.0,12470,1112286.86,125,801623000.0
IMMORENTE INVEST,13/05/2026,IMMORENTE INVEST,IMO,90.1,90.0,90.7,90.0,4171,376572.22,38,810630000.0
IMMORENTE INVEST,12/05/2026,IMMORENTE INVEST,IMO,90.0,90.0,90.17,89.96,12353,1111771.4,84,810630000.0
IMMORENTE INVEST,11/05/2026,IMMORENTE INVEST,IMO,90.5,90.0,90.5,90.0,15590,1403903.92,116,810630000.0
IMMORENTE INVEST,08/05/2026,IMMORENTE INVEST,IMO,91.18,90.4,91.18,90.32,977,88572.59,26,814232800.0
IMMORENTE INVEST,07/05/2026,IMMORENTE INVEST,IMO,91.18,91.0,91.18,90.3,10846,982184.71,60,819637000.0
IMMORENTE INVEST,06/05/2026,IMMORENTE INVEST,IMO,90.98,91.0,91.18,90.41,4189,379894.16,37,819637000.0
IMMORENTE INVEST,05/05/2026,IMMORENTE INVEST,IMO,90.52,90.31,90.98,90.31,1483,134335.61,37,813422170.0
IMMORENTE INVEST,04/05/2026,IMMORENTE INVEST,IMO,90.9,90.97,90.97,90.85,781,70990.51,28,819366790.0
IMMORENTE INVEST,30/04/2026,IMMORENTE INVEST,IMO,90.87,90.85,90.88,90.1,2047,185461.06,39,818285950.0
IMMORENTE INVEST,29/04/2026,IMMORENTE INVEST,IMO,90.3,90.87,90.88,90.3,718,64977.39,25,818466090.0
IMMORENTE INVEST,28/04/2026,IMMORENTE INVEST,IMO,90.88,90.5,90.88,90.0,4611,415159.15,31,815133500.0
IMMORENTE INVEST,27/04/2026,IMMORENTE INVEST,IMO,90.98,90.8,90.98,90.0,1793,161747.59,25,817835600.0
IMMORENTE INVEST,24/04/2026,IMMORENTE INVEST,IMO,90.88,89.97,90.88,89.95,64812,5831348.55,62,810359790.0
IMMORENTE INVEST,23/04/2026,IMMORENTE INVEST,IMO,90.5,91.0,91.48,90.0,9367,843287.58,104,819637000.0
IMMORENTE INVEST,22/04/2026,IMMORENTE INVEST,IMO,91.0,91.0,91.4,90.2,696,63250.01,28,819637000.0
IMMORENTE INVEST,21/04/2026,IMMORENTE INVEST,IMO,90.8,90.5,91.0,90.5,6474,587523.75,58,815133500.0
IMMORENTE INVEST,20/04/2026,IMMORENTE INVEST,IMO,90.65,90.62,90.65,90.0,14646,1320689.14,130,816214340.0
IMMORENTE INVEST,17/04/2026,IMMORENTE INVEST,IMO,91.0,91.0,91.0,90.0,27114,2448074.47,172,819637000.0
IMMORENTE INVEST,16/04/2026,IMMORENTE INVEST,IMO,90.81,90.9,91.5,90.81,7148,652010.19,45,818736300.0
IMMORENTE INVEST,15/04/2026,IMMORENTE INVEST,IMO,91.5,90.8,91.5,90.0,23906,2161408.01,173,817835600.0
IMMORENTE INVEST,14/04/2026,IMMORENTE INVEST,IMO,90.6,91.5,91.8,90.6,1318,119951.15,24,824140500.0
IMMORENTE INVEST,13/04/2026,IMMORENTE INVEST,IMO,91.0,90.51,91.5,90.51,1327,120726.99,41,815223570.0
IMMORENTE INVEST,10/04/2026,IMMORENTE INVEST,IMO,91.0,91.0,91.93,91.0,2464,224517.22,45,819637000.0
INVOLYS,03/06/2026,INVOLYS,INV,141.0,141.0,141.0,141.0,25,3525.0,5,53962956.0
INVOLYS,02/06/2026,INVOLYS,INV,149.0,140.1,149.0,140.0,1049,147198.4,22,53618511.6
INVOLYS,01/06/2026,INVOLYS,INV,149.0,144.5,149.0,144.5,115,16773.0,9,55302462.0
INVOLYS,26/05/2026,INVOLYS,INV,149.9,144.0,149.9,141.65,99,14571.7,13,55111104.0
INVOLYS,25/05/2026,INVOLYS,INV,144.0,147.8,149.9,143.0,312,45529.8,15,56565424.8
INVOLYS,22/05/2026,INVOLYS,INV,151.7,143.6,151.7,143.55,96,13791.95,4,54958017.6
INVOLYS,21/05/2026,INVOLYS,INV,143.0,149.0,149.0,143.0,49,7127.0,3,57024684.0
INVOLYS,20/05/2026,INVOLYS,INV,146.0,147.9,147.9,143.0,82,12016.5,9,56603696.4
INVOLYS,19/05/2026,INVOLYS,INV,141.2,145.0,145.0,141.2,420,59580.0,8,55493820.0
INVOLYS,18/05/2026,INVOLYS,INV,145.0,145.3,145.3,145.0,13,1887.1,3,55608634.8
INVOLYS,15/05/2026,INVOLYS,INV,150.0,150.0,150.0,145.15,175,25690.5,8,57407400.0
INVOLYS,14/05/2026,INVOLYS,INV,147.0,145.0,147.0,145.0,277,40246.0,7,55493820.0
INVOLYS,13/05/2026,INVOLYS,INV,146.6,146.75,147.0,146.0,474,69505.5,14,56163573.0
INVOLYS,12/05/2026,INVOLYS,INV,158.0,146.3,158.0,145.35,810,120212.15,29,55991350.8
INVOLYS,11/05/2026,INVOLYS,INV,155.2,150.0,155.2,148.1,319,48620.3,19,57407400.0
INVOLYS,08/05/2026,INVOLYS,INV,155.75,155.0,156.0,155.0,205,31920.75,9,59320980.0
INVOLYS,07/05/2026,INVOLYS,INV,147.0,153.0,157.5,147.0,684,105333.05,35,58555548.0
INVOLYS,06/05/2026,INVOLYS,INV,146.0,145.0,146.05,145.0,215,31359.25,11,55493820.0
INVOLYS,05/05/2026,INVOLYS,INV,148.0,142.0,148.0,142.0,81,11846.0,4,54345672.0
INVOLYS,04/05/2026,INVOLYS,INV,145.5,145.0,145.5,145.0,190,27582.0,13,55493820.0
INVOLYS,30/04/2026,INVOLYS,INV,153.0,145.0,153.0,141.0,535,77929.25,23,55493820.0
INVOLYS,29/04/2026,INVOLYS,INV,152.1,152.0,154.0,152.0,302,45911.0,7,58172832.0
INVOLYS,28/04/2026,INVOLYS,INV,153.3,153.0,153.3,153.0,181,27694.5,6,58555548.0
INVOLYS,27/04/2026,INVOLYS,INV,152.1,152.0,153.0,152.0,171,26005.7,14,58172832.0
INVOLYS,24/04/2026,INVOLYS,INV,157.9,153.0,157.9,153.0,280,43202.35,14,58555548.0
INVOLYS,23/04/2026,INVOLYS,INV,153.0,153.5,157.0,153.0,122,18724.0,4,58746906.0
INVOLYS,22/04/2026,INVOLYS,INV,153.0,153.5,157.5,153.0,83,12754.5,6,58746906.0
INVOLYS,21/04/2026,INVOLYS,INV,158.7,153.0,158.7,153.0,710,109656.85,22,58555548.0
INVOLYS,20/04/2026,INVOLYS,INV,158.7,153.0,158.7,153.0,924,143276.2,32,58555548.0
INVOLYS,17/04/2026,INVOLYS,INV,160.0,159.4,160.0,152.5,1440,225207.55,39,61004930.4
INVOLYS,16/04/2026,INVOLYS,INV,148.0,148.5,148.5,147.0,434,64210.5,10,56833326.0
INVOLYS,15/04/2026,INVOLYS,INV,143.0,148.0,156.8,140.0,3729,559049.1,75,56641968.0
INVOLYS,14/04/2026,INVOLYS,INV,136.0,142.85,142.85,136.0,675,94133.35,26,54670980.6
INVOLYS,13/04/2026,INVOLYS,INV,143.9,137.0,143.9,136.0,349,49069.15,18,52432092.0
INVOLYS,10/04/2026,INVOLYS,INV,142.1,141.95,143.0,141.95,294,41765.7,10,54326536.2
ITISSALAT AL-MAGHRIB,03/06/2026,ITISSALAT AL-MAGHRIB,IAM,92.0,91.65,92.5,91.65,168960,15524105.0,363,80569087911.0
ITISSALAT AL-MAGHRIB,02/06/2026,ITISSALAT AL-MAGHRIB,IAM,94.0,92.0,94.1,92.0,101324,9376416.65,296,80876771280.0
ITISSALAT AL-MAGHRIB,01/06/2026,ITISSALAT AL-MAGHRIB,IAM,94.99,93.2,94.99,93.2,97997,9173697.5,206,81931685688.0
ITISSALAT AL-MAGHRIB,26/05/2026,ITISSALAT AL-MAGHRIB,IAM,94.96,93.33,94.96,93.15,409746,38243081.38,187,82045968082.2
ITISSALAT AL-MAGHRIB,25/05/2026,ITISSALAT AL-MAGHRIB,IAM,94.0,93.0,95.0,93.0,65104,6090902.67,312,81755866620.0
ITISSALAT AL-MAGHRIB,22/05/2026,ITISSALAT AL-MAGHRIB,IAM,91.5,92.0,92.15,91.5,99178,9123300.05,142,80876771280.0
ITISSALAT AL-MAGHRIB,21/05/2026,ITISSALAT AL-MAGHRIB,IAM,92.0,91.05,92.0,91.05,51571,4721372.04,272,80041630707.0
ITISSALAT AL-MAGHRIB,20/05/2026,ITISSALAT AL-MAGHRIB,IAM,91.62,91.06,92.0,91.0,142850,13020983.56,395,80050421660.4
ITISSALAT AL-MAGHRIB,19/05/2026,ITISSALAT AL-MAGHRIB,IAM,93.5,91.6,93.5,91.6,79740,7360764.78,389,80525133144.0
ITISSALAT AL-MAGHRIB,18/05/2026,ITISSALAT AL-MAGHRIB,IAM,93.01,93.0,94.0,92.51,112122,10421106.14,276,81755866620.0
ITISSALAT AL-MAGHRIB,15/05/2026,ITISSALAT AL-MAGHRIB,IAM,94.7,93.01,94.7,93.01,35566,3333960.95,232,81764657573.4
ITISSALAT AL-MAGHRIB,14/05/2026,ITISSALAT AL-MAGHRIB,IAM,94.5,94.8,95.0,94.0,17301,1637275.01,160,83338238232.0
ITISSALAT AL-MAGHRIB,13/05/2026,ITISSALAT AL-MAGHRIB,IAM,95.79,94.0,95.79,94.0,54876,5186741.35,298,82634961960.0
ITISSALAT AL-MAGHRIB,12/05/2026,ITISSALAT AL-MAGHRIB,IAM,95.0,95.05,95.5,95.0,139269,13240400.65,160,83558012067.0
ITISSALAT AL-MAGHRIB,11/05/2026,ITISSALAT AL-MAGHRIB,IAM,96.0,95.45,96.45,95.45,45555,4354744.35,147,83909650203.0
ITISSALAT AL-MAGHRIB,08/05/2026,ITISSALAT AL-MAGHRIB,IAM,96.39,95.6,96.8,95.5,37114,3569787.79,131,84041514504.0
ITISSALAT AL-MAGHRIB,07/05/2026,ITISSALAT AL-MAGHRIB,IAM,96.5,96.45,97.0,96.3,102786,9913686.32,144,84788745543.0
ITISSALAT AL-MAGHRIB,06/05/2026,ITISSALAT AL-MAGHRIB,IAM,96.0,96.2,96.5,95.8,106216,10227462.51,181,84568971708.0
ITISSALAT AL-MAGHRIB,05/05/2026,ITISSALAT AL-MAGHRIB,IAM,96.0,95.75,96.0,95.6,94465,9046709.55,86,84173378805.0
ITISSALAT AL-MAGHRIB,04/05/2026,ITISSALAT AL-MAGHRIB,IAM,96.0,96.0,96.0,95.5,56921,5459703.88,166,84393152640.0
ITISSALAT AL-MAGHRIB,30/04/2026,ITISSALAT AL-MAGHRIB,IAM,95.5,95.5,95.5,95.0,103213,9830968.3,228,83953604970.0
ITISSALAT AL-MAGHRIB,29/04/2026,ITISSALAT AL-MAGHRIB,IAM,95.5,95.5,95.5,95.1,106830,10200689.49,154,83953604970.0
ITISSALAT AL-MAGHRIB,28/04/2026,ITISSALAT AL-MAGHRIB,IAM,95.75,95.35,96.0,95.0,72084,6872056.2,167,83821740669.0
ITISSALAT AL-MAGHRIB,27/04/2026,ITISSALAT AL-MAGHRIB,IAM,96.0,96.0,96.5,95.55,28894,2767031.62,102,84393152640.0
ITISSALAT AL-MAGHRIB,24/04/2026,ITISSALAT AL-MAGHRIB,IAM,96.0,95.5,96.0,95.25,349794,33382120.57,134,83953604970.0
ITISSALAT AL-MAGHRIB,23/04/2026,ITISSALAT AL-MAGHRIB,IAM,95.6,95.7,95.99,95.25,80225,7650962.59,123,84129424038.0
ITISSALAT AL-MAGHRIB,22/04/2026,ITISSALAT AL-MAGHRIB,IAM,96.05,95.51,96.8,95.2,132645,12675823.2,205,83962395923.4
ITISSALAT AL-MAGHRIB,21/04/2026,ITISSALAT AL-MAGHRIB,IAM,96.74,96.11,96.74,95.22,197726,18898574.91,284,84489853127.4
ITISSALAT AL-MAGHRIB,20/04/2026,ITISSALAT AL-MAGHRIB,IAM,97.87,96.13,97.87,96.0,175548,16888198.36,328,84507435034.2
ITISSALAT AL-MAGHRIB,17/04/2026,ITISSALAT AL-MAGHRIB,IAM,96.8,99.0,101.0,96.25,235974,23222079.51,264,87030438660.0
ITISSALAT AL-MAGHRIB,16/04/2026,ITISSALAT AL-MAGHRIB,IAM,96.18,96.7,97.0,96.18,57251,5517802.81,122,85008519378.0
ITISSALAT AL-MAGHRIB,15/04/2026,ITISSALAT AL-MAGHRIB,IAM,95.99,96.85,97.29,95.99,253850,24509118.9,159,85140383679.0
ITISSALAT AL-MAGHRIB,14/04/2026,ITISSALAT AL-MAGHRIB,IAM,96.0,95.4,96.0,95.1,125362,11975665.87,194,83865695436.0
ITISSALAT AL-MAGHRIB,13/04/2026,ITISSALAT AL-MAGHRIB,IAM,95.99,96.0,96.0,94.51,95318,9101602.92,222,84393152640.0
ITISSALAT AL-MAGHRIB,10/04/2026,ITISSALAT AL-MAGHRIB,IAM,96.0,96.0,96.0,95.3,188590,18084652.91,125,84393152640.0
JET CONTRACTORS,03/06/2026,JET CONTRACTORS,JET,2099.0,2050.0,2099.0,2006.0,1294,2647578.0,121,6210520100.0
JET CONTRACTORS,02/06/2026,JET CONTRACTORS,JET,2101.0,2085.0,2150.0,2080.0,1387,2905834.0,129,6316553370.0
JET CONTRACTORS,01/06/2026,JET CONTRACTORS,JET,2200.0,2170.0,2250.0,2157.0,564,1222704.0,56,6574062740.0
JET CONTRACTORS,26/05/2026,JET CONTRACTORS,JET,2220.0,2201.0,2237.0,2197.0,1022,2250048.0,26,6667977922.0
JET CONTRACTORS,25/05/2026,JET CONTRACTORS,JET,2240.0,2239.0,2286.0,2190.0,584,1301261.0,48,6783099758.0
JET CONTRACTORS,22/05/2026,JET CONTRACTORS,JET,2239.0,2237.0,2240.0,2180.0,742,1648932.0,22,6777040714.0
JET CONTRACTORS,21/05/2026,JET CONTRACTORS,JET,2200.0,2249.0,2249.0,2180.0,149,332579.0,21,6813394978.0
JET CONTRACTORS,20/05/2026,JET CONTRACTORS,JET,2247.0,2190.0,2247.0,2150.0,4729,10567809.0,57,6634653180.0
JET CONTRACTORS,19/05/2026,JET CONTRACTORS,JET,2249.0,2200.0,2268.0,2200.0,477,1065082.0,39,6664948400.0
JET CONTRACTORS,18/05/2026,JET CONTRACTORS,JET,2270.0,2248.0,2270.0,2207.0,100,222929.0,21,6810365456.0
JET CONTRACTORS,15/05/2026,JET CONTRACTORS,JET,2201.0,2270.0,2270.0,2201.0,975,2190163.0,40,6877014940.0
JET CONTRACTORS,14/05/2026,JET CONTRACTORS,JET,2297.0,2278.0,2297.0,2202.0,1060,2401481.0,68,6901251116.0
JET CONTRACTORS,13/05/2026,JET CONTRACTORS,JET,2300.0,2300.0,2315.0,2240.0,791,1802380.0,83,6967900600.0
JET CONTRACTORS,12/05/2026,JET CONTRACTORS,JET,2301.0,2329.0,2350.0,2300.0,1323,3080287.0,28,7055756738.0
JET CONTRACTORS,11/05/2026,JET CONTRACTORS,JET,2385.0,2345.0,2385.0,2320.0,484,1134788.0,47,7104229090.0
JET CONTRACTORS,08/05/2026,JET CONTRACTORS,JET,2357.0,2385.0,2385.0,2350.0,626,1486034.0,35,7225409970.0
JET CONTRACTORS,07/05/2026,JET CONTRACTORS,JET,2385.0,2385.0,2390.0,2356.0,1106,2630992.0,36,7225409970.0
JET CONTRACTORS,06/05/2026,JET CONTRACTORS,JET,2377.0,2398.0,2400.0,2353.0,2465,5883431.0,55,7264793756.0
JET CONTRACTORS,05/05/2026,JET CONTRACTORS,JET,2320.0,2348.0,2349.0,2312.0,287,665293.0,24,7113317656.0
JET CONTRACTORS,04/05/2026,JET CONTRACTORS,JET,2313.0,2354.0,2354.0,2311.0,816,1910276.0,46,7131494788.0
JET CONTRACTORS,30/04/2026,JET CONTRACTORS,JET,2382.0,2354.0,2382.0,2316.0,858,2015723.0,43,7131494788.0
JET CONTRACTORS,29/04/2026,JET CONTRACTORS,JET,2378.0,2382.0,2384.0,2322.0,10882,25921139.0,48,7216321404.0
JET CONTRACTORS,28/04/2026,JET CONTRACTORS,JET,2350.0,2387.0,2387.0,2311.0,1681,3924471.0,53,7231469014.0
JET CONTRACTORS,27/04/2026,JET CONTRACTORS,JET,2389.0,2350.0,2389.0,2329.0,96,225850.0,22,7119376700.0
JET CONTRACTORS,24/04/2026,JET CONTRACTORS,JET,2395.0,2379.0,2395.0,2321.0,2487,5909796.0,36,7207232838.0
JET CONTRACTORS,23/04/2026,JET CONTRACTORS,JET,2414.0,2397.0,2414.0,2341.0,345,830071.0,23,7261764234.0
JET CONTRACTORS,22/04/2026,JET CONTRACTORS,JET,2363.0,2430.0,2430.0,2313.0,782,1883627.0,51,7361738460.0
JET CONTRACTORS,21/04/2026,JET CONTRACTORS,JET,2370.0,2369.0,2370.0,2320.0,950,2240382.0,47,7176937618.0
JET CONTRACTORS,20/04/2026,JET CONTRACTORS,JET,2320.0,2373.0,2373.0,2266.0,1667,3912962.0,73,7189055706.0
JET CONTRACTORS,17/04/2026,JET CONTRACTORS,JET,2281.0,2385.0,2395.0,2281.0,5560,13127052.0,124,7225409970.0
JET CONTRACTORS,16/04/2026,JET CONTRACTORS,JET,2315.0,2313.0,2320.0,2271.0,467,1079020.0,32,7007284386.0
JET CONTRACTORS,15/04/2026,JET CONTRACTORS,JET,2270.0,2315.0,2390.0,2270.0,2245,5220969.0,90,7013343430.0
JET CONTRACTORS,14/04/2026,JET CONTRACTORS,JET,2220.0,2270.0,2279.0,2200.0,1926,4341527.0,89,6877014940.0
JET CONTRACTORS,13/04/2026,JET CONTRACTORS,JET,2220.0,2180.0,2220.0,2180.0,1120,2454508.0,81,6604357960.0
JET CONTRACTORS,10/04/2026,JET CONTRACTORS,JET,2240.0,2278.0,2350.0,2240.0,2308,5236969.0,100,6901251116.0
LABEL VIE,03/06/2026,LABEL VIE,LBV,3846.0,3860.0,3860.0,3846.0,21,80977.0,7,11170674020.0
LABEL VIE,02/06/2026,LABEL VIE,LBV,3999.0,3860.0,3999.0,3852.0,61,239491.0,16,11170674020.0
LABEL VIE,01/06/2026,LABEL VIE,LBV,3832.0,3860.0,3970.0,3832.0,408,1575060.0,27,11170674020.0
LABEL VIE,26/05/2026,LABEL VIE,LBV,3975.0,3860.0,3975.0,3860.0,199,773828.0,19,11170674020.0
LABEL VIE,25/05/2026,LABEL VIE,LBV,3898.0,3860.0,3979.0,3805.0,2447,9426842.0,20,11170674020.0
LABEL VIE,22/05/2026,LABEL VIE,LBV,3935.0,3851.0,3935.0,3812.0,3947,15194402.0,26,11144628407.0
LABEL VIE,21/05/2026,LABEL VIE,LBV,3975.0,3820.0,3975.0,3820.0,17934,69034004.0,46,11054915740.0
LABEL VIE,20/05/2026,LABEL VIE,LBV,3998.0,3825.0,3998.0,3825.0,4149,15970077.0,28,11069385525.0
LABEL VIE,19/05/2026,LABEL VIE,LBV,3950.0,3850.0,3950.0,3850.0,4464,17272174.0,59,11141734450.0
LABEL VIE,18/05/2026,LABEL VIE,LBV,3900.0,3950.0,3950.0,3900.0,366,1440000.0,10,11431130150.0
LABEL VIE,15/05/2026,LABEL VIE,LBV,3955.0,3900.0,3955.0,3900.0,2000,7807346.0,36,11286432300.0
LABEL VIE,14/05/2026,LABEL VIE,LBV,3942.0,3949.0,3951.0,3940.0,1520,6002455.0,14,11428236193.0
LABEL VIE,13/05/2026,LABEL VIE,LBV,4000.0,3950.0,4000.0,3950.0,6400,25289241.0,28,11431130150.0
LABEL VIE,12/05/2026,LABEL VIE,LBV,4050.0,3950.0,4050.0,3950.0,6036,23845699.0,36,11431130150.0
LABEL VIE,11/05/2026,LABEL VIE,LBV,4048.0,4000.0,4050.0,3950.0,672,2702746.0,33,11575828000.0
LABEL VIE,08/05/2026,LABEL VIE,LBV,4179.0,4000.0,4179.0,4000.0,418,1678846.0,61,11575828000.0
LABEL VIE,07/05/2026,LABEL VIE,LBV,4100.0,4050.0,4100.0,4050.0,1179,4782081.0,29,11720525850.0
LABEL VIE,06/05/2026,LABEL VIE,LBV,4160.0,4050.0,4161.0,4050.0,6887,28297823.0,78,11720525850.0
LABEL VIE,05/05/2026,LABEL VIE,LBV,4290.0,4150.0,4300.0,4150.0,4629,19487832.0,76,12009921550.0
LABEL VIE,04/05/2026,LABEL VIE,LBV,4148.0,4199.0,4199.0,4148.0,979,4082186.0,15,12151725443.0
LABEL VIE,30/04/2026,LABEL VIE,LBV,4188.0,4150.0,4195.0,4102.0,156,648028.0,16,12009921550.0
LABEL VIE,29/04/2026,LABEL VIE,LBV,4200.0,4189.0,4200.0,4110.0,69,284282.0,8,12122785873.0
LABEL VIE,28/04/2026,LABEL VIE,LBV,4122.0,4199.0,4199.0,4122.0,127,527846.0,6,12151725443.0
LABEL VIE,27/04/2026,LABEL VIE,LBV,4269.0,4111.0,4269.0,4111.0,8,33245.0,5,11897057227.0
LABEL VIE,24/04/2026,LABEL VIE,LBV,4300.0,4150.0,4300.0,4150.0,363,1542659.0,27,12009921550.0
LABEL VIE,23/04/2026,LABEL VIE,LBV,4300.0,4150.0,4300.0,4150.0,124,516626.0,30,12009921550.0
LABEL VIE,22/04/2026,LABEL VIE,LBV,4300.0,4200.0,4300.0,4172.0,514,2174796.0,36,12154619400.0
LABEL VIE,21/04/2026,LABEL VIE,LBV,4330.0,4300.0,4330.0,4300.0,31,133390.0,5,12444015100.0
LABEL VIE,20/04/2026,LABEL VIE,LBV,4370.0,4380.0,4380.0,4250.0,305,1311330.0,14,12675531660.0
LABEL VIE,17/04/2026,LABEL VIE,LBV,4113.0,4399.0,4444.0,4113.0,2409,10562069.0,40,12730516843.0
LABEL VIE,16/04/2026,LABEL VIE,LBV,4107.0,4288.0,4290.0,4107.0,236,994985.0,12,12409287616.0
LABEL VIE,15/04/2026,LABEL VIE,LBV,4340.0,4300.0,4340.0,4300.0,1068,4592910.0,7,12444015100.0
LABEL VIE,14/04/2026,LABEL VIE,LBV,4200.0,4335.0,4350.0,4200.0,646,2746976.0,33,12545303595.0
LABEL VIE,13/04/2026,LABEL VIE,LBV,4169.0,4200.0,4200.0,4101.0,27,112669.0,11,12154619400.0
LABEL VIE,10/04/2026,LABEL VIE,LBV,4200.0,4200.0,4200.0,4193.0,2192,9205168.0,20,12154619400.0
LESIEUR CRISTAL,03/06/2026,LESIEUR CRISTAL,LES,350.0,350.0,350.0,350.0,106,37100.0,6,9671028500.0
LESIEUR CRISTAL,02/06/2026,LESIEUR CRISTAL,LES,350.0,350.0,350.0,350.0,111,38850.0,5,9671028500.0
LESIEUR CRISTAL,01/06/2026,LESIEUR CRISTAL,LES,365.0,350.0,365.0,350.0,33,11835.0,8,9671028500.0
LESIEUR CRISTAL,26/05/2026,LESIEUR CRISTAL,LES,360.0,360.0,360.0,360.0,13,4680.0,3,9947343600.0
LESIEUR CRISTAL,25/05/2026,LESIEUR CRISTAL,LES,351.0,365.0,365.0,350.0,97,34662.0,8,10085501150.0
LESIEUR CRISTAL,22/05/2026,LESIEUR CRISTAL,LES,375.0,348.1,375.0,348.1,127,46279.9,11,9618528631.0
LESIEUR CRISTAL,21/05/2026,LESIEUR CRISTAL,LES,-,363.0,-,-,-,-,-,10030238130.0
LESIEUR CRISTAL,20/05/2026,LESIEUR CRISTAL,LES,360.0,363.0,363.0,357.0,24,8607.0,5,10030238130.0
LESIEUR CRISTAL,19/05/2026,LESIEUR CRISTAL,LES,380.0,360.0,380.0,360.0,11,3980.0,4,9947343600.0
LESIEUR CRISTAL,18/05/2026,LESIEUR CRISTAL,LES,378.0,353.0,378.0,353.0,145,52423.0,12,9753923030.0
LESIEUR CRISTAL,15/05/2026,LESIEUR CRISTAL,LES,380.0,350.0,380.0,350.0,64,22520.0,8,9671028500.0
LESIEUR CRISTAL,14/05/2026,LESIEUR CRISTAL,LES,388.95,375.0,388.95,375.0,31,11707.75,3,10361816250.0
LESIEUR CRISTAL,13/05/2026,LESIEUR CRISTAL,LES,374.0,373.0,375.0,372.0,57,21292.9,11,10306553230.0
LESIEUR CRISTAL,12/05/2026,LESIEUR CRISTAL,LES,373.0,373.0,373.0,373.0,30,11190.0,6,10306553230.0
LESIEUR CRISTAL,11/05/2026,LESIEUR CRISTAL,LES,372.55,372.55,372.55,372.55,3,1117.65,3,10294119050.5
LESIEUR CRISTAL,08/05/2026,LESIEUR CRISTAL,LES,400.0,375.0,400.0,375.0,90,35000.0,11,10361816250.0
LESIEUR CRISTAL,07/05/2026,LESIEUR CRISTAL,LES,399.5,374.0,399.5,374.0,77,29326.5,9,10334184740.0
LESIEUR CRISTAL,06/05/2026,LESIEUR CRISTAL,LES,386.0,395.0,395.0,386.0,238,93149.0,6,10914446450.0
LESIEUR CRISTAL,05/05/2026,LESIEUR CRISTAL,LES,390.0,385.0,390.0,385.0,900,346530.0,5,10638131350.0
LESIEUR CRISTAL,04/05/2026,LESIEUR CRISTAL,LES,392.0,390.0,392.0,390.0,10,3910.0,3,10776288900.0
LESIEUR CRISTAL,30/04/2026,LESIEUR CRISTAL,LES,380.0,380.0,380.0,375.0,29,10920.0,5,10499973800.0
LESIEUR CRISTAL,29/04/2026,LESIEUR CRISTAL,LES,380.0,373.0,380.0,373.0,269,101208.1,18,10306553230.0
LESIEUR CRISTAL,28/04/2026,LESIEUR CRISTAL,LES,393.0,380.0,393.0,377.0,59,22681.0,10,10499973800.0
LESIEUR CRISTAL,27/04/2026,LESIEUR CRISTAL,LES,378.5,381.0,397.9,375.0,448,169285.25,23,10527605310.0
LESIEUR CRISTAL,24/04/2026,LESIEUR CRISTAL,LES,392.0,377.0,401.95,372.0,670,256496.5,32,10417079270.0
LESIEUR CRISTAL,23/04/2026,LESIEUR CRISTAL,LES,392.1,389.0,393.05,370.0,343,132655.65,32,10748657390.0
LESIEUR CRISTAL,22/04/2026,LESIEUR CRISTAL,LES,-,398.0,-,-,-,-,-,10997340980.0
LESIEUR CRISTAL,21/04/2026,LESIEUR CRISTAL,LES,398.0,398.0,398.0,398.0,10,3980.0,1,10997340980.0
LESIEUR CRISTAL,20/04/2026,LESIEUR CRISTAL,LES,416.95,416.75,416.95,405.0,437,181199.45,20,11515431792.5
LESIEUR CRISTAL,17/04/2026,LESIEUR CRISTAL,LES,392.0,392.0,392.0,392.0,112,43904.0,8,10831551920.0
LESIEUR CRISTAL,16/04/2026,LESIEUR CRISTAL,LES,417.0,417.0,417.0,417.0,10,4170.0,1,11522339670.0
LESIEUR CRISTAL,15/04/2026,LESIEUR CRISTAL,LES,405.0,417.0,417.0,390.0,694,289207.4,13,11522339670.0
LESIEUR CRISTAL,14/04/2026,LESIEUR CRISTAL,LES,400.0,403.0,404.0,400.0,8,3218.0,3,11135498530.0
LESIEUR CRISTAL,13/04/2026,LESIEUR CRISTAL,LES,400.0,392.0,400.0,392.0,67,26645.55,7,10831551920.0
LESIEUR CRISTAL,10/04/2026,LESIEUR CRISTAL,LES,400.0,392.5,401.2,392.5,429,168610.4,16,10845367675.0
M2M Group,03/06/2026,M2M Group,M2M,398.0,400.0,400.0,398.0,58,23134.0,6,259110800.0
M2M Group,02/06/2026,M2M Group,M2M,400.0,398.0,400.0,398.0,107,42768.5,13,257815246.0
M2M Group,01/06/2026,M2M Group,M2M,426.85,415.0,426.85,415.0,21,8726.85,3,268827455.0
M2M Group,26/05/2026,M2M Group,M2M,401.0,413.0,413.0,400.0,213,86611.0,9,267531901.0
M2M Group,25/05/2026,M2M Group,M2M,400.0,403.0,403.0,400.0,337,134893.6,9,261054131.0
M2M Group,22/05/2026,M2M Group,M2M,-,401.4,-,-,-,-,-,260017687.8
M2M Group,21/05/2026,M2M Group,M2M,401.4,401.4,401.4,401.4,1,401.4,1,260017687.8
M2M Group,20/05/2026,M2M Group,M2M,400.0,401.05,401.05,400.0,18,7203.1,6,259790965.85
M2M Group,19/05/2026,M2M Group,M2M,410.0,410.0,410.0,410.0,21,8610.0,6,265588570.0
M2M Group,18/05/2026,M2M Group,M2M,412.05,412.0,413.0,412.0,169,69634.15,7,266884124.0
M2M Group,15/05/2026,M2M Group,M2M,416.6,415.0,425.0,415.0,90,37438.8,10,268827455.0
M2M Group,14/05/2026,M2M Group,M2M,-,429.9,-,-,-,-,-,278479332.3
M2M Group,13/05/2026,M2M Group,M2M,422.0,429.9,429.9,420.5,23,9767.6,4,278479332.3
M2M Group,12/05/2026,M2M Group,M2M,434.9,433.5,434.9,433.5,11,4769.9,2,280811329.5
M2M Group,11/05/2026,M2M Group,M2M,436.0,422.0,436.0,422.0,69,29533.5,7,273361894.0
M2M Group,08/05/2026,M2M Group,M2M,418.1,422.0,438.85,416.0,353,147708.75,28,273361894.0
M2M Group,07/05/2026,M2M Group,M2M,441.9,440.0,441.9,440.0,12,5295.2,5,285021880.0
M2M Group,06/05/2026,M2M Group,M2M,442.9,441.9,442.9,441.9,33,14602.7,6,286252656.3
M2M Group,05/05/2026,M2M Group,M2M,421.0,412.0,421.0,412.0,260,108610.0,6,266884124.0
M2M Group,04/05/2026,M2M Group,M2M,428.0,428.0,428.0,428.0,1,428.0,1,277248556.0
M2M Group,30/04/2026,M2M Group,M2M,441.8,441.0,441.8,441.0,2,882.8,2,285669657.0
M2M Group,29/04/2026,M2M Group,M2M,420.05,420.05,420.05,420.05,2,840.1,2,272098728.85
M2M Group,28/04/2026,M2M Group,M2M,442.95,442.95,442.95,442.95,5,2214.75,1,286932822.15
M2M Group,27/04/2026,M2M Group,M2M,442.0,442.0,442.0,442.0,3,1326.0,1,286317434.0
M2M Group,24/04/2026,M2M Group,M2M,444.0,444.0,444.0,444.0,15,6660.0,3,287612988.0
M2M Group,23/04/2026,M2M Group,M2M,-,447.85,-,-,-,-,-,290106929.45
M2M Group,22/04/2026,M2M Group,M2M,447.85,447.85,447.85,447.85,26,11644.1,5,290106929.45
M2M Group,21/04/2026,M2M Group,M2M,-,447.75,-,-,-,-,-,290042151.75
M2M Group,20/04/2026,M2M Group,M2M,421.1,447.75,447.75,421.1,184,77726.2,13,290042151.75
M2M Group,17/04/2026,M2M Group,M2M,439.0,448.9,448.9,439.0,50,22097.0,6,290787095.3
M2M Group,16/04/2026,M2M Group,M2M,439.95,439.95,439.95,439.95,3,1319.85,1,284989491.15
M2M Group,15/04/2026,M2M Group,M2M,418.1,440.0,444.0,418.1,102,44141.8,13,285021880.0
M2M Group,14/04/2026,M2M Group,M2M,-,434.0,-,-,-,-,-,281135218.0
M2M Group,13/04/2026,M2M Group,M2M,420.0,434.0,434.0,420.0,6,2562.0,3,281135218.0
M2M Group,10/04/2026,M2M Group,M2M,418.0,418.0,418.0,418.0,16,6688.0,2,270770786.0
MAGHREB OXYGENE,03/06/2026,MAGHREB OXYGENE,MOX,-,388.0,-,-,-,-,-,315250000.0
MAGHREB OXYGENE,02/06/2026,MAGHREB OXYGENE,MOX,388.0,388.0,388.0,388.0,10,3880.0,1,315250000.0
MAGHREB OXYGENE,01/06/2026,MAGHREB OXYGENE,MOX,388.0,388.0,388.0,385.0,36,13965.0,4,315250000.0
MAGHREB OXYGENE,26/05/2026,MAGHREB OXYGENE,MOX,388.0,388.0,388.0,388.0,2,776.0,1,315250000.0
MAGHREB OXYGENE,25/05/2026,MAGHREB OXYGENE,MOX,-,385.0,-,-,-,-,-,312812500.0
MAGHREB OXYGENE,22/05/2026,MAGHREB OXYGENE,MOX,385.0,385.0,385.0,385.0,10,3850.0,2,312812500.0
MAGHREB OXYGENE,21/05/2026,MAGHREB OXYGENE,MOX,385.9,386.9,386.9,385.9,20,7725.2,3,314356250.0
MAGHREB OXYGENE,20/05/2026,MAGHREB OXYGENE,MOX,-,387.0,-,-,-,-,-,314437500.0
MAGHREB OXYGENE,19/05/2026,MAGHREB OXYGENE,MOX,368.0,387.0,387.0,368.0,28,10371.0,6,314437500.0
MAGHREB OXYGENE,18/05/2026,MAGHREB OXYGENE,MOX,-,388.0,-,-,-,-,-,315250000.0
MAGHREB OXYGENE,15/05/2026,MAGHREB OXYGENE,MOX,-,388.0,-,-,-,-,-,315250000.0
MAGHREB OXYGENE,14/05/2026,MAGHREB OXYGENE,MOX,386.0,388.0,388.0,386.0,70,27155.6,3,315250000.0
MAGHREB OXYGENE,13/05/2026,MAGHREB OXYGENE,MOX,-,387.8,-,-,-,-,-,315087500.0
MAGHREB OXYGENE,12/05/2026,MAGHREB OXYGENE,MOX,387.8,387.8,387.8,387.8,1,387.8,1,315087500.0
MAGHREB OXYGENE,11/05/2026,MAGHREB OXYGENE,MOX,388.0,388.0,388.0,388.0,28,10864.0,3,315250000.0
MAGHREB OXYGENE,08/05/2026,MAGHREB OXYGENE,MOX,-,387.0,-,-,-,-,-,314437500.0
MAGHREB OXYGENE,07/05/2026,MAGHREB OXYGENE,MOX,365.1,387.0,387.0,365.1,5,1891.2,2,314437500.0
MAGHREB OXYGENE,06/05/2026,MAGHREB OXYGENE,MOX,388.0,388.0,388.0,388.0,1,388.0,1,315250000.0
MAGHREB OXYGENE,05/05/2026,MAGHREB OXYGENE,MOX,382.0,388.0,388.0,360.0,42,15511.2,10,315250000.0
MAGHREB OXYGENE,04/05/2026,MAGHREB OXYGENE,MOX,382.0,382.0,382.0,382.0,14,5348.0,2,310375000.0
MAGHREB OXYGENE,30/04/2026,MAGHREB OXYGENE,MOX,390.0,382.0,390.0,382.0,5,1942.0,2,310375000.0
MAGHREB OXYGENE,29/04/2026,MAGHREB OXYGENE,MOX,384.0,384.0,384.0,384.0,4,1536.0,1,312000000.0
MAGHREB OXYGENE,28/04/2026,MAGHREB OXYGENE,MOX,-,383.1,-,-,-,-,-,311268750.0
MAGHREB OXYGENE,27/04/2026,MAGHREB OXYGENE,MOX,383.0,383.1,383.1,383.0,6,2298.1,3,311268750.0
MAGHREB OXYGENE,24/04/2026,MAGHREB OXYGENE,MOX,381.1,383.0,383.0,381.1,17,6487.0,5,311187500.0
MAGHREB OXYGENE,23/04/2026,MAGHREB OXYGENE,MOX,395.85,395.85,395.85,395.85,5,1979.25,2,321628125.0
MAGHREB OXYGENE,22/04/2026,MAGHREB OXYGENE,MOX,380.0,395.95,395.95,380.0,5,1947.85,3,321709375.0
MAGHREB OXYGENE,21/04/2026,MAGHREB OXYGENE,MOX,-,395.0,-,-,-,-,-,320937500.0
MAGHREB OXYGENE,20/04/2026,MAGHREB OXYGENE,MOX,396.95,395.0,396.95,395.0,15,5952.15,4,320937500.0
MAGHREB OXYGENE,17/04/2026,MAGHREB OXYGENE,MOX,383.1,390.0,390.0,380.0,39,14944.0,5,316875000.0
MAGHREB OXYGENE,16/04/2026,MAGHREB OXYGENE,MOX,-,383.0,-,-,-,-,-,311187500.0
MAGHREB OXYGENE,15/04/2026,MAGHREB OXYGENE,MOX,383.0,383.0,383.0,383.0,10,3830.0,1,311187500.0
MAGHREB OXYGENE,14/04/2026,MAGHREB OXYGENE,MOX,380.0,385.0,385.0,380.0,52,20005.1,4,312812500.0
MAGHREB OXYGENE,13/04/2026,MAGHREB OXYGENE,MOX,380.0,380.0,380.0,380.0,6,2280.0,1,308750000.0
MAGHREB OXYGENE,10/04/2026,MAGHREB OXYGENE,MOX,380.0,387.0,387.0,380.0,12,4630.0,2,314437500.0
MAGHREBAIL,03/06/2026,MAGHREBAIL,MAB,-,895.0,-,-,-,-,-,1238842890.0
MAGHREBAIL,02/06/2026,MAGHREBAIL,MAB,-,895.0,-,-,-,-,-,1238842890.0
MAGHREBAIL,01/06/2026,MAGHREBAIL,MAB,895.0,895.0,895.0,895.0,3,2685.0,2,1238842890.0
MAGHREBAIL,26/05/2026,MAGHREBAIL,MAB,885.0,885.0,885.0,885.0,15,13275.0,4,1225001070.0
MAGHREBAIL,25/05/2026,MAGHREBAIL,MAB,899.0,899.0,899.0,899.0,2,1798.0,1,1244379618.0
MAGHREBAIL,22/05/2026,MAGHREBAIL,MAB,919.0,919.0,919.0,919.0,28,25732.0,2,1272063258.0
MAGHREBAIL,21/05/2026,MAGHREBAIL,MAB,-,895.0,-,-,-,-,-,1238842890.0
MAGHREBAIL,20/05/2026,MAGHREBAIL,MAB,895.0,895.0,895.0,895.0,15,13425.0,3,1238842890.0
MAGHREBAIL,19/05/2026,MAGHREBAIL,MAB,-,900.0,-,-,-,-,-,1245763800.0
MAGHREBAIL,18/05/2026,MAGHREBAIL,MAB,900.0,900.0,900.0,900.0,53,47700.0,4,1245763800.0
MAGHREBAIL,15/05/2026,MAGHREBAIL,MAB,896.0,896.0,896.0,896.0,1,896.0,1,1240227072.0
MAGHREBAIL,14/05/2026,MAGHREBAIL,MAB,-,895.0,-,-,-,-,-,1238842890.0
MAGHREBAIL,13/05/2026,MAGHREBAIL,MAB,-,895.0,-,-,-,-,-,1238842890.0
MAGHREBAIL,12/05/2026,MAGHREBAIL,MAB,895.0,895.0,895.0,895.0,11,9845.0,3,1238842890.0
MAGHREBAIL,11/05/2026,MAGHREBAIL,MAB,-,890.0,-,-,-,-,-,1231921980.0
MAGHREBAIL,08/05/2026,MAGHREBAIL,MAB,890.0,890.0,890.0,890.0,10,8900.0,3,1231921980.0
MAGHREBAIL,07/05/2026,MAGHREBAIL,MAB,-,924.0,-,-,-,-,-,1278984168.0
MAGHREBAIL,06/05/2026,MAGHREBAIL,MAB,924.0,924.0,924.0,924.0,250,231000.0,7,1278984168.0
MAGHREBAIL,05/05/2026,MAGHREBAIL,MAB,872.0,872.0,872.0,872.0,16,13952.0,4,1207006704.0
MAGHREBAIL,04/05/2026,MAGHREBAIL,MAB,900.0,900.0,900.0,900.0,16,14400.0,1,1245763800.0
MAGHREBAIL,30/04/2026,MAGHREBAIL,MAB,909.8,909.8,909.8,909.8,1,909.8,1,1259328783.6
MAGHREBAIL,29/04/2026,MAGHREBAIL,MAB,885.9,885.9,885.9,885.9,5,4429.5,1,1226246833.8
MAGHREBAIL,28/04/2026,MAGHREBAIL,MAB,-,875.0,-,-,-,-,-,1211159250.0
MAGHREBAIL,27/04/2026,MAGHREBAIL,MAB,875.0,875.0,875.0,875.0,1,875.0,1,1211159250.0
MAGHREBAIL,24/04/2026,MAGHREBAIL,MAB,876.0,876.0,876.0,876.0,5,4380.0,2,1212543432.0
MAGHREBAIL,23/04/2026,MAGHREBAIL,MAB,872.0,872.0,872.0,872.0,2,1744.0,1,1207006704.0
MAGHREBAIL,22/04/2026,MAGHREBAIL,MAB,-,870.0,-,-,-,-,-,1204238340.0
MAGHREBAIL,21/04/2026,MAGHREBAIL,MAB,-,870.0,-,-,-,-,-,1204238340.0
MAGHREBAIL,20/04/2026,MAGHREBAIL,MAB,870.0,870.0,870.0,870.0,230,200100.0,9,1204238340.0
MAGHREBAIL,17/04/2026,MAGHREBAIL,MAB,870.0,870.0,870.0,870.0,710,617700.0,9,1204238340.0
MAGHREBAIL,16/04/2026,MAGHREBAIL,MAB,872.0,872.0,872.0,872.0,10,8720.0,3,1207006704.0
MAGHREBAIL,15/04/2026,MAGHREBAIL,MAB,890.0,890.0,890.0,890.0,201,178890.0,7,1231921980.0
MAGHREBAIL,14/04/2026,MAGHREBAIL,MAB,890.6,890.6,890.6,890.6,4,3562.4,1,1232752489.2
MAGHREBAIL,13/04/2026,MAGHREBAIL,MAB,890.0,890.0,890.0,890.0,21,18690.0,4,1231921980.0
MAGHREBAIL,10/04/2026,MAGHREBAIL,MAB,890.0,890.0,890.0,890.0,70,62300.0,6,1231921980.0
MANAGEM,03/06/2026,MANAGEM,MNG,17100.0,16975.0,17743.0,16200.0,2931,49379927.0,294,201402875100.0
MANAGEM,02/06/2026,MANAGEM,MNG,18675.0,17100.0,18675.0,17001.0,1919,33882966.0,304,202885959600.0
MANAGEM,01/06/2026,MANAGEM,MNG,17927.0,18098.0,18894.0,17500.0,2949,53347361.0,323,214726906248.0
MANAGEM,26/05/2026,MANAGEM,MNG,17000.0,17405.0,17600.0,16850.0,5155,88984967.0,322,206504685780.0
MANAGEM,25/05/2026,MANAGEM,MNG,15995.0,16600.0,16600.0,15700.0,3209,52110635.0,297,196953621600.0
MANAGEM,22/05/2026,MANAGEM,MNG,15000.0,15095.0,15299.0,14953.0,1484,22399700.0,89,179097284220.0
MANAGEM,21/05/2026,MANAGEM,MNG,14799.0,14850.0,14999.0,14702.0,807,11986340.0,68,176190438600.0
MANAGEM,20/05/2026,MANAGEM,MNG,14180.0,14500.0,14698.0,14180.0,1235,17901778.0,70,172037802000.0
MANAGEM,19/05/2026,MANAGEM,MNG,15599.0,14251.0,15600.0,14200.0,2332,33681907.0,157,169083497676.0
MANAGEM,18/05/2026,MANAGEM,MNG,13803.0,14698.0,14698.0,13700.0,736,10527600.0,126,174387007848.0
MANAGEM,15/05/2026,MANAGEM,MNG,14700.0,14000.0,15350.0,14000.0,6613,96325279.0,368,166105464000.0
MANAGEM,14/05/2026,MANAGEM,MNG,16700.0,15300.0,16995.0,15300.0,3242,50972136.0,329,181529542800.0
MANAGEM,13/05/2026,MANAGEM,MNG,14475.0,15696.0,15696.0,14475.0,10831,164870130.0,352,186227954496.0
MANAGEM,12/05/2026,MANAGEM,MNG,14100.0,14270.0,14396.0,14053.0,2657,37902530.0,113,169308926520.0
MANAGEM,11/05/2026,MANAGEM,MNG,13800.0,14100.0,14399.0,13710.0,1960,27629947.0,181,167291931600.0
MANAGEM,08/05/2026,MANAGEM,MNG,13997.0,13890.0,13997.0,13700.0,164,2283244.0,52,164800349640.0
MANAGEM,07/05/2026,MANAGEM,MNG,13799.0,13800.0,13849.0,13700.0,2602,35680542.0,71,163732528800.0
MANAGEM,06/05/2026,MANAGEM,MNG,13950.0,13799.0,14000.0,13650.0,5920,81021100.0,103,163720664124.0
MANAGEM,05/05/2026,MANAGEM,MNG,13995.0,13612.0,13995.0,13612.0,1987,27115031.0,43,161501969712.0
MANAGEM,04/05/2026,MANAGEM,MNG,13713.0,13900.0,14000.0,13712.0,561,7791522.0,37,164918996400.0
MANAGEM,30/04/2026,MANAGEM,MNG,13844.0,13800.0,13970.0,13713.0,1932,26664905.0,41,163732528800.0
MANAGEM,29/04/2026,MANAGEM,MNG,14199.0,13800.0,14199.0,13800.0,1306,18026468.0,45,163732528800.0
MANAGEM,28/04/2026,MANAGEM,MNG,14000.0,13801.0,14000.0,13654.0,6037,83478919.0,47,163744393476.0
MANAGEM,27/04/2026,MANAGEM,MNG,13901.0,14000.0,14100.0,13650.0,945,13211155.0,58,166105464000.0
MANAGEM,24/04/2026,MANAGEM,MNG,13903.0,13991.0,14190.0,13855.0,6172,86117653.0,168,165998681916.0
MANAGEM,23/04/2026,MANAGEM,MNG,14170.0,14299.0,14500.0,14030.0,1644,23414277.0,125,169653002124.0
MANAGEM,22/04/2026,MANAGEM,MNG,13700.0,13990.0,14000.0,13650.0,746,10410561.0,89,165986817240.0
MANAGEM,21/04/2026,MANAGEM,MNG,13337.0,13800.0,14000.0,13337.0,552,7591266.0,100,163732528800.0
MANAGEM,20/04/2026,MANAGEM,MNG,13799.0,13400.0,13799.0,13400.0,956,12848191.0,99,158986658400.0
MANAGEM,17/04/2026,MANAGEM,MNG,13350.0,13300.0,14100.0,13201.0,5321,73354311.0,192,157800190800.0
MANAGEM,16/04/2026,MANAGEM,MNG,13003.0,13520.0,13758.0,13003.0,3054,41098410.0,174,160410419520.0
MANAGEM,15/04/2026,MANAGEM,MNG,14390.0,13500.0,14400.0,12905.0,6899,94277929.0,361,160173126000.0
MANAGEM,14/04/2026,MANAGEM,MNG,13500.0,14100.0,14250.0,13500.0,6867,95117488.0,421,167291931600.0
MANAGEM,13/04/2026,MANAGEM,MNG,12000.0,13127.0,13127.0,11800.0,28804,366399022.0,420,155747601852.0
MANAGEM,10/04/2026,MANAGEM,MNG,11095.0,11934.0,11934.0,10902.0,9966,111073967.0,204,141593043384.0
MAROC LEASING,03/06/2026,MAROC LEASING,MLE,-,370.0,-,-,-,-,-,1027404160.0
MAROC LEASING,02/06/2026,MAROC LEASING,MLE,-,370.0,-,-,-,-,-,1027404160.0
MAROC LEASING,01/06/2026,MAROC LEASING,MLE,-,370.0,-,-,-,-,-,1027404160.0
MAROC LEASING,26/05/2026,MAROC LEASING,MLE,-,370.0,-,-,-,-,-,1027404160.0
MAROC LEASING,25/05/2026,MAROC LEASING,MLE,-,370.0,-,-,-,-,-,1027404160.0
MAROC LEASING,22/05/2026,MAROC LEASING,MLE,-,370.0,-,-,-,-,-,1027404160.0
MAROC LEASING,21/05/2026,MAROC LEASING,MLE,-,370.0,-,-,-,-,-,1027404160.0
MAROC LEASING,20/05/2026,MAROC LEASING,MLE,-,370.0,-,-,-,-,-,1027404160.0
MAROC LEASING,19/05/2026,MAROC LEASING,MLE,-,370.0,-,-,-,-,-,1027404160.0
MAROC LEASING,18/05/2026,MAROC LEASING,MLE,-,370.0,-,-,-,-,-,1027404160.0
MAROC LEASING,15/05/2026,MAROC LEASING,MLE,-,370.0,-,-,-,-,-,1027404160.0
MAROC LEASING,14/05/2026,MAROC LEASING,MLE,-,370.0,-,-,-,-,-,1027404160.0
MAROC LEASING,13/05/2026,MAROC LEASING,MLE,-,370.0,-,-,-,-,-,1027404160.0
MAROC LEASING,12/05/2026,MAROC LEASING,MLE,-,370.0,-,-,-,-,-,1027404160.0
MAROC LEASING,11/05/2026,MAROC LEASING,MLE,370.0,370.0,370.0,370.0,3,1110.0,1,1027404160.0
MAROC LEASING,08/05/2026,MAROC LEASING,MLE,-,362.0,-,-,-,-,-,1005190016.0
MAROC LEASING,07/05/2026,MAROC LEASING,MLE,-,362.0,-,-,-,-,-,1005190016.0
MAROC LEASING,06/05/2026,MAROC LEASING,MLE,-,362.0,-,-,-,-,-,1005190016.0
MAROC LEASING,05/05/2026,MAROC LEASING,MLE,362.0,362.0,362.0,362.0,10,3620.0,1,1005190016.0
MAROC LEASING,04/05/2026,MAROC LEASING,MLE,-,381.9,-,-,-,-,-,1060447699.2
MAROC LEASING,30/04/2026,MAROC LEASING,MLE,-,381.9,-,-,-,-,-,1060447699.2
MAROC LEASING,29/04/2026,MAROC LEASING,MLE,-,381.9,-,-,-,-,-,1060447699.2
MAROC LEASING,28/04/2026,MAROC LEASING,MLE,381.9,381.9,381.9,381.9,2,763.8,1,1060447699.2
MAROC LEASING,27/04/2026,MAROC LEASING,MLE,362.0,362.0,362.0,362.0,3,1086.0,1,1005190016.0
MAROC LEASING,24/04/2026,MAROC LEASING,MLE,383.9,383.9,383.9,383.9,2,767.8,1,1066001235.2
MAROC LEASING,23/04/2026,MAROC LEASING,MLE,-,367.75,-,-,-,-,-,1021156432.0
MAROC LEASING,22/04/2026,MAROC LEASING,MLE,-,367.75,-,-,-,-,-,1021156432.0
MAROC LEASING,21/04/2026,MAROC LEASING,MLE,-,367.75,-,-,-,-,-,1021156432.0
MAROC LEASING,20/04/2026,MAROC LEASING,MLE,-,367.75,-,-,-,-,-,1021156432.0
MAROC LEASING,17/04/2026,MAROC LEASING,MLE,-,367.75,-,-,-,-,-,1021156432.0
MAROC LEASING,16/04/2026,MAROC LEASING,MLE,-,367.75,-,-,-,-,-,1021156432.0
MAROC LEASING,15/04/2026,MAROC LEASING,MLE,-,367.75,-,-,-,-,-,1021156432.0
MAROC LEASING,14/04/2026,MAROC LEASING,MLE,367.75,367.75,367.75,367.75,6,2206.5,1,1021156432.0
MAROC LEASING,13/04/2026,MAROC LEASING,MLE,347.05,347.05,347.05,347.05,60,20823.0,2,963677334.4
MAROC LEASING,10/04/2026,MAROC LEASING,MLE,-,368.95,-,-,-,-,-,1024488553.6
MICRODATA,03/06/2026,MICRODATA,MIC,783.0,784.0,784.0,783.0,5,3919.0,3,1317120000.0
MICRODATA,02/06/2026,MICRODATA,MIC,785.0,785.0,785.0,785.0,2,1570.0,1,1318800000.0
MICRODATA,01/06/2026,MICRODATA,MIC,760.0,785.0,785.0,760.0,149,116240.0,12,1318800000.0
MICRODATA,26/05/2026,MICRODATA,MIC,769.0,750.0,770.0,750.0,55,41374.0,6,1260000000.0
MICRODATA,25/05/2026,MICRODATA,MIC,768.0,768.0,768.0,768.0,10,7680.0,2,1290240000.0
MICRODATA,22/05/2026,MICRODATA,MIC,730.0,769.0,769.0,730.0,11,8069.0,3,1291920000.0
MICRODATA,21/05/2026,MICRODATA,MIC,750.0,750.0,750.0,750.0,6,4500.0,1,1260000000.0
MICRODATA,20/05/2026,MICRODATA,MIC,742.0,728.5,742.0,727.0,19,13844.5,3,1223880000.0
MICRODATA,19/05/2026,MICRODATA,MIC,753.5,741.0,753.5,741.0,22,16465.5,6,1244880000.0
MICRODATA,18/05/2026,MICRODATA,MIC,754.0,754.0,754.0,754.0,5,3770.0,1,1266720000.0
MICRODATA,15/05/2026,MICRODATA,MIC,-,762.0,-,-,-,-,-,1280160000.0
MICRODATA,14/05/2026,MICRODATA,MIC,-,762.0,-,-,-,-,-,1280160000.0
MICRODATA,13/05/2026,MICRODATA,MIC,776.0,762.0,776.0,762.0,8,6152.0,3,1280160000.0
MICRODATA,12/05/2026,MICRODATA,MIC,760.2,777.0,777.0,760.0,30,23045.4,4,1305360000.0
MICRODATA,11/05/2026,MICRODATA,MIC,773.0,777.0,777.0,773.0,51,39589.0,5,1305360000.0
MICRODATA,08/05/2026,MICRODATA,MIC,769.0,765.0,769.0,765.0,14,10726.0,2,1285200000.0
MICRODATA,07/05/2026,MICRODATA,MIC,750.0,780.0,780.0,750.0,22,16986.0,4,1310400000.0
MICRODATA,06/05/2026,MICRODATA,MIC,742.0,750.0,760.0,740.0,110,82164.0,13,1260000000.0
MICRODATA,05/05/2026,MICRODATA,MIC,759.0,760.0,760.0,759.0,5,3799.0,3,1276800000.0
MICRODATA,04/05/2026,MICRODATA,MIC,743.5,743.5,743.5,741.0,127,94366.0,18,1249080000.0
MICRODATA,30/04/2026,MICRODATA,MIC,768.8,676.0,768.8,676.0,2148,1452232.8,39,1135680000.0
MICRODATA,29/04/2026,MICRODATA,MIC,750.0,750.0,750.0,750.0,1,750.0,1,1260000000.0
MICRODATA,28/04/2026,MICRODATA,MIC,767.0,760.0,767.0,760.0,145,110229.0,8,1276800000.0
MICRODATA,27/04/2026,MICRODATA,MIC,-,745.0,-,-,-,-,-,1251600000.0
MICRODATA,24/04/2026,MICRODATA,MIC,770.0,745.0,780.0,745.0,337,252455.2,26,1251600000.0
MICRODATA,23/04/2026,MICRODATA,MIC,780.0,777.9,780.0,777.9,18,14023.2,4,1306872000.0
MICRODATA,22/04/2026,MICRODATA,MIC,-,760.0,-,-,-,-,-,1276800000.0
MICRODATA,21/04/2026,MICRODATA,MIC,773.0,760.0,774.0,760.0,173,131615.0,15,1276800000.0
MICRODATA,20/04/2026,MICRODATA,MIC,750.1,773.0,773.0,750.1,58,43989.0,8,1298640000.0
MICRODATA,17/04/2026,MICRODATA,MIC,741.0,784.0,784.0,741.0,202,158282.0,9,1317120000.0
MICRODATA,16/04/2026,MICRODATA,MIC,764.0,740.0,764.0,740.0,632,473881.5,43,1243200000.0
MICRODATA,15/04/2026,MICRODATA,MIC,786.0,755.0,786.0,755.0,682,519259.6,51,1268400000.0
MICRODATA,14/04/2026,MICRODATA,MIC,785.0,785.0,785.0,785.0,41,32185.0,4,1318800000.0
MICRODATA,13/04/2026,MICRODATA,MIC,780.0,803.0,803.0,780.0,134,107086.0,6,1349040000.0
MICRODATA,10/04/2026,MICRODATA,MIC,800.0,780.0,800.0,780.0,195,152160.0,7,1310400000.0
MED PAPER,03/06/2026,MED PAPER,MDP,25.0,25.0,25.0,24.3,163,4021.2,10,119595575.0
MED PAPER,02/06/2026,MED PAPER,MDP,24.5,25.59,25.65,24.02,1667,40716.33,34,122418030.57
MED PAPER,01/06/2026,MED PAPER,MDP,24.51,25.56,25.75,24.5,2708,68214.62,35,122274515.88
MED PAPER,26/05/2026,MED PAPER,MDP,24.5,24.99,24.99,24.5,145,3552.99,6,119547736.77
MED PAPER,25/05/2026,MED PAPER,MDP,25.0,24.99,25.0,24.01,742,18054.99,15,119547736.77
MED PAPER,22/05/2026,MED PAPER,MDP,25.72,24.9,25.72,24.9,770,19226.1,9,119117192.7
MED PAPER,21/05/2026,MED PAPER,MDP,25.8,25.49,25.8,24.03,2349,59793.79,30,121939648.27
MED PAPER,20/05/2026,MED PAPER,MDP,23.8,24.8,25.4,23.8,1091,26157.86,17,118638810.4
MED PAPER,19/05/2026,MED PAPER,MDP,25.0,25.0,25.48,25.0,2405,60145.08,20,119595575.0
MED PAPER,18/05/2026,MED PAPER,MDP,25.74,25.0,25.74,25.0,3049,76464.56,30,119595575.0
MED PAPER,15/05/2026,MED PAPER,MDP,25.69,25.01,25.69,25.0,1876,46977.67,20,119643413.23
MED PAPER,14/05/2026,MED PAPER,MDP,25.89,25.07,25.89,25.02,387,9723.21,12,119930442.61
MED PAPER,13/05/2026,MED PAPER,MDP,26.09,25.85,26.09,25.1,1274,32099.22,18,123661824.55
MED PAPER,12/05/2026,MED PAPER,MDP,25.9,25.9,25.9,25.01,941,23679.53,17,123901015.7
MED PAPER,11/05/2026,MED PAPER,MDP,25.5,25.1,26.1,25.1,977,24899.9,16,120073957.3
MED PAPER,08/05/2026,MED PAPER,MDP,26.0,25.5,26.0,25.5,1742,44766.5,25,121987486.5
MED PAPER,07/05/2026,MED PAPER,MDP,26.47,26.1,26.47,25.25,1087,28211.34,28,124857780.3
MED PAPER,06/05/2026,MED PAPER,MDP,25.8,26.2,26.44,25.2,1854,47776.72,27,125336162.6
MED PAPER,05/05/2026,MED PAPER,MDP,25.85,25.13,25.85,25.03,374,9514.75,11,120217471.99
MED PAPER,04/05/2026,MED PAPER,MDP,25.9,25.9,25.9,25.16,704,18141.72,12,123901015.7
MED PAPER,30/04/2026,MED PAPER,MDP,25.26,25.9,26.0,25.2,983,25000.38,18,123901015.7
MED PAPER,29/04/2026,MED PAPER,MDP,25.0,25.25,26.0,25.0,2144,54372.91,23,120791530.75
MED PAPER,28/04/2026,MED PAPER,MDP,25.6,25.9,25.9,25.05,843,21400.19,20,123901015.7
MED PAPER,27/04/2026,MED PAPER,MDP,25.7,25.9,26.0,25.7,1051,27228.0,17,123901015.7
MED PAPER,24/04/2026,MED PAPER,MDP,26.7,25.78,26.7,25.78,759,19805.17,14,123326956.94
MED PAPER,23/04/2026,MED PAPER,MDP,25.8,26.7,26.76,25.8,433,11346.21,13,127728074.1
MED PAPER,22/04/2026,MED PAPER,MDP,27.0,26.35,27.0,26.1,790,21097.62,27,126053736.05
MED PAPER,21/04/2026,MED PAPER,MDP,27.1,27.0,27.1,26.01,2558,68730.09,31,129163221.0
MED PAPER,20/04/2026,MED PAPER,MDP,28.0,26.5,28.0,25.1,10045,271479.14,82,126771309.5
MED PAPER,17/04/2026,MED PAPER,MDP,25.9,25.65,26.3,25.2,2847,73555.23,41,122705059.95
MED PAPER,16/04/2026,MED PAPER,MDP,26.29,25.5,26.29,25.05,3364,86056.48,37,121987486.5
MED PAPER,15/04/2026,MED PAPER,MDP,24.31,25.79,26.7,24.31,17095,438852.69,77,123374795.17
MED PAPER,14/04/2026,MED PAPER,MDP,24.1,24.83,24.85,24.1,1351,33281.6,18,118782325.09
MED PAPER,13/04/2026,MED PAPER,MDP,25.0,24.25,25.0,24.05,3356,81402.26,45,116007707.75
MED PAPER,10/04/2026,MED PAPER,MDP,25.25,25.11,25.25,24.54,1713,42867.42,31,120121795.53
MUTANDIS SCA,03/06/2026,MUTANDIS SCA,MUT,234.0,234.9,235.0,234.0,369,86468.0,30,2172058521.3
MUTANDIS SCA,02/06/2026,MUTANDIS SCA,MUT,233.0,235.0,237.0,233.0,479,112093.1,36,2172983195.0
MUTANDIS SCA,01/06/2026,MUTANDIS SCA,MUT,237.5,232.2,237.5,230.0,1555,360296.75,71,2147092331.4
MUTANDIS SCA,26/05/2026,MUTANDIS SCA,MUT,238.8,230.05,238.8,230.05,2537,586174.8,76,2127211846.85
MUTANDIS SCA,25/05/2026,MUTANDIS SCA,MUT,243.0,225.0,243.95,225.0,5300,1197842.65,158,2080515825.0
MUTANDIS SCA,22/05/2026,MUTANDIS SCA,MUT,234.0,234.0,237.6,234.0,648,152084.6,32,2163736458.0
MUTANDIS SCA,21/05/2026,MUTANDIS SCA,MUT,238.9,234.0,238.9,232.15,123,28953.7,16,2163736458.0
MUTANDIS SCA,20/05/2026,MUTANDIS SCA,MUT,237.0,232.0,240.0,232.0,2984,697511.7,123,2145242984.0
MUTANDIS SCA,19/05/2026,MUTANDIS SCA,MUT,239.5,236.2,239.5,236.1,877,207420.55,35,2184079279.4
MUTANDIS SCA,18/05/2026,MUTANDIS SCA,MUT,236.1,239.5,240.0,236.1,261,61795.8,28,2214593511.5
MUTANDIS SCA,15/05/2026,MUTANDIS SCA,MUT,238.5,238.0,239.0,238.0,1761,420009.05,45,2200723406.0
MUTANDIS SCA,14/05/2026,MUTANDIS SCA,MUT,238.5,238.1,239.0,238.1,1248,297723.0,33,2201648079.7
MUTANDIS SCA,13/05/2026,MUTANDIS SCA,MUT,240.05,239.0,240.5,239.0,659,157972.4,38,2209970143.0
MUTANDIS SCA,12/05/2026,MUTANDIS SCA,MUT,241.0,240.0,243.8,240.0,1320,317456.3,53,2219216880.0
MUTANDIS SCA,11/05/2026,MUTANDIS SCA,MUT,242.0,241.8,243.95,240.5,743,179498.35,41,2235861006.6
MUTANDIS SCA,08/05/2026,MUTANDIS SCA,MUT,242.9,244.0,244.0,241.0,1420,344539.35,57,2256203828.0
MUTANDIS SCA,07/05/2026,MUTANDIS SCA,MUT,240.0,242.45,244.0,240.0,6408,1551017.3,39,2241871385.65
MUTANDIS SCA,06/05/2026,MUTANDIS SCA,MUT,241.1,241.6,243.0,241.1,905,218769.7,41,2234011659.2
MUTANDIS SCA,05/05/2026,MUTANDIS SCA,MUT,237.0,240.0,240.0,237.0,776,184483.9,45,2219216880.0
MUTANDIS SCA,04/05/2026,MUTANDIS SCA,MUT,240.35,240.1,243.0,239.0,1817,436893.2,99,2220141553.7
MUTANDIS SCA,30/04/2026,MUTANDIS SCA,MUT,242.0,242.5,242.9,240.35,681,164593.9,47,2242333722.5
MUTANDIS SCA,29/04/2026,MUTANDIS SCA,MUT,244.3,242.0,244.3,242.0,572,139109.2,33,2237710354.0
MUTANDIS SCA,28/04/2026,MUTANDIS SCA,MUT,244.15,243.8,245.0,243.8,2436,595979.9,41,2254354480.6
MUTANDIS SCA,27/04/2026,MUTANDIS SCA,MUT,245.0,244.3,245.5,244.0,1226,300287.8,35,2258977849.1
MUTANDIS SCA,24/04/2026,MUTANDIS SCA,MUT,245.0,245.0,247.0,242.8,12719,3115513.8,45,2265450565.0
MUTANDIS SCA,23/04/2026,MUTANDIS SCA,MUT,245.0,244.95,245.9,242.3,274,66945.2,22,2264988228.15
MUTANDIS SCA,22/04/2026,MUTANDIS SCA,MUT,245.9,242.2,245.9,242.0,335,81746.1,29,2239559701.4
MUTANDIS SCA,21/04/2026,MUTANDIS SCA,MUT,242.2,242.0,245.7,242.0,16440,3993819.8,70,2237710354.0
MUTANDIS SCA,20/04/2026,MUTANDIS SCA,MUT,245.0,243.0,245.0,240.0,10289,2500980.55,76,2246957091.0
MUTANDIS SCA,17/04/2026,MUTANDIS SCA,MUT,244.0,249.9,249.9,242.25,3284,811465.3,80,2310759576.3
MUTANDIS SCA,16/04/2026,MUTANDIS SCA,MUT,246.9,244.0,246.9,244.0,641,157028.2,38,2256203828.0
MUTANDIS SCA,15/04/2026,MUTANDIS SCA,MUT,238.0,243.1,245.0,236.0,18794,4542069.8,90,2247881764.7
MUTANDIS SCA,14/04/2026,MUTANDIS SCA,MUT,234.6,237.5,237.5,234.6,1011,238812.15,34,2196100037.5
MUTANDIS SCA,13/04/2026,MUTANDIS SCA,MUT,235.0,235.9,236.0,234.0,1260,296050.9,52,2181305258.3
MUTANDIS SCA,10/04/2026,MUTANDIS SCA,MUT,234.0,238.0,238.0,234.0,4160,987241.2,49,2200723406.0
MINIERE TOUISSIT,03/06/2026,MINIERE TOUISSIT,CMT,5200.0,5200.0,5489.0,5152.0,3018,15838654.0,275,8742411600.0
MINIERE TOUISSIT,02/06/2026,MINIERE TOUISSIT,CMT,5700.0,5200.0,5940.0,5200.0,19607,111503548.0,690,8742411600.0
MINIERE TOUISSIT,01/06/2026,MINIERE TOUISSIT,CMT,5330.0,5499.0,5499.0,5200.0,11661,63400847.0,552,9245100267.0
MINIERE TOUISSIT,26/05/2026,MINIERE TOUISSIT,CMT,4889.0,5000.0,5030.0,4889.0,2824,14110337.0,167,8406165000.0
MINIERE TOUISSIT,25/05/2026,MINIERE TOUISSIT,CMT,4850.0,4850.0,4900.0,4722.0,1320,6356449.0,130,8153980050.0
MINIERE TOUISSIT,22/05/2026,MINIERE TOUISSIT,CMT,4590.0,4583.0,4660.0,4560.0,390,1793526.0,61,7705090839.0
MINIERE TOUISSIT,21/05/2026,MINIERE TOUISSIT,CMT,4470.0,4547.0,4589.0,4390.0,1211,5355614.0,68,7644566451.0
MINIERE TOUISSIT,20/05/2026,MINIERE TOUISSIT,CMT,4517.0,4375.0,4517.0,4350.0,401,1775523.0,119,7355394375.0
MINIERE TOUISSIT,19/05/2026,MINIERE TOUISSIT,CMT,4830.0,4350.0,4998.0,4350.0,1582,7279673.0,254,7313363550.0
MINIERE TOUISSIT,18/05/2026,MINIERE TOUISSIT,CMT,4600.0,4810.0,4950.0,4270.0,1628,7570029.0,245,8086730730.0
MINIERE TOUISSIT,15/05/2026,MINIERE TOUISSIT,CMT,5000.0,4680.0,5050.0,4680.0,4242,20409583.0,622,7868170440.0
MINIERE TOUISSIT,14/05/2026,MINIERE TOUISSIT,CMT,5500.0,5199.0,5850.0,5199.0,7613,41763088.0,644,8740730367.0
MINIERE TOUISSIT,13/05/2026,MINIERE TOUISSIT,CMT,5100.0,5449.0,5480.0,5085.0,11530,60760439.0,918,9161038617.0
MINIERE TOUISSIT,12/05/2026,MINIERE TOUISSIT,CMT,5124.0,4989.0,5150.0,4950.0,3184,16010409.0,310,8387671437.0
MINIERE TOUISSIT,11/05/2026,MINIERE TOUISSIT,CMT,4900.0,5071.0,5150.0,4850.0,4418,22307096.0,292,8525532543.0
MINIERE TOUISSIT,08/05/2026,MINIERE TOUISSIT,CMT,4871.0,4888.0,4970.0,4870.0,496,2432688.0,91,8217866904.0
MINIERE TOUISSIT,07/05/2026,MINIERE TOUISSIT,CMT,4995.0,4898.0,4999.0,4865.0,828,4089569.0,136,8234679234.0
MINIERE TOUISSIT,06/05/2026,MINIERE TOUISSIT,CMT,4900.0,4900.0,5049.0,4900.0,837,4142876.0,125,8238041700.0
MINIERE TOUISSIT,05/05/2026,MINIERE TOUISSIT,CMT,4902.0,4890.0,4998.0,4890.0,194,952360.0,35,8221229370.0
MINIERE TOUISSIT,04/05/2026,MINIERE TOUISSIT,CMT,4855.0,4899.0,4965.0,4855.0,131,643251.0,21,8236360467.0
MINIERE TOUISSIT,30/04/2026,MINIERE TOUISSIT,CMT,4900.0,4899.0,4950.0,4815.0,269,1320907.0,52,8236360467.0
MINIERE TOUISSIT,29/04/2026,MINIERE TOUISSIT,CMT,4900.0,4875.0,4968.0,4801.0,200,980938.0,37,8196010875.0
MINIERE TOUISSIT,28/04/2026,MINIERE TOUISSIT,CMT,4900.0,4800.0,4978.0,4800.0,822,3973450.0,112,8069918400.0
MINIERE TOUISSIT,27/04/2026,MINIERE TOUISSIT,CMT,5000.0,4990.0,5000.0,4903.0,258,1286749.0,55,8389352670.0
MINIERE TOUISSIT,24/04/2026,MINIERE TOUISSIT,CMT,4990.0,4900.0,5280.0,4900.0,11906,60247846.0,506,8238041700.0
MINIERE TOUISSIT,23/04/2026,MINIERE TOUISSIT,CMT,4849.0,4801.0,4851.0,4750.0,1168,5604342.0,90,8071599633.0
MINIERE TOUISSIT,22/04/2026,MINIERE TOUISSIT,CMT,4810.0,4761.0,4860.0,4761.0,1096,5264181.0,140,8004350313.0
MINIERE TOUISSIT,21/04/2026,MINIERE TOUISSIT,CMT,4820.0,4879.0,4895.0,4763.0,472,2274748.0,84,8202735807.0
MINIERE TOUISSIT,20/04/2026,MINIERE TOUISSIT,CMT,4899.0,4890.0,4899.0,4760.0,1121,5434582.0,100,8221229370.0
MINIERE TOUISSIT,17/04/2026,MINIERE TOUISSIT,CMT,4770.0,4900.0,4989.0,4680.0,6825,32885104.0,359,8238041700.0
MINIERE TOUISSIT,16/04/2026,MINIERE TOUISSIT,CMT,4994.0,4799.0,4994.0,4799.0,1579,7655511.0,211,8068237167.0
MINIERE TOUISSIT,15/04/2026,MINIERE TOUISSIT,CMT,5229.0,5000.0,5280.0,4702.0,3053,15234918.0,457,8406165000.0
MINIERE TOUISSIT,14/04/2026,MINIERE TOUISSIT,CMT,5250.0,5181.0,5345.0,5052.0,5764,29887688.0,575,8710468173.0
MINIERE TOUISSIT,13/04/2026,MINIERE TOUISSIT,CMT,4799.0,4895.0,5300.0,4599.0,13689,68133740.0,689,8229635535.0
MINIERE TOUISSIT,10/04/2026,MINIERE TOUISSIT,CMT,4500.0,4885.0,4894.0,4499.0,12864,60967558.0,457,8212823205.0
OULMES,03/06/2026,OULMES,OUL,1290.0,1290.0,1290.0,1290.0,1,1290.0,1,2554200000.0
OULMES,02/06/2026,OULMES,OUL,1222.0,1222.0,1222.0,1222.0,2,2444.0,1,2419560000.0
OULMES,01/06/2026,OULMES,OUL,-,1224.0,-,-,-,-,-,2423520000.0
OULMES,26/05/2026,OULMES,OUL,-,1224.0,-,-,-,-,-,2423520000.0
OULMES,25/05/2026,OULMES,OUL,1224.0,1224.0,1224.0,1224.0,14,17136.0,3,2423520000.0
OULMES,22/05/2026,OULMES,OUL,1155.0,1155.0,1155.0,1155.0,10,11550.0,3,2286900000.0
OULMES,21/05/2026,OULMES,OUL,-,1150.0,-,-,-,-,-,2277000000.0
OULMES,20/05/2026,OULMES,OUL,1150.0,1150.0,1150.0,1150.0,8,9200.0,3,2277000000.0
OULMES,19/05/2026,OULMES,OUL,-,1200.0,-,-,-,-,-,2376000000.0
OULMES,18/05/2026,OULMES,OUL,1200.0,1200.0,1200.0,1200.0,2,2400.0,2,2376000000.0
OULMES,15/05/2026,OULMES,OUL,-,1205.0,-,-,-,-,-,2385900000.0
OULMES,14/05/2026,OULMES,OUL,1205.0,1205.0,1205.0,1205.0,33,39765.0,1,2385900000.0
OULMES,13/05/2026,OULMES,OUL,1200.0,1200.0,1200.0,1200.0,1,1200.0,1,2376000000.0
OULMES,12/05/2026,OULMES,OUL,-,1230.0,-,-,-,-,-,2435400000.0
OULMES,11/05/2026,OULMES,OUL,1230.0,1230.0,1230.0,1230.0,1,1230.0,1,2435400000.0
OULMES,08/05/2026,OULMES,OUL,-,1200.0,-,-,-,-,-,2376000000.0
OULMES,07/05/2026,OULMES,OUL,-,1200.0,-,-,-,-,-,2376000000.0
OULMES,06/05/2026,OULMES,OUL,-,1200.0,-,-,-,-,-,2376000000.0
OULMES,05/05/2026,OULMES,OUL,-,1200.0,-,-,-,-,-,2376000000.0
OULMES,04/05/2026,OULMES,OUL,-,1200.0,-,-,-,-,-,2376000000.0
OULMES,30/04/2026,OULMES,OUL,-,1200.0,-,-,-,-,-,2376000000.0
OULMES,29/04/2026,OULMES,OUL,1200.0,1200.0,1200.0,1200.0,2,2400.0,1,2376000000.0
OULMES,28/04/2026,OULMES,OUL,-,1190.0,-,-,-,-,-,2356200000.0
OULMES,27/04/2026,OULMES,OUL,-,1190.0,-,-,-,-,-,2356200000.0
OULMES,24/04/2026,OULMES,OUL,1190.0,1190.0,1190.0,1190.0,10,11900.0,5,2356200000.0
OULMES,23/04/2026,OULMES,OUL,1235.0,1235.0,1235.0,1235.0,33,40755.0,3,2445300000.0
OULMES,22/04/2026,OULMES,OUL,1177.0,1177.0,1177.0,1177.0,1,1177.0,1,2330460000.0
OULMES,21/04/2026,OULMES,OUL,1162.0,1162.0,1162.0,1162.0,178,206836.0,6,2300760000.0
OULMES,20/04/2026,OULMES,OUL,1147.0,1147.0,1147.0,1147.0,120,137640.0,14,2271060000.0
OULMES,17/04/2026,OULMES,OUL,1220.0,1220.0,1220.0,1220.0,1,1220.0,1,2415600000.0
OULMES,16/04/2026,OULMES,OUL,-,1220.0,-,-,-,-,-,2415600000.0
OULMES,15/04/2026,OULMES,OUL,1220.0,1220.0,1220.0,1220.0,3,3660.0,1,2415600000.0
OULMES,14/04/2026,OULMES,OUL,-,1220.0,-,-,-,-,-,2415600000.0
OULMES,13/04/2026,OULMES,OUL,-,1220.0,-,-,-,-,-,2415600000.0
OULMES,10/04/2026,OULMES,OUL,-,1220.0,-,-,-,-,-,2415600000.0
PROMOPHARM S.A.,03/06/2026,PROMOPHARM S.A.,PRO,-,1349.0,-,-,-,-,-,1349000000.0
PROMOPHARM S.A.,02/06/2026,PROMOPHARM S.A.,PRO,1349.0,1349.0,1349.0,1349.0,3,4047.0,1,1349000000.0
PROMOPHARM S.A.,01/06/2026,PROMOPHARM S.A.,PRO,1278.0,1278.0,1278.0,1278.0,10,12780.0,2,1278000000.0
PROMOPHARM S.A.,26/05/2026,PROMOPHARM S.A.,PRO,-,1350.0,-,-,-,-,-,1350000000.0
PROMOPHARM S.A.,25/05/2026,PROMOPHARM S.A.,PRO,1350.0,1350.0,1350.0,1350.0,7,9450.0,1,1350000000.0
PROMOPHARM S.A.,22/05/2026,PROMOPHARM S.A.,PRO,1276.0,1276.0,1276.0,1276.0,20,25520.0,2,1276000000.0
PROMOPHARM S.A.,21/05/2026,PROMOPHARM S.A.,PRO,-,1346.0,-,-,-,-,-,1346000000.0
PROMOPHARM S.A.,20/05/2026,PROMOPHARM S.A.,PRO,-,1346.0,-,-,-,-,-,1346000000.0
PROMOPHARM S.A.,19/05/2026,PROMOPHARM S.A.,PRO,1346.0,1346.0,1346.0,1346.0,5,6730.0,1,1346000000.0
PROMOPHARM S.A.,18/05/2026,PROMOPHARM S.A.,PRO,1271.0,1271.0,1271.0,1271.0,14,17794.0,2,1271000000.0
PROMOPHARM S.A.,15/05/2026,PROMOPHARM S.A.,PRO,1350.0,1350.0,1350.0,1350.0,10,13500.0,2,1350000000.0
PROMOPHARM S.A.,14/05/2026,PROMOPHARM S.A.,PRO,-,1405.0,-,-,-,-,-,1405000000.0
PROMOPHARM S.A.,13/05/2026,PROMOPHARM S.A.,PRO,1405.0,1405.0,1405.0,1405.0,8,11240.0,3,1405000000.0
PROMOPHARM S.A.,12/05/2026,PROMOPHARM S.A.,PRO,1375.0,1375.0,1375.0,1375.0,6,8250.0,2,1375000000.0
PROMOPHARM S.A.,11/05/2026,PROMOPHARM S.A.,PRO,1300.0,1300.0,1300.0,1300.0,10,13000.0,3,1300000000.0
PROMOPHARM S.A.,08/05/2026,PROMOPHARM S.A.,PRO,1300.0,1300.0,1300.0,1300.0,134,174200.0,10,1300000000.0
PROMOPHARM S.A.,07/05/2026,PROMOPHARM S.A.,PRO,1317.0,1317.0,1317.0,1317.0,4,5268.0,1,1317000000.0
PROMOPHARM S.A.,06/05/2026,PROMOPHARM S.A.,PRO,-,1400.0,-,-,-,-,-,1400000000.0
PROMOPHARM S.A.,05/05/2026,PROMOPHARM S.A.,PRO,-,1400.0,-,-,-,-,-,1400000000.0
PROMOPHARM S.A.,04/05/2026,PROMOPHARM S.A.,PRO,1400.0,1400.0,1400.0,1400.0,26,36400.0,1,1400000000.0
PROMOPHARM S.A.,30/04/2026,PROMOPHARM S.A.,PRO,-,1407.0,-,-,-,-,-,1407000000.0
PROMOPHARM S.A.,29/04/2026,PROMOPHARM S.A.,PRO,-,1407.0,-,-,-,-,-,1407000000.0
PROMOPHARM S.A.,28/04/2026,PROMOPHARM S.A.,PRO,-,1407.0,-,-,-,-,-,1407000000.0
PROMOPHARM S.A.,27/04/2026,PROMOPHARM S.A.,PRO,-,1407.0,-,-,-,-,-,1407000000.0
PROMOPHARM S.A.,24/04/2026,PROMOPHARM S.A.,PRO,-,1407.0,-,-,-,-,-,1407000000.0
PROMOPHARM S.A.,23/04/2026,PROMOPHARM S.A.,PRO,-,1407.0,-,-,-,-,-,1407000000.0
PROMOPHARM S.A.,22/04/2026,PROMOPHARM S.A.,PRO,-,1407.0,-,-,-,-,-,1407000000.0
PROMOPHARM S.A.,21/04/2026,PROMOPHARM S.A.,PRO,-,1407.0,-,-,-,-,-,1407000000.0
PROMOPHARM S.A.,20/04/2026,PROMOPHARM S.A.,PRO,-,1407.0,-,-,-,-,-,1407000000.0
PROMOPHARM S.A.,17/04/2026,PROMOPHARM S.A.,PRO,1407.0,1407.0,1407.0,1407.0,2,2814.0,1,1407000000.0
PROMOPHARM S.A.,16/04/2026,PROMOPHARM S.A.,PRO,-,1410.0,-,-,-,-,-,1410000000.0
PROMOPHARM S.A.,15/04/2026,PROMOPHARM S.A.,PRO,-,1410.0,-,-,-,-,-,1410000000.0
PROMOPHARM S.A.,14/04/2026,PROMOPHARM S.A.,PRO,-,1410.0,-,-,-,-,-,1410000000.0
PROMOPHARM S.A.,13/04/2026,PROMOPHARM S.A.,PRO,-,1410.0,-,-,-,-,-,1410000000.0
PROMOPHARM S.A.,10/04/2026,PROMOPHARM S.A.,PRO,-,1410.0,-,-,-,-,-,1410000000.0
REALISATIONS MECANIQUES,03/06/2026,REALISATIONS MECANIQUES,SRM,-,469.85,-,-,-,-,-,150352000.0
REALISATIONS MECANIQUES,02/06/2026,REALISATIONS MECANIQUES,SRM,440.0,469.85,472.7,440.0,86,38055.45,9,150352000.0
REALISATIONS MECANIQUES,01/06/2026,REALISATIONS MECANIQUES,SRM,442.1,474.7,474.7,442.1,52,23054.4,7,151904000.0
REALISATIONS MECANIQUES,26/05/2026,REALISATIONS MECANIQUES,SRM,-,483.4,-,-,-,-,-,154688000.0
REALISATIONS MECANIQUES,25/05/2026,REALISATIONS MECANIQUES,SRM,-,483.4,-,-,-,-,-,154688000.0
REALISATIONS MECANIQUES,22/05/2026,REALISATIONS MECANIQUES,SRM,459.0,483.4,490.0,455.0,91,41947.2,10,154688000.0
REALISATIONS MECANIQUES,21/05/2026,REALISATIONS MECANIQUES,SRM,-,475.95,-,-,-,-,-,152304000.0
REALISATIONS MECANIQUES,20/05/2026,REALISATIONS MECANIQUES,SRM,-,475.95,-,-,-,-,-,152304000.0
REALISATIONS MECANIQUES,19/05/2026,REALISATIONS MECANIQUES,SRM,-,475.95,-,-,-,-,-,152304000.0
REALISATIONS MECANIQUES,18/05/2026,REALISATIONS MECANIQUES,SRM,475.95,475.95,475.95,475.95,6,2855.7,2,152304000.0
REALISATIONS MECANIQUES,15/05/2026,REALISATIONS MECANIQUES,SRM,484.0,479.95,484.0,450.0,66,29901.3,11,153584000.0
REALISATIONS MECANIQUES,14/05/2026,REALISATIONS MECANIQUES,SRM,484.0,484.0,484.0,484.0,2,968.0,1,154880000.0
REALISATIONS MECANIQUES,13/05/2026,REALISATIONS MECANIQUES,SRM,-,484.5,-,-,-,-,-,155040000.0
REALISATIONS MECANIQUES,12/05/2026,REALISATIONS MECANIQUES,SRM,460.0,484.5,484.5,460.0,67,30869.0,3,155040000.0
REALISATIONS MECANIQUES,11/05/2026,REALISATIONS MECANIQUES,SRM,466.3,487.95,487.95,460.0,95,43995.3,8,156144000.0
REALISATIONS MECANIQUES,08/05/2026,REALISATIONS MECANIQUES,SRM,-,494.0,-,-,-,-,-,158080000.0
REALISATIONS MECANIQUES,07/05/2026,REALISATIONS MECANIQUES,SRM,-,494.0,-,-,-,-,-,158080000.0
REALISATIONS MECANIQUES,06/05/2026,REALISATIONS MECANIQUES,SRM,494.3,494.0,494.3,466.3,48,22717.35,10,158080000.0
REALISATIONS MECANIQUES,05/05/2026,REALISATIONS MECANIQUES,SRM,471.0,487.0,487.0,471.0,99,47253.0,8,155840000.0
REALISATIONS MECANIQUES,04/05/2026,REALISATIONS MECANIQUES,SRM,470.0,487.0,509.9,466.2,184,87101.95,21,155840000.0
REALISATIONS MECANIQUES,30/04/2026,REALISATIONS MECANIQUES,SRM,495.0,495.0,495.0,495.0,24,11880.0,4,158400000.0
REALISATIONS MECANIQUES,29/04/2026,REALISATIONS MECANIQUES,SRM,-,513.0,-,-,-,-,-,164160000.0
REALISATIONS MECANIQUES,28/04/2026,REALISATIONS MECANIQUES,SRM,485.1,513.0,513.0,485.1,22,10728.0,5,164160000.0
REALISATIONS MECANIQUES,27/04/2026,REALISATIONS MECANIQUES,SRM,477.2,513.0,513.4,477.2,106,53786.3,10,164160000.0
REALISATIONS MECANIQUES,24/04/2026,REALISATIONS MECANIQUES,SRM,477.2,477.2,477.2,477.2,1,477.2,1,152704000.0
REALISATIONS MECANIQUES,23/04/2026,REALISATIONS MECANIQUES,SRM,503.9,503.0,504.0,503.0,510,257023.5,6,160960000.0
REALISATIONS MECANIQUES,22/04/2026,REALISATIONS MECANIQUES,SRM,475.05,503.9,503.9,475.05,53,26620.15,5,161248000.0
REALISATIONS MECANIQUES,21/04/2026,REALISATIONS MECANIQUES,SRM,508.7,508.7,508.7,508.7,114,57991.8,2,162784000.0
REALISATIONS MECANIQUES,20/04/2026,REALISATIONS MECANIQUES,SRM,-,513.5,-,-,-,-,-,164320000.0
REALISATIONS MECANIQUES,17/04/2026,REALISATIONS MECANIQUES,SRM,-,513.5,-,-,-,-,-,164320000.0
REALISATIONS MECANIQUES,16/04/2026,REALISATIONS MECANIQUES,SRM,513.5,513.5,513.5,513.5,3,1540.5,1,164320000.0
REALISATIONS MECANIQUES,15/04/2026,REALISATIONS MECANIQUES,SRM,505.0,509.9,514.9,500.0,108,54596.9,15,163168000.0
REALISATIONS MECANIQUES,14/04/2026,REALISATIONS MECANIQUES,SRM,472.0,509.0,509.0,472.0,38,18097.0,4,162880000.0
REALISATIONS MECANIQUES,13/04/2026,REALISATIONS MECANIQUES,SRM,-,515.0,-,-,-,-,-,164800000.0
REALISATIONS MECANIQUES,10/04/2026,REALISATIONS MECANIQUES,SRM,514.0,515.0,515.0,514.0,10,5148.0,2,164800000.0
REBAB COMPANY,03/06/2026,REBAB COMPANY,REB,-,95.0,-,-,-,-,-,16763320.0
REBAB COMPANY,02/06/2026,REBAB COMPANY,REB,95.0,95.0,95.0,95.0,5,475.0,2,16763320.0
REBAB COMPANY,01/06/2026,REBAB COMPANY,REB,98.0,98.0,98.0,98.0,1,98.0,1,17292688.0
REBAB COMPANY,26/05/2026,REBAB COMPANY,REB,98.0,98.0,98.0,98.0,10,980.0,3,17292688.0
REBAB COMPANY,25/05/2026,REBAB COMPANY,REB,98.57,98.57,98.57,98.57,1,98.57,1,17393267.92
REBAB COMPANY,22/05/2026,REBAB COMPANY,REB,-,93.0,-,-,-,-,-,16410408.0
REBAB COMPANY,21/05/2026,REBAB COMPANY,REB,-,93.0,-,-,-,-,-,16410408.0
REBAB COMPANY,20/05/2026,REBAB COMPANY,REB,93.0,93.0,93.0,93.0,94,8742.0,3,16410408.0
REBAB COMPANY,19/05/2026,REBAB COMPANY,REB,90.25,90.25,90.25,90.25,12,1083.0,4,15925154.0
REBAB COMPANY,18/05/2026,REBAB COMPANY,REB,96.0,96.0,96.0,96.0,4,384.0,1,16939776.0
REBAB COMPANY,15/05/2026,REBAB COMPANY,REB,95.11,95.11,95.11,95.11,5,475.55,3,16782730.16
REBAB COMPANY,14/05/2026,REBAB COMPANY,REB,-,99.99,-,-,-,-,-,17643835.44
REBAB COMPANY,13/05/2026,REBAB COMPANY,REB,99.99,99.99,99.99,99.99,3,299.97,2,17643835.44
REBAB COMPANY,12/05/2026,REBAB COMPANY,REB,95.0,95.0,95.0,95.0,15,1425.0,4,16763320.0
REBAB COMPANY,11/05/2026,REBAB COMPANY,REB,100.65,100.65,100.65,100.65,118,11876.7,4,17760296.4
REBAB COMPANY,08/05/2026,REBAB COMPANY,REB,95.0,95.0,95.0,95.0,18,1710.0,2,16763320.0
REBAB COMPANY,07/05/2026,REBAB COMPANY,REB,100.0,100.0,100.0,100.0,17,1700.0,2,17645600.0
REBAB COMPANY,06/05/2026,REBAB COMPANY,REB,-,98.61,-,-,-,-,-,17400326.16
REBAB COMPANY,05/05/2026,REBAB COMPANY,REB,98.61,98.61,98.61,98.61,22,2169.42,3,17400326.16
REBAB COMPANY,04/05/2026,REBAB COMPANY,REB,-,104.9,-,-,-,-,-,18510234.4
REBAB COMPANY,30/04/2026,REBAB COMPANY,REB,-,104.9,-,-,-,-,-,18510234.4
REBAB COMPANY,29/04/2026,REBAB COMPANY,REB,-,104.9,-,-,-,-,-,18510234.4
REBAB COMPANY,28/04/2026,REBAB COMPANY,REB,-,104.9,-,-,-,-,-,18510234.4
REBAB COMPANY,27/04/2026,REBAB COMPANY,REB,104.9,104.9,104.9,104.9,3,314.7,2,18510234.4
REBAB COMPANY,24/04/2026,REBAB COMPANY,REB,99.0,99.0,99.0,99.0,117,11583.0,4,17469144.0
REBAB COMPANY,23/04/2026,REBAB COMPANY,REB,98.0,98.0,98.0,98.0,22,2156.0,4,17292688.0
REBAB COMPANY,22/04/2026,REBAB COMPANY,REB,103.95,103.95,103.95,103.95,40,4158.0,2,18342601.2
REBAB COMPANY,21/04/2026,REBAB COMPANY,REB,98.1,98.1,98.1,98.1,2,196.2,1,17310333.6
REBAB COMPANY,20/04/2026,REBAB COMPANY,REB,100.0,100.0,100.0,100.0,216,21600.0,13,17645600.0
REBAB COMPANY,17/04/2026,REBAB COMPANY,REB,100.6,100.6,100.6,100.6,1,100.6,1,17751473.6
REBAB COMPANY,16/04/2026,REBAB COMPANY,REB,107.0,107.0,107.0,107.0,10,1070.0,1,18880792.0
REBAB COMPANY,15/04/2026,REBAB COMPANY,REB,107.0,107.0,107.0,107.0,12,1284.0,2,18880792.0
REBAB COMPANY,14/04/2026,REBAB COMPANY,REB,107.0,107.0,107.0,107.0,20,2140.0,1,18880792.0
REBAB COMPANY,13/04/2026,REBAB COMPANY,REB,-,107.0,-,-,-,-,-,18880792.0
REBAB COMPANY,10/04/2026,REBAB COMPANY,REB,107.0,107.0,107.0,107.0,1,107.0,1,18880792.0
RESIDENCES DAR SAADA,03/06/2026,RESIDENCES DAR SAADA,RDS,165.5,162.6,166.0,162.55,34910,5707188.55,98,4261559010.0
RESIDENCES DAR SAADA,02/06/2026,RESIDENCES DAR SAADA,RDS,168.85,163.0,168.85,162.6,22515,3685679.85,128,4272042550.0
RESIDENCES DAR SAADA,01/06/2026,RESIDENCES DAR SAADA,RDS,168.0,165.5,169.7,164.0,92346,15279335.0,131,4337564675.0
RESIDENCES DAR SAADA,26/05/2026,RESIDENCES DAR SAADA,RDS,169.05,167.7,171.35,161.2,50343,8327026.2,187,4395224145.0
RESIDENCES DAR SAADA,25/05/2026,RESIDENCES DAR SAADA,RDS,173.0,169.0,173.7,169.0,24631,4215624.2,108,4429295650.0
RESIDENCES DAR SAADA,22/05/2026,RESIDENCES DAR SAADA,RDS,169.2,168.25,171.4,168.25,27955,4722864.55,64,4409639012.5
RESIDENCES DAR SAADA,21/05/2026,RESIDENCES DAR SAADA,RDS,165.0,168.6,171.0,165.0,35668,6031933.9,102,4418812110.0
RESIDENCES DAR SAADA,20/05/2026,RESIDENCES DAR SAADA,RDS,164.05,164.0,168.0,161.25,14251,2340600.35,68,4298251400.0
RESIDENCES DAR SAADA,19/05/2026,RESIDENCES DAR SAADA,RDS,166.9,166.0,170.5,163.25,35153,5884312.55,117,4350669100.0
RESIDENCES DAR SAADA,18/05/2026,RESIDENCES DAR SAADA,RDS,167.5,167.0,168.0,165.0,58850,9783919.25,179,4376877950.0
RESIDENCES DAR SAADA,15/05/2026,RESIDENCES DAR SAADA,RDS,171.0,169.95,172.0,169.0,61678,10521203.75,182,4454194057.5
RESIDENCES DAR SAADA,14/05/2026,RESIDENCES DAR SAADA,RDS,171.7,172.0,175.4,171.6,62989,10864002.3,165,4507922200.0
RESIDENCES DAR SAADA,13/05/2026,RESIDENCES DAR SAADA,RDS,177.0,174.5,178.0,174.0,83621,14668054.4,211,4573444325.0
RESIDENCES DAR SAADA,12/05/2026,RESIDENCES DAR SAADA,RDS,178.0,176.2,178.45,174.1,36486,6451696.85,155,4617999370.0
RESIDENCES DAR SAADA,11/05/2026,RESIDENCES DAR SAADA,RDS,177.9,177.9,179.5,175.0,57807,10270123.25,176,4662554415.0
RESIDENCES DAR SAADA,08/05/2026,RESIDENCES DAR SAADA,RDS,180.0,178.0,180.7,176.0,52256,9339036.1,280,4665175300.0
RESIDENCES DAR SAADA,07/05/2026,RESIDENCES DAR SAADA,RDS,174.5,181.9,181.9,172.0,112839,20105322.7,528,4767389815.0
RESIDENCES DAR SAADA,06/05/2026,RESIDENCES DAR SAADA,RDS,167.35,172.2,172.8,167.35,81644,14031637.3,324,4513163970.0
RESIDENCES DAR SAADA,05/05/2026,RESIDENCES DAR SAADA,RDS,167.0,166.1,167.3,165.0,48086,7998677.1,70,4353289985.0
RESIDENCES DAR SAADA,04/05/2026,RESIDENCES DAR SAADA,RDS,166.0,167.0,169.4,166.0,23244,3893473.0,121,4376877950.0
RESIDENCES DAR SAADA,30/04/2026,RESIDENCES DAR SAADA,RDS,164.1,165.1,167.5,163.05,51085,8496720.9,141,4327081135.0
RESIDENCES DAR SAADA,29/04/2026,RESIDENCES DAR SAADA,RDS,166.8,166.6,170.0,165.0,25381,4233117.3,139,4366394410.0
RESIDENCES DAR SAADA,28/04/2026,RESIDENCES DAR SAADA,RDS,166.5,169.5,172.5,164.1,86827,14616147.05,321,4442400075.0
RESIDENCES DAR SAADA,27/04/2026,RESIDENCES DAR SAADA,RDS,166.55,166.95,168.0,163.55,25046,4112020.75,61,4375567507.5
RESIDENCES DAR SAADA,24/04/2026,RESIDENCES DAR SAADA,RDS,170.0,165.1,173.0,164.0,203461,34010802.05,398,4327081135.0
RESIDENCES DAR SAADA,23/04/2026,RESIDENCES DAR SAADA,RDS,163.6,167.2,167.95,163.6,195672,32397826.8,423,4382119720.0
RESIDENCES DAR SAADA,22/04/2026,RESIDENCES DAR SAADA,RDS,162.5,160.0,163.9,160.0,98541,15800378.25,195,4193416000.0
RESIDENCES DAR SAADA,21/04/2026,RESIDENCES DAR SAADA,RDS,161.4,164.3,165.8,161.4,58321,9523057.3,133,4306114055.0
RESIDENCES DAR SAADA,20/04/2026,RESIDENCES DAR SAADA,RDS,160.15,162.05,164.3,158.5,47798,7736578.65,226,4247144142.5
RESIDENCES DAR SAADA,17/04/2026,RESIDENCES DAR SAADA,RDS,161.8,165.6,169.8,160.3,106145,17537721.9,477,4340185560.0
RESIDENCES DAR SAADA,16/04/2026,RESIDENCES DAR SAADA,RDS,160.5,160.7,164.9,158.1,76631,12366811.1,323,4211762195.0
RESIDENCES DAR SAADA,15/04/2026,RESIDENCES DAR SAADA,RDS,163.0,161.5,167.0,160.0,279669,45814279.05,696,4232729275.0
RESIDENCES DAR SAADA,14/04/2026,RESIDENCES DAR SAADA,RDS,145.4,157.05,157.05,144.25,154322,23658632.0,583,4116099892.5
RESIDENCES DAR SAADA,13/04/2026,RESIDENCES DAR SAADA,RDS,142.6,142.8,146.8,140.2,118197,16897570.5,241,3742623780.0
RESIDENCES DAR SAADA,10/04/2026,RESIDENCES DAR SAADA,RDS,143.9,143.1,146.0,142.2,29094,4201986.5,168,3750486435.0
RISMA,03/06/2026,RISMA,RIS,329.1,332.0,335.0,326.3,1596,525854.2,140,5316027824.0
RISMA,02/06/2026,RISMA,RIS,327.2,332.0,339.0,327.2,1098,364086.9,140,5316027824.0
RISMA,01/06/2026,RISMA,RIS,326.3,344.9,344.9,326.3,2368,802131.45,186,5522584326.8
RISMA,26/05/2026,RISMA,RIS,330.5,334.0,339.0,327.1,1355,449994.45,96,5348052088.0
RISMA,25/05/2026,RISMA,RIS,326.1,332.1,344.85,326.1,14824,4894222.05,214,5317629037.2
RISMA,22/05/2026,RISMA,RIS,320.0,326.0,326.0,318.0,1844,594600.5,112,5219955032.0
RISMA,21/05/2026,RISMA,RIS,321.1,320.0,323.9,318.0,3321,1063540.6,125,5123882240.0
RISMA,20/05/2026,RISMA,RIS,320.4,319.0,326.0,315.1,4172,1332799.75,151,5107870108.0
RISMA,19/05/2026,RISMA,RIS,322.5,325.0,332.75,322.5,1472,480122.35,134,5203942900.0
RISMA,18/05/2026,RISMA,RIS,323.0,322.5,328.0,321.0,2675,865773.35,141,5163912570.0
RISMA,15/05/2026,RISMA,RIS,335.0,328.9,335.0,320.0,7015,2294802.35,183,5266390214.8
RISMA,14/05/2026,RISMA,RIS,330.0,331.0,335.0,324.0,2702,891993.5,191,5300015692.0
RISMA,13/05/2026,RISMA,RIS,336.0,330.0,340.0,330.0,9978,3309763.3,252,5284003560.0
RISMA,12/05/2026,RISMA,RIS,335.3,340.0,341.4,332.0,7899,2659985.7,206,5444124880.0
RISMA,11/05/2026,RISMA,RIS,345.1,344.9,348.0,332.0,7777,2643964.4,269,5522584326.8
RISMA,08/05/2026,RISMA,RIS,346.0,350.0,350.0,345.0,2259,783893.15,157,5604246200.0
RISMA,07/05/2026,RISMA,RIS,350.3,350.0,355.0,345.0,3927,1378790.75,195,5604246200.0
RISMA,06/05/2026,RISMA,RIS,349.8,350.0,358.9,346.0,30246,10668029.8,310,5604246200.0
RISMA,05/05/2026,RISMA,RIS,341.05,349.8,349.8,341.05,9690,3375221.0,122,5601043773.6
RISMA,04/05/2026,RISMA,RIS,350.0,348.6,355.0,345.0,10509,3716047.05,211,5581829215.2
RISMA,30/04/2026,RISMA,RIS,350.0,352.0,352.0,335.0,5956,2065543.4,219,5636270464.0
RISMA,29/04/2026,RISMA,RIS,343.3,352.0,358.9,343.3,2610,908024.05,224,5636270464.0
RISMA,28/04/2026,RISMA,RIS,355.0,354.0,360.0,352.0,8244,2947100.75,216,5668294728.0
RISMA,27/04/2026,RISMA,RIS,358.0,360.0,363.9,355.25,2325,836082.45,231,5764367520.0
RISMA,24/04/2026,RISMA,RIS,360.0,367.0,367.0,355.0,42946,15406901.85,415,5876452444.0
RISMA,23/04/2026,RISMA,RIS,365.0,360.0,369.0,360.0,23048,8385235.05,530,5764367520.0
RISMA,22/04/2026,RISMA,RIS,350.0,360.0,371.0,350.0,128455,46796763.2,1067,5764367520.0
RISMA,21/04/2026,RISMA,RIS,350.0,345.5,353.0,342.1,13822,4817412.55,453,5532191606.0
RISMA,20/04/2026,RISMA,RIS,342.1,353.0,354.7,340.0,28332,9957531.05,461,5652282596.0
RISMA,17/04/2026,RISMA,RIS,340.0,355.0,357.0,335.0,75960,26618250.1,964,5684306860.0
RISMA,16/04/2026,RISMA,RIS,336.4,343.0,343.0,336.4,6529,2218678.55,399,5492161276.0
RISMA,15/04/2026,RISMA,RIS,330.0,340.0,342.0,330.0,18551,6296786.75,497,5444124880.0
RISMA,14/04/2026,RISMA,RIS,320.55,335.0,335.0,320.55,7445,2469528.9,411,5364064220.0
RISMA,13/04/2026,RISMA,RIS,320.3,322.0,326.0,317.6,3797,1220141.6,254,5155906504.0
RISMA,10/04/2026,RISMA,RIS,328.2,332.5,336.5,328.2,14530,4843197.5,423,5324033890.0
S.M MONETIQUE,03/06/2026,S.M MONETIQUE,S2M,520.0,519.5,520.0,500.0,338,169114.0,15,421870365.0
S.M MONETIQUE,02/06/2026,S.M MONETIQUE,S2M,545.0,500.0,545.0,486.0,1468,741210.25,36,406035000.0
S.M MONETIQUE,01/06/2026,S.M MONETIQUE,S2M,549.1,534.0,565.0,534.0,416,228352.4,21,433645380.0
S.M MONETIQUE,26/05/2026,S.M MONETIQUE,S2M,550.1,565.0,565.0,549.0,223,123729.8,11,458819550.0
S.M MONETIQUE,25/05/2026,S.M MONETIQUE,S2M,578.5,578.5,578.5,578.5,1,578.5,1,469782495.0
S.M MONETIQUE,22/05/2026,S.M MONETIQUE,S2M,555.0,552.0,555.0,552.0,8,4434.0,2,448262640.0
S.M MONETIQUE,21/05/2026,S.M MONETIQUE,S2M,560.0,560.0,560.0,560.0,88,49280.0,2,454759200.0
S.M MONETIQUE,20/05/2026,S.M MONETIQUE,S2M,-,586.0,-,-,-,-,-,475873020.0
S.M MONETIQUE,19/05/2026,S.M MONETIQUE,S2M,586.0,586.0,586.0,586.0,3,1758.0,2,475873020.0
S.M MONETIQUE,18/05/2026,S.M MONETIQUE,S2M,-,561.0,-,-,-,-,-,455571270.0
S.M MONETIQUE,15/05/2026,S.M MONETIQUE,S2M,565.0,561.0,565.0,561.0,150,84550.0,3,455571270.0
S.M MONETIQUE,14/05/2026,S.M MONETIQUE,S2M,572.0,573.0,574.0,570.0,33,18854.0,6,465316110.0
S.M MONETIQUE,13/05/2026,S.M MONETIQUE,S2M,588.0,587.0,588.0,572.0,16,9387.0,4,476685090.0
S.M MONETIQUE,12/05/2026,S.M MONETIQUE,S2M,-,593.0,-,-,-,-,-,481557510.0
S.M MONETIQUE,11/05/2026,S.M MONETIQUE,S2M,581.0,593.0,593.0,581.0,21,12381.0,3,481557510.0
S.M MONETIQUE,08/05/2026,S.M MONETIQUE,S2M,597.0,580.0,597.0,580.0,56,32657.6,13,471000600.0
S.M MONETIQUE,07/05/2026,S.M MONETIQUE,S2M,581.1,598.0,598.0,581.1,110,64090.0,3,485617860.0
S.M MONETIQUE,06/05/2026,S.M MONETIQUE,S2M,581.0,580.5,600.0,580.5,15,8768.5,5,471406635.0
S.M MONETIQUE,05/05/2026,S.M MONETIQUE,S2M,581.5,581.0,581.5,581.0,94,54615.5,3,471812670.0
S.M MONETIQUE,04/05/2026,S.M MONETIQUE,S2M,581.2,580.0,582.0,580.0,71,41259.6,8,471000600.0
S.M MONETIQUE,30/04/2026,S.M MONETIQUE,S2M,581.2,582.0,582.0,581.2,27,15706.0,3,472624740.0
S.M MONETIQUE,29/04/2026,S.M MONETIQUE,S2M,585.0,585.0,585.0,582.5,198,115377.8,11,475060950.0
S.M MONETIQUE,28/04/2026,S.M MONETIQUE,S2M,597.5,597.5,597.5,597.0,16,9559.5,4,485211825.0
S.M MONETIQUE,27/04/2026,S.M MONETIQUE,S2M,607.8,595.0,607.9,572.7,238,139016.3,23,483181650.0
S.M MONETIQUE,24/04/2026,S.M MONETIQUE,S2M,600.0,600.0,600.0,600.0,7,4200.0,1,487242000.0
S.M MONETIQUE,23/04/2026,S.M MONETIQUE,S2M,607.9,607.9,607.9,607.9,4,2431.6,1,493657353.0
S.M MONETIQUE,22/04/2026,S.M MONETIQUE,S2M,609.0,607.0,609.0,600.0,26,15761.0,9,492926490.0
S.M MONETIQUE,21/04/2026,S.M MONETIQUE,S2M,605.0,605.0,611.0,605.0,227,137870.0,13,491302350.0
S.M MONETIQUE,20/04/2026,S.M MONETIQUE,S2M,617.0,610.0,617.0,607.0,161,98458.6,15,495362700.0
S.M MONETIQUE,17/04/2026,S.M MONETIQUE,S2M,589.0,605.0,630.0,589.0,2205,1347608.1,68,491302350.0
S.M MONETIQUE,16/04/2026,S.M MONETIQUE,S2M,590.0,585.0,590.0,571.0,133,77929.0,18,475060950.0
S.M MONETIQUE,15/04/2026,S.M MONETIQUE,S2M,569.9,585.0,585.0,569.9,1510,872950.5,44,475060950.0
S.M MONETIQUE,14/04/2026,S.M MONETIQUE,S2M,-,560.0,-,-,-,-,-,454759200.0
S.M MONETIQUE,13/04/2026,S.M MONETIQUE,S2M,-,560.0,-,-,-,-,-,454759200.0
S.M MONETIQUE,10/04/2026,S.M MONETIQUE,S2M,540.0,560.0,570.9,540.0,63,34301.8,5,454759200.0
SALAFIN,03/06/2026,SALAFIN,SLF,498.9,498.9,498.9,498.9,19,9479.1,6,1558622969.1
SALAFIN,02/06/2026,SALAFIN,SLF,492.0,492.0,492.0,492.0,60,29520.0,5,1537066548.0
SALAFIN,01/06/2026,SALAFIN,SLF,500.0,500.0,500.0,500.0,165,82500.0,6,1562059500.0
SALAFIN,26/05/2026,SALAFIN,SLF,500.0,500.0,500.0,500.0,875,437500.0,15,1562059500.0
SALAFIN,25/05/2026,SALAFIN,SLF,492.0,492.0,492.0,492.0,111,54612.0,7,1537066548.0
SALAFIN,22/05/2026,SALAFIN,SLF,495.0,495.0,495.0,495.0,601,297495.0,11,1546438905.0
SALAFIN,21/05/2026,SALAFIN,SLF,489.9,489.9,489.9,489.9,720,352728.0,17,1530505898.1
SALAFIN,20/05/2026,SALAFIN,SLF,477.1,477.1,477.1,477.1,202,96374.2,5,1490517174.9
SALAFIN,19/05/2026,SALAFIN,SLF,450.1,450.1,450.1,450.1,130005,58515250.5,18,1406165961.9
SALAFIN,18/05/2026,SALAFIN,SLF,478.8,478.8,478.8,478.8,251,120178.8,11,1495828177.2
SALAFIN,15/05/2026,SALAFIN,SLF,482.5,482.5,482.5,482.5,560,270200.0,16,1507387417.5
SALAFIN,14/05/2026,SALAFIN,SLF,465.0,465.0,465.0,465.0,53,24645.0,5,1452715335.0
SALAFIN,13/05/2026,SALAFIN,SLF,460.5,460.5,460.5,460.5,130,59865.0,6,1438656799.5
SALAFIN,12/05/2026,SALAFIN,SLF,482.3,482.3,482.3,482.3,134,64628.2,6,1506762593.7
SALAFIN,11/05/2026,SALAFIN,SLF,474.0,474.0,474.0,474.0,60,28440.0,8,1480832406.0
SALAFIN,08/05/2026,SALAFIN,SLF,484.95,484.95,484.95,484.95,1000,484950.0,25,1515041509.05
SALAFIN,07/05/2026,SALAFIN,SLF,465.9,465.9,465.9,465.9,310,144429.0,9,1455527042.1
SALAFIN,06/05/2026,SALAFIN,SLF,440.0,440.0,440.0,440.0,2000,880000.0,13,1374612360.0
SALAFIN,05/05/2026,SALAFIN,SLF,449.0,449.0,449.0,449.0,200,89800.0,4,1402729431.0
SALAFIN,04/05/2026,SALAFIN,SLF,426.1,426.1,426.1,426.1,3188,1358406.8,48,1331187105.9
SALAFIN,30/04/2026,SALAFIN,SLF,445.0,445.0,445.0,445.0,968,430760.0,21,1390232955.0
SALAFIN,29/04/2026,SALAFIN,SLF,450.0,450.0,450.0,450.0,222,99900.0,10,1405853550.0
SALAFIN,28/04/2026,SALAFIN,SLF,445.0,445.0,445.0,445.0,489,217605.0,14,1390232955.0
SALAFIN,27/04/2026,SALAFIN,SLF,445.0,445.0,445.0,445.0,2095,932275.0,21,1390232955.0
SALAFIN,24/04/2026,SALAFIN,SLF,446.95,446.95,446.95,446.95,2141,956919.95,22,1396324987.05
SALAFIN,23/04/2026,SALAFIN,SLF,447.95,447.95,447.95,447.95,1173,525445.35,20,1399449106.05
SALAFIN,22/04/2026,SALAFIN,SLF,448.0,448.0,448.0,448.0,53,23744.0,8,1399605312.0
SALAFIN,21/04/2026,SALAFIN,SLF,437.0,437.0,437.0,437.0,10,4370.0,1,1365240003.0
SALAFIN,20/04/2026,SALAFIN,SLF,424.9,424.9,424.9,424.9,1838,780966.2,47,1327438163.1
SALAFIN,17/04/2026,SALAFIN,SLF,427.75,427.75,427.75,427.75,4302,1840180.5,73,1336341902.25
SALAFIN,16/04/2026,SALAFIN,SLF,455.0,455.0,455.0,455.0,2690,1223950.0,45,1421474145.0
SALAFIN,15/04/2026,SALAFIN,SLF,455.9,455.9,455.9,455.9,3265,1488513.5,44,1424285852.1
SALAFIN,14/04/2026,SALAFIN,SLF,484.95,484.95,484.95,484.95,253,122692.35,9,1515041509.05
SALAFIN,13/04/2026,SALAFIN,SLF,476.95,476.95,476.95,476.95,22,10492.9,3,1490048557.05
SALAFIN,10/04/2026,SALAFIN,SLF,450.0,450.0,450.0,450.0,830,373500.0,35,1405853550.0
SAMIR,03/06/2026,SAMIR,SAM,-,127.8,-,-,-,-,-,1520777187.0
SAMIR,02/06/2026,SAMIR,SAM,-,127.8,-,-,-,-,-,1520777187.0
SAMIR,01/06/2026,SAMIR,SAM,-,127.8,-,-,-,-,-,1520777187.0
SAMIR,26/05/2026,SAMIR,SAM,-,127.8,-,-,-,-,-,1520777187.0
SAMIR,25/05/2026,SAMIR,SAM,-,127.8,-,-,-,-,-,1520777187.0
SAMIR,22/05/2026,SAMIR,SAM,-,127.8,-,-,-,-,-,1520777187.0
SAMIR,21/05/2026,SAMIR,SAM,-,127.8,-,-,-,-,-,1520777187.0
SAMIR,20/05/2026,SAMIR,SAM,-,127.8,-,-,-,-,-,1520777187.0
SAMIR,19/05/2026,SAMIR,SAM,-,127.8,-,-,-,-,-,1520777187.0
SAMIR,18/05/2026,SAMIR,SAM,-,127.8,-,-,-,-,-,1520777187.0
SAMIR,15/05/2026,SAMIR,SAM,-,127.8,-,-,-,-,-,1520777187.0
SAMIR,14/05/2026,SAMIR,SAM,-,127.8,-,-,-,-,-,1520777187.0
SAMIR,13/05/2026,SAMIR,SAM,-,127.8,-,-,-,-,-,1520777187.0
SAMIR,12/05/2026,SAMIR,SAM,-,127.8,-,-,-,-,-,1520777187.0
SAMIR,11/05/2026,SAMIR,SAM,-,127.8,-,-,-,-,-,1520777187.0
SAMIR,08/05/2026,SAMIR,SAM,-,127.8,-,-,-,-,-,1520777187.0
SAMIR,07/05/2026,SAMIR,SAM,-,127.8,-,-,-,-,-,1520777187.0
SAMIR,06/05/2026,SAMIR,SAM,-,127.8,-,-,-,-,-,1520777187.0
SAMIR,05/05/2026,SAMIR,SAM,-,127.8,-,-,-,-,-,1520777187.0
SAMIR,04/05/2026,SAMIR,SAM,-,127.8,-,-,-,-,-,1520777187.0
SAMIR,30/04/2026,SAMIR,SAM,-,127.8,-,-,-,-,-,1520777187.0
SAMIR,29/04/2026,SAMIR,SAM,-,127.8,-,-,-,-,-,1520777187.0
SAMIR,28/04/2026,SAMIR,SAM,-,127.8,-,-,-,-,-,1520777187.0
SAMIR,27/04/2026,SAMIR,SAM,-,127.8,-,-,-,-,-,1520777187.0
SAMIR,24/04/2026,SAMIR,SAM,-,127.8,-,-,-,-,-,1520777187.0
SAMIR,23/04/2026,SAMIR,SAM,-,127.8,-,-,-,-,-,1520777187.0
SAMIR,22/04/2026,SAMIR,SAM,-,127.8,-,-,-,-,-,1520777187.0
SAMIR,21/04/2026,SAMIR,SAM,-,127.8,-,-,-,-,-,1520777187.0
SAMIR,20/04/2026,SAMIR,SAM,-,127.8,-,-,-,-,-,1520777187.0
SAMIR,17/04/2026,SAMIR,SAM,-,127.8,-,-,-,-,-,1520777187.0
SAMIR,16/04/2026,SAMIR,SAM,-,127.8,-,-,-,-,-,1520777187.0
SAMIR,15/04/2026,SAMIR,SAM,-,127.8,-,-,-,-,-,1520777187.0
SAMIR,14/04/2026,SAMIR,SAM,-,127.8,-,-,-,-,-,1520777187.0
SAMIR,13/04/2026,SAMIR,SAM,-,127.8,-,-,-,-,-,1520777187.0
SAMIR,10/04/2026,SAMIR,SAM,-,127.8,-,-,-,-,-,1520777187.0
SANLAM MAROC,03/06/2026,SANLAM MAROC,SAH,3040.0,3040.0,3041.0,3040.0,42,127683.0,6,12515296960.0
SANLAM MAROC,02/06/2026,SANLAM MAROC,SAH,2952.0,2952.0,2952.0,2952.0,4,11808.0,2,12153012048.0
SANLAM MAROC,01/06/2026,SANLAM MAROC,SAH,3035.0,2950.0,3035.0,2950.0,59,174730.0,5,12144778300.0
SANLAM MAROC,26/05/2026,SANLAM MAROC,SAH,2950.0,2950.0,3037.0,2950.0,19,56137.0,7,12144778300.0
SANLAM MAROC,25/05/2026,SANLAM MAROC,SAH,-,3070.0,-,-,-,-,-,12638803180.0
SANLAM MAROC,22/05/2026,SANLAM MAROC,SAH,3069.0,3070.0,3070.0,2760.0,58,163484.0,10,12638803180.0
SANLAM MAROC,21/05/2026,SANLAM MAROC,SAH,3088.0,3051.0,3088.0,3051.0,14,42862.0,2,12560582574.0
SANLAM MAROC,20/05/2026,SANLAM MAROC,SAH,-,3089.0,-,-,-,-,-,12717023786.0
SANLAM MAROC,19/05/2026,SANLAM MAROC,SAH,-,3089.0,-,-,-,-,-,12717023786.0
SANLAM MAROC,18/05/2026,SANLAM MAROC,SAH,3002.0,3089.0,3089.0,3000.0,19,57106.0,6,12717023786.0
SANLAM MAROC,15/05/2026,SANLAM MAROC,SAH,3100.0,3100.0,3100.0,3100.0,50,155000.0,2,12762309400.0
SANLAM MAROC,14/05/2026,SANLAM MAROC,SAH,3109.0,3109.0,3109.0,3109.0,3,9327.0,1,12799361266.0
SANLAM MAROC,13/05/2026,SANLAM MAROC,SAH,3115.0,3115.0,3115.0,3115.0,49,152635.0,4,12824062510.0
SANLAM MAROC,12/05/2026,SANLAM MAROC,SAH,3118.0,3118.0,3118.0,3118.0,3,9354.0,2,12836413132.0
SANLAM MAROC,11/05/2026,SANLAM MAROC,SAH,3113.0,3110.0,3113.0,2933.0,14,41596.0,3,12803478140.0
SANLAM MAROC,08/05/2026,SANLAM MAROC,SAH,2951.0,3118.0,3118.0,2926.0,14,41477.0,6,12836413132.0
SANLAM MAROC,07/05/2026,SANLAM MAROC,SAH,2935.0,2935.0,2935.0,2935.0,4,11740.0,1,12083025190.0
SANLAM MAROC,06/05/2026,SANLAM MAROC,SAH,2875.0,3120.0,3120.0,2874.0,224,673635.0,22,12844646880.0
SANLAM MAROC,05/05/2026,SANLAM MAROC,SAH,2825.0,3034.0,3034.0,2825.0,77,218182.0,9,12490595716.0
SANLAM MAROC,04/05/2026,SANLAM MAROC,SAH,3000.0,3045.0,3050.0,3000.0,11,33215.0,7,12535881330.0
SANLAM MAROC,30/04/2026,SANLAM MAROC,SAH,-,3089.0,-,-,-,-,-,12717023786.0
SANLAM MAROC,29/04/2026,SANLAM MAROC,SAH,3000.0,3089.0,3089.0,3000.0,13,39245.0,3,12717023786.0
SANLAM MAROC,28/04/2026,SANLAM MAROC,SAH,-,3078.0,-,-,-,-,-,12671738172.0
SANLAM MAROC,27/04/2026,SANLAM MAROC,SAH,3078.0,3078.0,3078.0,3078.0,5,15390.0,2,12671738172.0
SANLAM MAROC,24/04/2026,SANLAM MAROC,SAH,3090.0,3078.0,3090.0,3078.0,3,9258.0,2,12671738172.0
SANLAM MAROC,23/04/2026,SANLAM MAROC,SAH,3098.0,3050.0,3098.0,3050.0,6,18396.0,3,12556465700.0
SANLAM MAROC,22/04/2026,SANLAM MAROC,SAH,3045.0,3050.0,3088.0,3000.0,42,127514.0,13,12556465700.0
SANLAM MAROC,21/04/2026,SANLAM MAROC,SAH,3104.0,3090.0,3104.0,3090.0,8,24776.0,2,12721140660.0
SANLAM MAROC,20/04/2026,SANLAM MAROC,SAH,3050.0,2900.0,3137.0,2900.0,43,131837.0,8,11938934600.0
SANLAM MAROC,17/04/2026,SANLAM MAROC,SAH,3050.0,3050.0,3050.0,3050.0,2,6100.0,1,12556465700.0
SANLAM MAROC,16/04/2026,SANLAM MAROC,SAH,-,3137.0,-,-,-,-,-,12914633738.0
SANLAM MAROC,15/04/2026,SANLAM MAROC,SAH,3140.0,3137.0,3140.0,3137.0,6,18831.0,4,12914633738.0
SANLAM MAROC,14/04/2026,SANLAM MAROC,SAH,2850.0,3140.0,3170.0,2850.0,31,93659.0,14,12926984360.0
SANLAM MAROC,13/04/2026,SANLAM MAROC,SAH,2601.0,2890.0,2890.0,2601.0,19,52298.0,9,11897765860.0
SANLAM MAROC,10/04/2026,SANLAM MAROC,SAH,2730.0,2730.0,2730.0,2730.0,3,8190.0,1,11239066020.0
SGTM S.A,03/06/2026,SGTM S.A,GTM,730.0,724.0,740.0,724.0,4833,3510147.3,268,43440000000.0
SGTM S.A,02/06/2026,SGTM S.A,GTM,732.0,730.0,740.0,728.0,5154,3769548.4,281,43800000000.0
SGTM S.A,01/06/2026,SGTM S.A,GTM,732.6,735.0,745.0,731.5,7183,5284756.0,263,44100000000.0
SGTM S.A,26/05/2026,SGTM S.A,GTM,745.0,731.0,750.0,731.0,17649,12983530.4,372,43860000000.0
SGTM S.A,25/05/2026,SGTM S.A,GTM,760.0,750.0,774.9,750.0,13769,10415420.7,355,45000000000.0
SGTM S.A,22/05/2026,SGTM S.A,GTM,734.1,735.0,750.0,734.1,5680,4189922.5,283,44100000000.0
SGTM S.A,21/05/2026,SGTM S.A,GTM,734.0,734.0,756.0,734.0,4997,3687007.0,230,44040000000.0
SGTM S.A,20/05/2026,SGTM S.A,GTM,749.9,731.0,749.9,731.0,6799,5012605.4,322,43860000000.0
SGTM S.A,19/05/2026,SGTM S.A,GTM,746.1,746.0,767.7,746.0,20493,15384640.5,260,44760000000.0
SGTM S.A,18/05/2026,SGTM S.A,GTM,750.0,748.0,760.0,745.0,7151,5356883.3,325,44880000000.0
SGTM S.A,15/05/2026,SGTM S.A,GTM,760.0,760.0,765.0,758.6,11161,8484258.7,237,45600000000.0
SGTM S.A,14/05/2026,SGTM S.A,GTM,764.0,760.0,772.0,760.0,8184,6245495.0,264,45600000000.0
SGTM S.A,13/05/2026,SGTM S.A,GTM,763.0,763.0,767.9,762.1,4225,3224687.3,248,45780000000.0
SGTM S.A,12/05/2026,SGTM S.A,GTM,770.0,772.0,775.0,765.0,12830,9892699.9,260,46320000000.0
SGTM S.A,11/05/2026,SGTM S.A,GTM,780.1,772.1,782.0,770.0,15071,11693131.1,303,46326000000.0
SGTM S.A,08/05/2026,SGTM S.A,GTM,785.0,786.0,788.0,780.1,3245,2541502.9,199,47160000000.0
SGTM S.A,07/05/2026,SGTM S.A,GTM,795.1,794.0,808.0,794.0,8149,6505208.7,325,47640000000.0
SGTM S.A,06/05/2026,SGTM S.A,GTM,781.0,795.0,801.5,780.0,10668,8478153.2,457,47700000000.0
SGTM S.A,05/05/2026,SGTM S.A,GTM,765.0,770.0,770.0,760.2,6852,5249596.8,184,46200000000.0
SGTM S.A,04/05/2026,SGTM S.A,GTM,780.0,770.1,785.0,770.0,9302,7219790.1,255,46206000000.0
SGTM S.A,30/04/2026,SGTM S.A,GTM,758.0,755.1,761.0,750.1,11835,8933202.6,300,45306000000.0
SGTM S.A,29/04/2026,SGTM S.A,GTM,757.0,765.2,773.0,757.0,23070,17631140.7,313,45912000000.0
SGTM S.A,28/04/2026,SGTM S.A,GTM,770.0,773.0,780.0,770.0,5548,4297271.0,277,46380000000.0
SGTM S.A,27/04/2026,SGTM S.A,GTM,785.2,779.9,795.0,779.9,8465,6631862.5,279,46794000000.0
SGTM S.A,24/04/2026,SGTM S.A,GTM,790.2,785.1,797.2,783.0,17619,13899970.0,442,47106000000.0
SGTM S.A,23/04/2026,SGTM S.A,GTM,801.0,797.2,807.0,790.1,26439,21112873.0,422,47832000000.0
SGTM S.A,22/04/2026,SGTM S.A,GTM,818.7,809.0,820.0,809.0,25797,20953819.4,318,48540000000.0
SGTM S.A,21/04/2026,SGTM S.A,GTM,808.0,820.6,826.0,808.0,17702,14493686.6,489,49236000000.0
SGTM S.A,20/04/2026,SGTM S.A,GTM,790.0,819.0,820.0,790.0,19192,15451608.1,604,49140000000.0
SGTM S.A,17/04/2026,SGTM S.A,GTM,776.1,826.0,826.0,776.1,133467,108499461.8,923,49560000000.0
SGTM S.A,16/04/2026,SGTM S.A,GTM,799.0,776.0,799.0,775.0,14768,11550401.3,375,46560000000.0
SGTM S.A,15/04/2026,SGTM S.A,GTM,790.0,785.1,800.0,780.0,39773,31683262.6,634,47106000000.0
SGTM S.A,14/04/2026,SGTM S.A,GTM,735.0,780.0,780.0,730.0,66669,51163177.1,713,46800000000.0
SGTM S.A,13/04/2026,SGTM S.A,GTM,725.0,732.1,736.0,722.0,30227,22012593.1,375,43926000000.0
SGTM S.A,10/04/2026,SGTM S.A,GTM,732.0,746.0,750.0,731.0,21038,15642471.4,484,44760000000.0
SMI,03/06/2026,SMI,SMI,8855.0,8997.0,9195.0,8820.0,627,5625458.0,173,14800874730.0
SMI,02/06/2026,SMI,SMI,9800.0,8850.0,9989.0,8850.0,1272,12051374.0,289,14559046500.0
SMI,01/06/2026,SMI,SMI,9270.0,9496.0,10140.0,9270.0,1484,14317849.0,363,15621774640.0
SMI,26/05/2026,SMI,SMI,9260.0,9220.0,9374.0,9100.0,589,5437329.0,164,15167729800.0
SMI,25/05/2026,SMI,SMI,9200.0,9100.0,9320.0,9000.0,1151,10520271.0,144,14970319000.0
SMI,22/05/2026,SMI,SMI,8888.0,8800.0,8998.0,8740.0,688,6085599.0,88,14476792000.0
SMI,21/05/2026,SMI,SMI,8801.0,8738.0,8945.0,8700.0,413,3632579.0,122,14374796420.0
SMI,20/05/2026,SMI,SMI,8865.0,8745.0,9050.0,8525.0,2187,19159162.0,373,14386312050.0
SMI,19/05/2026,SMI,SMI,9882.0,8865.0,10079.0,8865.0,3652,34441566.0,351,14583722850.0
SMI,18/05/2026,SMI,SMI,9650.0,9849.0,10000.0,9650.0,6892,67191401.0,443,16202491410.0
SMI,15/05/2026,SMI,SMI,10620.0,10612.0,10800.0,10612.0,3028,32171241.0,184,17457695080.0
SMI,14/05/2026,SMI,SMI,12750.0,11790.0,12899.0,11700.0,3204,38943706.0,572,19395611100.0
SMI,13/05/2026,SMI,SMI,11989.0,12660.0,12670.0,11989.0,1728,21211964.0,337,20826839400.0
SMI,12/05/2026,SMI,SMI,10900.0,11537.0,11599.0,10900.0,1732,19592149.0,250,18979403330.0
SMI,11/05/2026,SMI,SMI,10104.0,10820.0,10950.0,10053.0,1135,11928312.0,205,17799873800.0
SMI,08/05/2026,SMI,SMI,9989.0,10198.0,10200.0,9612.0,724,7258657.0,185,16776627820.0
SMI,07/05/2026,SMI,SMI,9449.0,9750.0,9800.0,9400.0,971,9357256.0,200,16039627500.0
SMI,06/05/2026,SMI,SMI,8985.0,9199.0,9419.0,8980.0,994,9158604.0,140,15133182910.0
SMI,05/05/2026,SMI,SMI,9000.0,8852.0,9000.0,8800.0,178,1577158.0,31,14562336680.0
SMI,04/05/2026,SMI,SMI,8851.0,9000.0,9000.0,8800.0,613,5510994.0,66,14805810000.0
SMI,30/04/2026,SMI,SMI,8634.0,8850.0,8850.0,8610.0,358,3138791.0,69,14559046500.0
SMI,29/04/2026,SMI,SMI,8616.0,8600.0,8700.0,8600.0,173,1491963.0,46,14147774000.0
SMI,28/04/2026,SMI,SMI,8850.0,8601.0,8850.0,8601.0,894,7738115.0,160,14149419090.0
SMI,27/04/2026,SMI,SMI,8810.0,8899.0,9000.0,8810.0,49,437153.0,22,14639655910.0
SMI,24/04/2026,SMI,SMI,9000.0,8800.0,9000.0,8601.0,695,6142274.0,111,14476792000.0
SMI,23/04/2026,SMI,SMI,9040.0,9000.0,9150.0,8970.0,1007,9092293.0,157,14805810000.0
SMI,22/04/2026,SMI,SMI,8761.0,8960.0,9020.0,8720.0,1613,14432786.0,159,14740006400.0
SMI,21/04/2026,SMI,SMI,8900.0,8850.0,8900.0,8646.0,384,3371746.0,69,14559046500.0
SMI,20/04/2026,SMI,SMI,8505.0,8868.0,8926.0,8505.0,576,5053163.0,90,14588658120.0
SMI,17/04/2026,SMI,SMI,8423.0,8900.0,9250.0,8423.0,2796,24857338.0,245,14641301000.0
SMI,16/04/2026,SMI,SMI,8570.0,8650.0,8850.0,8570.0,714,6207496.0,99,14230028500.0
SMI,15/04/2026,SMI,SMI,8985.0,8750.0,8985.0,8302.0,2374,20577001.0,351,14394537500.0
SMI,14/04/2026,SMI,SMI,8897.0,8985.0,9190.0,8700.0,2603,23233099.0,467,14781133650.0
SMI,13/04/2026,SMI,SMI,7851.0,8601.0,8779.0,7851.0,3739,31604284.0,496,14149419090.0
SMI,10/04/2026,SMI,SMI,7698.0,8240.0,8245.0,7483.0,2690,21661168.0,351,13555541600.0
SNEP,03/06/2026,SNEP,SNP,376.0,370.0,376.0,370.0,9,3343.0,4,888000000.0
SNEP,02/06/2026,SNEP,SNP,372.0,375.0,375.0,370.0,1161,432382.75,45,900000000.0
SNEP,01/06/2026,SNEP,SNP,377.0,370.5,378.0,370.5,72,26878.5,10,889200000.0
SNEP,26/05/2026,SNEP,SNP,371.1,377.0,377.95,371.1,176,65719.6,12,904800000.0
SNEP,25/05/2026,SNEP,SNP,375.0,378.0,380.0,375.0,219,82526.9,19,907200000.0
SNEP,22/05/2026,SNEP,SNP,377.0,377.0,379.0,375.0,172,64720.0,16,904800000.0
SNEP,21/05/2026,SNEP,SNP,380.0,376.0,380.0,376.0,92,34752.0,10,902400000.0
SNEP,20/05/2026,SNEP,SNP,380.0,375.0,380.0,375.0,702,265456.0,21,900000000.0
SNEP,19/05/2026,SNEP,SNP,375.6,379.0,380.0,375.6,91,34522.5,9,909600000.0
SNEP,18/05/2026,SNEP,SNP,380.0,375.0,380.0,375.0,454,171115.7,29,900000000.0
SNEP,15/05/2026,SNEP,SNP,380.0,378.0,380.0,376.0,2626,993684.5,47,907200000.0
SNEP,14/05/2026,SNEP,SNP,385.0,380.0,385.0,380.0,860,328346.05,56,912000000.0
SNEP,13/05/2026,SNEP,SNP,386.0,385.0,386.0,383.1,595,229403.0,22,924000000.0
SNEP,12/05/2026,SNEP,SNP,387.0,386.0,387.9,385.0,453,174558.25,22,926400000.0
SNEP,11/05/2026,SNEP,SNP,390.0,386.0,390.0,385.15,644,249451.05,32,926400000.0
SNEP,08/05/2026,SNEP,SNP,388.0,388.0,390.0,388.0,501,194644.25,30,931200000.0
SNEP,07/05/2026,SNEP,SNP,389.0,388.0,395.0,387.2,8940,3464880.1,45,931200000.0
SNEP,06/05/2026,SNEP,SNP,392.0,390.0,392.0,389.5,302,117685.65,13,936000000.0
SNEP,05/05/2026,SNEP,SNP,388.1,387.1,391.0,386.0,429,166804.0,15,929040000.0
SNEP,04/05/2026,SNEP,SNP,392.0,388.1,392.0,386.0,397,154454.9,15,931440000.0
SNEP,30/04/2026,SNEP,SNP,388.0,388.0,389.0,387.0,146,56609.7,17,931200000.0
SNEP,29/04/2026,SNEP,SNP,387.0,390.0,390.0,387.0,234,90618.0,8,936000000.0
SNEP,28/04/2026,SNEP,SNP,393.5,390.0,394.0,389.5,10784,4216847.6,16,936000000.0
SNEP,27/04/2026,SNEP,SNP,392.0,392.0,392.0,387.0,132,51604.7,8,940800000.0
SNEP,24/04/2026,SNEP,SNP,390.05,386.1,393.0,386.0,1052,407689.0,35,926640000.0
SNEP,23/04/2026,SNEP,SNP,397.9,388.0,397.9,386.0,1690,658630.6,45,931200000.0
SNEP,22/04/2026,SNEP,SNP,394.0,392.5,394.0,392.5,367,144510.5,21,942000000.0
SNEP,21/04/2026,SNEP,SNP,396.0,394.0,396.0,392.0,324,127833.0,19,945600000.0
SNEP,20/04/2026,SNEP,SNP,400.0,394.0,400.0,391.0,856,338490.5,29,945600000.0
SNEP,17/04/2026,SNEP,SNP,390.0,400.0,400.0,390.0,4061,1591483.5,105,960000000.0
SNEP,16/04/2026,SNEP,SNP,399.0,395.0,399.0,393.0,2286,903354.3,44,948000000.0
SNEP,15/04/2026,SNEP,SNP,399.0,399.0,399.0,391.0,1011,396757.2,24,957600000.0
SNEP,14/04/2026,SNEP,SNP,400.0,391.1,400.0,391.1,1738,682529.75,43,938640000.0
SNEP,13/04/2026,SNEP,SNP,394.0,387.0,394.0,386.0,1008,391252.8,52,928800000.0
SNEP,10/04/2026,SNEP,SNP,405.0,402.0,405.0,399.9,1147,461001.0,23,964800000.0
SOCIETE DES BOISSONS DU MAROC,03/06/2026,SOCIETE DES BOISSONS DU MAROC,SBM,2349.0,2347.0,2349.0,2347.0,46,108052.0,3,6641195591.0
SOCIETE DES BOISSONS DU MAROC,02/06/2026,SOCIETE DES BOISSONS DU MAROC,SBM,2280.0,2350.0,2350.0,2116.0,132,292909.0,22,6649684550.0
SOCIETE DES BOISSONS DU MAROC,01/06/2026,SOCIETE DES BOISSONS DU MAROC,SBM,2348.0,2350.0,2350.0,2280.0,12,28048.0,6,6649684550.0
SOCIETE DES BOISSONS DU MAROC,26/05/2026,SOCIETE DES BOISSONS DU MAROC,SBM,2280.0,2280.0,2300.0,2280.0,92,209820.0,6,6451608840.0
SOCIETE DES BOISSONS DU MAROC,25/05/2026,SOCIETE DES BOISSONS DU MAROC,SBM,-,2348.0,-,-,-,-,-,6644025244.0
SOCIETE DES BOISSONS DU MAROC,22/05/2026,SOCIETE DES BOISSONS DU MAROC,SBM,2348.0,2348.0,2348.0,2348.0,2,4696.0,1,6644025244.0
SOCIETE DES BOISSONS DU MAROC,21/05/2026,SOCIETE DES BOISSONS DU MAROC,SBM,2240.0,2280.0,2350.0,2240.0,6,13700.0,4,6451608840.0
SOCIETE DES BOISSONS DU MAROC,20/05/2026,SOCIETE DES BOISSONS DU MAROC,SBM,2398.0,2398.0,2398.0,2398.0,25,59950.0,2,6785507894.0
SOCIETE DES BOISSONS DU MAROC,19/05/2026,SOCIETE DES BOISSONS DU MAROC,SBM,2399.0,2399.0,2399.0,2399.0,86,206314.0,2,6788337547.0
SOCIETE DES BOISSONS DU MAROC,18/05/2026,SOCIETE DES BOISSONS DU MAROC,SBM,-,2449.0,-,-,-,-,-,6929820197.0
SOCIETE DES BOISSONS DU MAROC,15/05/2026,SOCIETE DES BOISSONS DU MAROC,SBM,-,2449.0,-,-,-,-,-,6929820197.0
SOCIETE DES BOISSONS DU MAROC,14/05/2026,SOCIETE DES BOISSONS DU MAROC,SBM,2449.0,2449.0,2449.0,2449.0,25,61225.0,7,6929820197.0
SOCIETE DES BOISSONS DU MAROC,13/05/2026,SOCIETE DES BOISSONS DU MAROC,SBM,2409.0,2409.0,2409.0,2409.0,2,4818.0,1,6816634077.0
SOCIETE DES BOISSONS DU MAROC,12/05/2026,SOCIETE DES BOISSONS DU MAROC,SBM,2419.0,2419.0,2419.0,2419.0,15,36285.0,2,6844930607.0
SOCIETE DES BOISSONS DU MAROC,11/05/2026,SOCIETE DES BOISSONS DU MAROC,SBM,2436.0,2400.0,2436.0,2225.0,15,34286.0,7,6791167200.0
SOCIETE DES BOISSONS DU MAROC,08/05/2026,SOCIETE DES BOISSONS DU MAROC,SBM,-,2450.0,-,-,-,-,-,6932649850.0
SOCIETE DES BOISSONS DU MAROC,07/05/2026,SOCIETE DES BOISSONS DU MAROC,SBM,-,2450.0,-,-,-,-,-,6932649850.0
SOCIETE DES BOISSONS DU MAROC,06/05/2026,SOCIETE DES BOISSONS DU MAROC,SBM,2395.0,2450.0,2450.0,2395.0,184,448424.0,13,6932649850.0
SOCIETE DES BOISSONS DU MAROC,05/05/2026,SOCIETE DES BOISSONS DU MAROC,SBM,2395.0,2400.0,2400.0,2395.0,166,398336.0,8,6791167200.0
SOCIETE DES BOISSONS DU MAROC,04/05/2026,SOCIETE DES BOISSONS DU MAROC,SBM,2350.0,2400.0,2400.0,2350.0,450,1072535.0,9,6791167200.0
SOCIETE DES BOISSONS DU MAROC,30/04/2026,SOCIETE DES BOISSONS DU MAROC,SBM,2350.0,2380.0,2380.0,2350.0,234,555590.0,14,6734574140.0
SOCIETE DES BOISSONS DU MAROC,29/04/2026,SOCIETE DES BOISSONS DU MAROC,SBM,-,2364.0,-,-,-,-,-,6689299692.0
SOCIETE DES BOISSONS DU MAROC,28/04/2026,SOCIETE DES BOISSONS DU MAROC,SBM,2361.0,2364.0,2364.0,2361.0,44,103935.0,4,6689299692.0
SOCIETE DES BOISSONS DU MAROC,27/04/2026,SOCIETE DES BOISSONS DU MAROC,SBM,-,2363.0,-,-,-,-,-,6686470039.0
SOCIETE DES BOISSONS DU MAROC,24/04/2026,SOCIETE DES BOISSONS DU MAROC,SBM,2363.0,2363.0,2363.0,2363.0,1,2363.0,1,6686470039.0
SOCIETE DES BOISSONS DU MAROC,23/04/2026,SOCIETE DES BOISSONS DU MAROC,SBM,2350.0,2350.0,2350.0,2350.0,2,4700.0,2,6649684550.0
SOCIETE DES BOISSONS DU MAROC,22/04/2026,SOCIETE DES BOISSONS DU MAROC,SBM,2370.0,2367.0,2370.0,2367.0,47,111258.0,4,6697788651.0
SOCIETE DES BOISSONS DU MAROC,21/04/2026,SOCIETE DES BOISSONS DU MAROC,SBM,2369.0,2299.0,2369.0,2299.0,37,85618.0,9,6505372247.0
SOCIETE DES BOISSONS DU MAROC,20/04/2026,SOCIETE DES BOISSONS DU MAROC,SBM,2349.0,2300.0,2380.0,2300.0,161,382059.0,7,6508201900.0
SOCIETE DES BOISSONS DU MAROC,17/04/2026,SOCIETE DES BOISSONS DU MAROC,SBM,2280.0,2350.0,2350.0,2280.0,1003,2356840.0,14,6649684550.0
SOCIETE DES BOISSONS DU MAROC,16/04/2026,SOCIETE DES BOISSONS DU MAROC,SBM,2299.0,2299.0,2299.0,2200.0,462,1018045.0,14,6505372247.0
SOCIETE DES BOISSONS DU MAROC,15/04/2026,SOCIETE DES BOISSONS DU MAROC,SBM,2290.0,2191.0,2290.0,2191.0,9,20016.0,5,6199769723.0
SOCIETE DES BOISSONS DU MAROC,14/04/2026,SOCIETE DES BOISSONS DU MAROC,SBM,-,2300.0,-,-,-,-,-,6508201900.0
SOCIETE DES BOISSONS DU MAROC,13/04/2026,SOCIETE DES BOISSONS DU MAROC,SBM,-,2300.0,-,-,-,-,-,6508201900.0
SOCIETE DES BOISSONS DU MAROC,10/04/2026,SOCIETE DES BOISSONS DU MAROC,SBM,2200.0,2300.0,2300.0,2200.0,913,2060735.0,19,6508201900.0
SODEP-Marsa Maroc,03/06/2026,SODEP-Marsa Maroc,MSA,823.0,816.5,830.0,816.5,784,641879.6,78,59927507400.0
SODEP-Marsa Maroc,02/06/2026,SODEP-Marsa Maroc,MSA,824.0,820.2,850.0,820.0,36016,29663383.6,153,60199071120.0
SODEP-Marsa Maroc,01/06/2026,SODEP-Marsa Maroc,MSA,845.0,839.0,845.0,830.0,11047,9251452.1,114,61578908400.0
SODEP-Marsa Maroc,26/05/2026,SODEP-Marsa Maroc,MSA,868.0,822.6,868.0,822.6,7298,6057452.6,151,60375220560.0
SODEP-Marsa Maroc,25/05/2026,SODEP-Marsa Maroc,MSA,850.0,851.0,869.0,841.0,21509,18234556.7,116,62459655600.0
SODEP-Marsa Maroc,22/05/2026,SODEP-Marsa Maroc,MSA,823.0,819.0,825.0,815.0,7278,5968717.6,100,60110996400.0
SODEP-Marsa Maroc,21/05/2026,SODEP-Marsa Maroc,MSA,810.0,820.0,824.9,810.0,9096,7449103.6,78,60184392000.0
SODEP-Marsa Maroc,20/05/2026,SODEP-Marsa Maroc,MSA,810.0,805.2,829.9,805.0,9888,7977637.4,239,59098137120.0
SODEP-Marsa Maroc,19/05/2026,SODEP-Marsa Maroc,MSA,837.7,817.0,837.7,817.0,23574,19498116.5,156,59964205200.0
SODEP-Marsa Maroc,18/05/2026,SODEP-Marsa Maroc,MSA,838.0,828.0,838.0,813.0,17898,14818163.0,153,60771556800.0
SODEP-Marsa Maroc,15/05/2026,SODEP-Marsa Maroc,MSA,839.0,832.0,849.0,817.0,6098,5054781.1,190,61065139200.0
SODEP-Marsa Maroc,14/05/2026,SODEP-Marsa Maroc,MSA,845.0,840.0,849.0,838.0,9685,8157113.7,136,61652304000.0
SODEP-Marsa Maroc,13/05/2026,SODEP-Marsa Maroc,MSA,850.0,843.0,864.9,843.0,5857,4971551.2,232,61872490800.0
SODEP-Marsa Maroc,12/05/2026,SODEP-Marsa Maroc,MSA,856.0,859.9,865.0,856.0,844,724822.4,82,63112876440.0
SODEP-Marsa Maroc,11/05/2026,SODEP-Marsa Maroc,MSA,870.1,866.1,875.0,860.0,5865,5103897.8,135,63567929160.0
SODEP-Marsa Maroc,08/05/2026,SODEP-Marsa Maroc,MSA,880.0,879.8,880.0,876.0,2610,2293208.0,81,64573448880.0
SODEP-Marsa Maroc,07/05/2026,SODEP-Marsa Maroc,MSA,880.0,880.0,899.9,876.2,25452,22402683.4,176,64588128000.0
SODEP-Marsa Maroc,06/05/2026,SODEP-Marsa Maroc,MSA,850.0,870.0,880.0,847.0,30605,26640371.4,237,63854172000.0
SODEP-Marsa Maroc,05/05/2026,SODEP-Marsa Maroc,MSA,838.0,834.2,843.8,834.0,9130,7620628.2,122,61226609520.0
SODEP-Marsa Maroc,04/05/2026,SODEP-Marsa Maroc,MSA,832.0,838.0,850.0,832.0,15107,12677820.9,167,61505512800.0
SODEP-Marsa Maroc,30/04/2026,SODEP-Marsa Maroc,MSA,845.0,835.0,845.0,830.1,15153,12693548.2,225,61285326000.0
SODEP-Marsa Maroc,29/04/2026,SODEP-Marsa Maroc,MSA,865.0,852.5,865.0,847.0,8442,7188396.0,170,62569749000.0
SODEP-Marsa Maroc,28/04/2026,SODEP-Marsa Maroc,MSA,869.9,859.0,869.9,859.0,186896,161446209.7,116,63046820400.0
SODEP-Marsa Maroc,27/04/2026,SODEP-Marsa Maroc,MSA,869.0,860.0,877.0,860.0,6000,5178306.1,123,63120216000.0
SODEP-Marsa Maroc,24/04/2026,SODEP-Marsa Maroc,MSA,873.0,868.9,884.6,868.9,46376,40370277.9,264,63773436840.0
SODEP-Marsa Maroc,23/04/2026,SODEP-Marsa Maroc,MSA,890.5,885.0,896.0,880.0,21623,19208948.1,136,64955106000.0
SODEP-Marsa Maroc,22/04/2026,SODEP-Marsa Maroc,MSA,892.0,890.0,900.0,890.0,25132,22453994.0,137,65322084000.0
SODEP-Marsa Maroc,21/04/2026,SODEP-Marsa Maroc,MSA,882.0,900.0,914.9,882.0,47981,43333580.5,264,66056040000.0
SODEP-Marsa Maroc,20/04/2026,SODEP-Marsa Maroc,MSA,869.1,884.5,885.0,855.0,8725,7636156.7,240,64918408200.0
SODEP-Marsa Maroc,17/04/2026,SODEP-Marsa Maroc,MSA,854.0,895.0,914.0,845.1,147638,130552979.6,407,65689062000.0
SODEP-Marsa Maroc,16/04/2026,SODEP-Marsa Maroc,MSA,849.9,850.2,853.0,847.1,13244,11248201.2,124,62400939120.0
SODEP-Marsa Maroc,15/04/2026,SODEP-Marsa Maroc,MSA,838.1,844.0,855.0,838.1,51669,43921240.5,262,61945886400.0
SODEP-Marsa Maroc,14/04/2026,SODEP-Marsa Maroc,MSA,817.0,838.0,842.0,816.3,73388,61394970.7,238,61505512800.0
SODEP-Marsa Maroc,13/04/2026,SODEP-Marsa Maroc,MSA,800.0,815.0,819.0,800.0,21632,17589217.8,209,59817414000.0
SODEP-Marsa Maroc,10/04/2026,SODEP-Marsa Maroc,MSA,815.0,832.0,832.0,815.0,34384,28446982.9,187,61065139200.0
SONASID,03/06/2026,SONASID,SID,2000.0,1980.0,2000.0,1980.0,1516,3005496.0,39,7722000000.0
SONASID,02/06/2026,SONASID,SID,2006.0,1990.0,2049.0,1990.0,773,1544424.0,73,7761000000.0
SONASID,01/06/2026,SONASID,SID,2000.0,2015.0,2092.0,1999.0,825,1662097.0,38,7858500000.0
SONASID,26/05/2026,SONASID,SID,2130.0,2110.0,2130.0,2061.0,835,1772499.0,32,8229000000.0
SONASID,25/05/2026,SONASID,SID,2055.0,2066.0,2130.0,2055.0,268,560420.0,27,8057400000.0
SONASID,22/05/2026,SONASID,SID,2042.0,2030.0,2042.0,2010.0,304,616727.0,22,7917000000.0
SONASID,21/05/2026,SONASID,SID,2000.0,2050.0,2050.0,1990.0,85,172502.0,17,7995000000.0
SONASID,20/05/2026,SONASID,SID,2061.0,1990.0,2065.0,1990.0,2898,5795205.0,45,7761000000.0
SONASID,19/05/2026,SONASID,SID,2100.0,2086.0,2170.0,2086.0,1444,3024090.0,28,8135400000.0
SONASID,18/05/2026,SONASID,SID,2101.0,2115.0,2116.0,2060.0,262,548799.0,35,8248500000.0
SONASID,15/05/2026,SONASID,SID,2220.0,2105.0,2220.0,2105.0,782,1657426.0,45,8209500000.0
SONASID,14/05/2026,SONASID,SID,2220.0,2200.0,2249.0,2200.0,150,330732.0,29,8580000000.0
SONASID,13/05/2026,SONASID,SID,2230.0,2215.0,2250.0,2202.0,563,1250086.0,43,8638500000.0
SONASID,12/05/2026,SONASID,SID,2260.0,2250.0,2280.0,2200.0,608,1357913.0,60,8775000000.0
SONASID,11/05/2026,SONASID,SID,2299.0,2249.0,2349.0,2200.0,5707,12774454.0,150,8771100000.0
SONASID,08/05/2026,SONASID,SID,2146.0,2245.0,2294.0,2146.0,8409,18561562.0,167,8755500000.0
SONASID,07/05/2026,SONASID,SID,2148.0,2146.0,2148.0,2100.0,434,924032.0,22,8369400000.0
SONASID,06/05/2026,SONASID,SID,2122.0,2147.0,2148.0,2122.0,1208,2568057.0,14,8373300000.0
SONASID,05/05/2026,SONASID,SID,2100.0,2100.0,2100.0,2099.0,829,1740896.0,19,8190000000.0
SONASID,04/05/2026,SONASID,SID,2097.0,2100.0,2100.0,2039.0,647,1353280.0,24,8190000000.0
SONASID,30/04/2026,SONASID,SID,2016.0,2066.0,2079.0,2000.0,2485,5101462.0,20,8057400000.0
SONASID,29/04/2026,SONASID,SID,2057.0,2050.0,2098.0,2050.0,204,422555.0,12,7995000000.0
SONASID,28/04/2026,SONASID,SID,2088.0,2088.0,2120.0,2088.0,30,62732.0,8,8143200000.0
SONASID,27/04/2026,SONASID,SID,2100.0,2125.0,2129.0,2080.0,115,240646.0,17,8287500000.0
SONASID,24/04/2026,SONASID,SID,2080.0,2100.0,2128.0,2080.0,383,807875.0,40,8190000000.0
SONASID,23/04/2026,SONASID,SID,2091.0,2150.0,2150.0,2091.0,51,108642.0,13,8385000000.0
SONASID,22/04/2026,SONASID,SID,2101.0,2153.0,2153.0,2101.0,361,770715.0,26,8396700000.0
SONASID,21/04/2026,SONASID,SID,2075.0,2150.0,2189.0,2075.0,277,597168.0,27,8385000000.0
SONASID,20/04/2026,SONASID,SID,2080.0,2132.0,2195.0,2079.0,687,1454524.0,57,8314800000.0
SONASID,17/04/2026,SONASID,SID,2069.0,2200.0,2200.0,2001.0,2415,5265882.0,63,8580000000.0
SONASID,16/04/2026,SONASID,SID,2069.0,2030.0,2069.0,2000.0,587,1185899.0,33,7917000000.0
SONASID,15/04/2026,SONASID,SID,2078.0,2000.0,2125.0,1950.0,1614,3307203.0,99,7800000000.0
SONASID,14/04/2026,SONASID,SID,1989.0,2078.0,2080.0,1915.0,440,893602.0,44,8104200000.0
SONASID,13/04/2026,SONASID,SID,1989.0,1950.0,2000.0,1924.0,490,958812.0,30,7605000000.0
SONASID,10/04/2026,SONASID,SID,1901.0,2000.0,2000.0,1901.0,2146,4230896.0,47,7800000000.0
SOTHEMA,03/06/2026,SOTHEMA,SOT,380.0,375.0,380.0,375.0,2142,812166.95,23,14366062500.0
SOTHEMA,02/06/2026,SOTHEMA,SOT,386.0,382.0,387.5,380.0,2021,773566.9,31,14634229000.0
SOTHEMA,01/06/2026,SOTHEMA,SOT,377.0,395.0,395.0,361.5,2212,867865.2,47,15132252500.0
SOTHEMA,26/05/2026,SOTHEMA,SOT,374.0,377.0,379.0,360.0,727,265693.4,40,14442681500.0
SOTHEMA,25/05/2026,SOTHEMA,SOT,382.8,379.0,382.8,369.0,2183,829631.75,15,14519300500.0
SOTHEMA,22/05/2026,SOTHEMA,SOT,371.0,380.0,380.0,360.0,5304,2013699.0,30,14557610000.0
SOTHEMA,21/05/2026,SOTHEMA,SOT,370.0,369.0,374.9,359.0,3199,1171412.9,28,14136205500.0
SOTHEMA,20/05/2026,SOTHEMA,SOT,375.0,369.9,375.0,360.1,464,172017.2,22,14170684050.0
SOTHEMA,19/05/2026,SOTHEMA,SOT,369.0,373.0,375.0,368.9,1121,416830.3,24,14289443500.0
SOTHEMA,18/05/2026,SOTHEMA,SOT,369.95,369.95,370.0,360.05,180,65609.7,18,14172599525.0
SOTHEMA,15/05/2026,SOTHEMA,SOT,374.5,374.0,374.5,360.0,2876,1071316.25,47,14327753000.0
SOTHEMA,14/05/2026,SOTHEMA,SOT,370.0,370.0,374.0,360.0,11871,4377677.55,59,14174515000.0
SOTHEMA,13/05/2026,SOTHEMA,SOT,374.0,364.0,374.0,362.7,739,272044.0,59,13944658000.0
SOTHEMA,12/05/2026,SOTHEMA,SOT,374.0,370.0,375.0,370.0,8993,3329318.75,61,14174515000.0
SOTHEMA,11/05/2026,SOTHEMA,SOT,377.95,373.0,383.0,373.0,3169,1200126.8,72,14289443500.0
SOTHEMA,08/05/2026,SOTHEMA,SOT,382.9,378.85,382.9,372.0,2075,781669.15,68,14513554075.0
SOTHEMA,07/05/2026,SOTHEMA,SOT,386.0,385.0,386.0,378.0,4008,1541229.95,92,14749157500.0
SOTHEMA,06/05/2026,SOTHEMA,SOT,386.0,383.95,386.0,375.0,16697,6420092.35,200,14708932525.0
SOTHEMA,05/05/2026,SOTHEMA,SOT,373.0,368.0,373.0,362.0,2480,911570.4,172,14097896000.0
SOTHEMA,04/05/2026,SOTHEMA,SOT,1681.0,1700.0,1779.0,1681.0,576,990283.0,51,13025230000.0
SOTHEMA,30/04/2026,SOTHEMA,SOT,1715.0,1700.0,1728.0,1700.0,140,238686.0,29,13025230000.0
SOTHEMA,29/04/2026,SOTHEMA,SOT,1737.0,1721.0,1737.0,1721.0,141,242920.0,11,13186129900.0
SOTHEMA,28/04/2026,SOTHEMA,SOT,1706.0,1717.0,1754.0,1706.0,327,562408.0,27,13155482300.0
SOTHEMA,27/04/2026,SOTHEMA,SOT,1700.0,1761.0,1776.0,1700.0,279,476335.0,29,13492605900.0
SOTHEMA,24/04/2026,SOTHEMA,SOT,1806.0,1700.0,1807.0,1700.0,4013,6823913.0,68,13025230000.0
SOTHEMA,23/04/2026,SOTHEMA,SOT,1734.0,1806.0,1808.0,1734.0,559,997798.0,10,13837391400.0
SOTHEMA,22/04/2026,SOTHEMA,SOT,1785.0,1785.0,1785.0,1785.0,1,1785.0,1,13676491500.0
SOTHEMA,21/04/2026,SOTHEMA,SOT,1760.0,1795.0,1799.0,1721.0,106,185468.0,14,13753110500.0
SOTHEMA,20/04/2026,SOTHEMA,SOT,1779.0,1800.0,1800.0,1779.0,32,56970.0,4,13791420000.0
SOTHEMA,17/04/2026,SOTHEMA,SOT,1789.0,1800.0,1800.0,1775.0,653,1173661.0,21,13791420000.0
SOTHEMA,16/04/2026,SOTHEMA,SOT,1800.0,1716.0,1808.0,1701.0,307,528144.0,25,13147820400.0
SOTHEMA,15/04/2026,SOTHEMA,SOT,1800.0,1795.0,1815.0,1757.0,435,781853.0,27,13753110500.0
SOTHEMA,14/04/2026,SOTHEMA,SOT,1750.0,1798.0,1830.0,1750.0,161,283442.0,13,13776096200.0
SOTHEMA,13/04/2026,SOTHEMA,SOT,1626.0,1749.0,1850.0,1626.0,124,219349.0,31,13400663100.0
SOTHEMA,10/04/2026,SOTHEMA,SOT,1660.0,1730.0,1779.0,1660.0,188,316961.0,30,13255087000.0
STOKVIS NORD AFRIQUE,03/06/2026,STOKVIS NORD AFRIQUE,SNA,73.76,73.86,73.86,72.0,12510,913419.76,185,1306963779.0
STOKVIS NORD AFRIQUE,02/06/2026,STOKVIS NORD AFRIQUE,SNA,81.39,74.3,81.39,73.0,48826,3651083.98,534,1314749645.0
STOKVIS NORD AFRIQUE,01/06/2026,STOKVIS NORD AFRIQUE,SNA,82.8,80.5,82.8,79.95,4643,374142.77,106,1424459575.0
STOKVIS NORD AFRIQUE,26/05/2026,STOKVIS NORD AFRIQUE,SNA,82.0,81.0,83.0,81.0,4515,368517.64,75,1433307150.0
STOKVIS NORD AFRIQUE,25/05/2026,STOKVIS NORD AFRIQUE,SNA,84.8,83.0,85.0,81.18,6499,541683.81,117,1468697450.0
STOKVIS NORD AFRIQUE,22/05/2026,STOKVIS NORD AFRIQUE,SNA,80.0,81.99,82.0,80.0,1030,83805.76,31,1450825348.5
STOKVIS NORD AFRIQUE,21/05/2026,STOKVIS NORD AFRIQUE,SNA,79.3,81.5,83.0,79.3,2482,201973.89,51,1442154725.0
STOKVIS NORD AFRIQUE,20/05/2026,STOKVIS NORD AFRIQUE,SNA,81.87,80.0,81.99,78.9,5967,477735.88,96,1415612000.0
STOKVIS NORD AFRIQUE,19/05/2026,STOKVIS NORD AFRIQUE,SNA,81.51,81.53,83.9,81.51,9492,776274.77,98,1442685579.5
STOKVIS NORD AFRIQUE,18/05/2026,STOKVIS NORD AFRIQUE,SNA,83.2,82.1,84.95,81.0,16256,1342866.82,121,1452771815.0
STOKVIS NORD AFRIQUE,15/05/2026,STOKVIS NORD AFRIQUE,SNA,85.78,84.49,85.78,83.2,9351,786908.72,93,1495063223.5
STOKVIS NORD AFRIQUE,14/05/2026,STOKVIS NORD AFRIQUE,SNA,86.0,85.49,86.0,84.01,7816,661877.94,69,1512758373.5
STOKVIS NORD AFRIQUE,13/05/2026,STOKVIS NORD AFRIQUE,SNA,87.0,85.4,87.0,85.01,13731,1177573.67,113,1511165810.0
STOKVIS NORD AFRIQUE,12/05/2026,STOKVIS NORD AFRIQUE,SNA,87.85,88.0,88.0,85.55,22992,2010302.55,127,1557173200.0
STOKVIS NORD AFRIQUE,11/05/2026,STOKVIS NORD AFRIQUE,SNA,85.0,87.5,88.45,85.0,31527,2756384.0,164,1548325625.0
STOKVIS NORD AFRIQUE,08/05/2026,STOKVIS NORD AFRIQUE,SNA,86.2,86.99,87.0,85.02,8338,718084.77,105,1539301098.5
STOKVIS NORD AFRIQUE,07/05/2026,STOKVIS NORD AFRIQUE,SNA,86.9,88.0,90.4,86.53,22829,2026474.06,182,1557173200.0
STOKVIS NORD AFRIQUE,06/05/2026,STOKVIS NORD AFRIQUE,SNA,82.5,86.39,86.96,82.01,26393,2244374.94,264,1528684008.5
STOKVIS NORD AFRIQUE,05/05/2026,STOKVIS NORD AFRIQUE,SNA,82.0,80.5,82.0,78.0,8568,682878.1,111,1424459575.0
STOKVIS NORD AFRIQUE,04/05/2026,STOKVIS NORD AFRIQUE,SNA,82.99,82.47,83.29,80.85,3990,327878.39,79,1459319020.5
STOKVIS NORD AFRIQUE,30/04/2026,STOKVIS NORD AFRIQUE,SNA,81.44,80.5,81.44,78.3,16204,1288290.32,185,1424459575.0
STOKVIS NORD AFRIQUE,29/04/2026,STOKVIS NORD AFRIQUE,SNA,84.0,81.07,84.0,81.0,22236,1824210.69,242,1434545810.5
STOKVIS NORD AFRIQUE,28/04/2026,STOKVIS NORD AFRIQUE,SNA,86.5,83.97,87.0,83.97,24356,2063550.91,233,1485861745.5
STOKVIS NORD AFRIQUE,27/04/2026,STOKVIS NORD AFRIQUE,SNA,88.88,87.49,88.88,86.05,2120,185664.6,44,1548148673.5
STOKVIS NORD AFRIQUE,24/04/2026,STOKVIS NORD AFRIQUE,SNA,86.1,86.99,88.49,86.1,12822,1110363.44,167,1539301098.5
STOKVIS NORD AFRIQUE,23/04/2026,STOKVIS NORD AFRIQUE,SNA,89.0,88.09,89.0,86.61,5880,515453.24,79,1558765763.5
STOKVIS NORD AFRIQUE,22/04/2026,STOKVIS NORD AFRIQUE,SNA,89.5,88.1,91.49,88.1,14825,1321411.5,186,1558942715.0
STOKVIS NORD AFRIQUE,21/04/2026,STOKVIS NORD AFRIQUE,SNA,87.89,88.91,93.5,87.5,48125,4342315.0,407,1573275786.5
STOKVIS NORD AFRIQUE,20/04/2026,STOKVIS NORD AFRIQUE,SNA,88.0,87.48,88.0,82.55,34561,2977671.55,333,1547971722.0
STOKVIS NORD AFRIQUE,17/04/2026,STOKVIS NORD AFRIQUE,SNA,81.2,89.6,89.64,81.1,116727,10208958.82,535,1585485440.0
STOKVIS NORD AFRIQUE,16/04/2026,STOKVIS NORD AFRIQUE,SNA,81.11,81.5,85.9,81.11,86242,7141118.24,619,1442154725.0
STOKVIS NORD AFRIQUE,15/04/2026,STOKVIS NORD AFRIQUE,SNA,72.5,79.19,79.19,72.5,32206,2483218.31,221,1401278928.5
STOKVIS NORD AFRIQUE,14/04/2026,STOKVIS NORD AFRIQUE,SNA,70.64,72.0,72.0,68.55,27582,1963048.2,200,1274050800.0
STOKVIS NORD AFRIQUE,13/04/2026,STOKVIS NORD AFRIQUE,SNA,70.0,69.0,71.0,67.67,22822,1580160.97,225,1220965350.0
STOKVIS NORD AFRIQUE,10/04/2026,STOKVIS NORD AFRIQUE,SNA,71.01,72.0,72.5,71.0,14032,1007198.73,144,1274050800.0
TAQA MOROCCO,03/06/2026,TAQA MOROCCO,TQM,1750.0,1750.0,1750.0,1740.0,381,665842.0,55,41279948500.0
TAQA MOROCCO,02/06/2026,TAQA MOROCCO,TQM,1760.0,1746.0,1760.0,1745.0,421,736492.0,64,41185594332.0
TAQA MOROCCO,01/06/2026,TAQA MOROCCO,TQM,1820.0,1760.0,1820.0,1750.0,1193,2101036.0,66,41515833920.0
TAQA MOROCCO,26/05/2026,TAQA MOROCCO,TQM,1820.0,1809.0,1820.0,1796.0,409,740526.0,29,42671672478.0
TAQA MOROCCO,25/05/2026,TAQA MOROCCO,TQM,1800.0,1800.0,1823.0,1795.0,610,1105504.0,37,42459375600.0
TAQA MOROCCO,22/05/2026,TAQA MOROCCO,TQM,1750.0,1788.0,1789.0,1750.0,383,670592.0,25,42176313096.0
TAQA MOROCCO,21/05/2026,TAQA MOROCCO,TQM,1750.0,1740.0,1750.0,1721.0,474,825053.0,25,41044063080.0
TAQA MOROCCO,20/05/2026,TAQA MOROCCO,TQM,1745.0,1729.0,1750.0,1729.0,444,769814.0,60,40784589118.0
TAQA MOROCCO,19/05/2026,TAQA MOROCCO,TQM,1760.0,1745.0,1760.0,1745.0,672,1177608.0,34,41162005790.0
TAQA MOROCCO,18/05/2026,TAQA MOROCCO,TQM,1784.0,1760.0,1789.0,1743.0,392,693827.0,37,41515833920.0
TAQA MOROCCO,15/05/2026,TAQA MOROCCO,TQM,1750.0,1740.0,1760.0,1735.0,268,467752.0,53,41044063080.0
TAQA MOROCCO,14/05/2026,TAQA MOROCCO,TQM,1790.0,1750.0,1790.0,1750.0,1673,2935590.0,106,41279948500.0
TAQA MOROCCO,13/05/2026,TAQA MOROCCO,TQM,1790.0,1759.0,1790.0,1755.0,2982,5259916.0,83,41492245378.0
TAQA MOROCCO,12/05/2026,TAQA MOROCCO,TQM,1790.0,1780.0,1800.0,1775.0,2859,5104076.0,80,41987604760.0
TAQA MOROCCO,11/05/2026,TAQA MOROCCO,TQM,1823.0,1790.0,1823.0,1785.0,755,1354453.0,60,42223490180.0
TAQA MOROCCO,08/05/2026,TAQA MOROCCO,TQM,1802.0,1799.0,1817.0,1791.0,690,1241961.0,42,42435787058.0
TAQA MOROCCO,07/05/2026,TAQA MOROCCO,TQM,1810.0,1800.0,1823.0,1790.0,290,522542.0,36,42459375600.0
TAQA MOROCCO,06/05/2026,TAQA MOROCCO,TQM,1800.0,1800.0,1835.0,1785.0,1090,1964661.0,112,42459375600.0
TAQA MOROCCO,05/05/2026,TAQA MOROCCO,TQM,1830.0,1800.0,1840.0,1799.0,1597,2878792.0,72,42459375600.0
TAQA MOROCCO,04/05/2026,TAQA MOROCCO,TQM,1854.0,1845.0,1854.0,1780.0,962,1764950.0,68,43520859990.0
TAQA MOROCCO,30/04/2026,TAQA MOROCCO,TQM,1830.0,1800.0,1832.0,1780.0,9969,17799510.0,107,42459375600.0
TAQA MOROCCO,29/04/2026,TAQA MOROCCO,TQM,1870.0,1849.0,1870.0,1830.0,194,358310.0,28,43615214158.0
TAQA MOROCCO,28/04/2026,TAQA MOROCCO,TQM,1878.0,1850.0,1878.0,1820.0,22224,41011460.0,74,43638802700.0
TAQA MOROCCO,27/04/2026,TAQA MOROCCO,TQM,1850.0,1850.0,1879.0,1850.0,344,637785.0,32,43638802700.0
TAQA MOROCCO,24/04/2026,TAQA MOROCCO,TQM,1875.0,1850.0,1879.0,1850.0,5915,10947404.0,72,43638802700.0
TAQA MOROCCO,23/04/2026,TAQA MOROCCO,TQM,1893.0,1875.0,1893.0,1870.0,288,542891.0,37,44228516250.0
TAQA MOROCCO,22/04/2026,TAQA MOROCCO,TQM,1855.0,1900.0,1900.0,1855.0,665,1240985.0,29,44818229800.0
TAQA MOROCCO,21/04/2026,TAQA MOROCCO,TQM,1880.0,1880.0,1880.0,1870.0,1525,2861272.0,55,44346458960.0
TAQA MOROCCO,20/04/2026,TAQA MOROCCO,TQM,1879.0,1879.0,1880.0,1825.0,2698,4960291.0,74,44322870418.0
TAQA MOROCCO,17/04/2026,TAQA MOROCCO,TQM,1855.0,1880.0,1921.0,1850.0,11052,20716815.0,98,44346458960.0
TAQA MOROCCO,16/04/2026,TAQA MOROCCO,TQM,1899.0,1870.0,1899.0,1870.0,2075,3884311.0,53,44110573540.0
TAQA MOROCCO,15/04/2026,TAQA MOROCCO,TQM,1929.0,1886.0,1940.0,1873.0,11227,21202945.0,71,44487990212.0
TAQA MOROCCO,14/04/2026,TAQA MOROCCO,TQM,1900.0,1859.0,1945.0,1859.0,4587,8622333.0,116,43851099578.0
TAQA MOROCCO,13/04/2026,TAQA MOROCCO,TQM,1850.0,1870.0,1940.0,1820.0,2864,5395877.0,141,44110573540.0
TAQA MOROCCO,10/04/2026,TAQA MOROCCO,TQM,1830.0,1864.0,1864.0,1830.0,1301,2411183.0,64,43969042288.0
STROC INDUSTRIE,03/06/2026,STROC INDUSTRIE,STR,186.0,189.95,189.95,181.0,467,86168.05,39,237155424.25
STROC INDUSTRIE,02/06/2026,STROC INDUSTRIE,STR,195.0,189.95,197.1,185.0,2549,482060.15,98,237155424.25
STROC INDUSTRIE,01/06/2026,STROC INDUSTRIE,STR,200.0,197.0,200.0,195.0,2232,440763.7,86,245957455.0
STROC INDUSTRIE,26/05/2026,STROC INDUSTRIE,STR,202.0,205.0,207.0,202.0,634,128885.75,23,255945575.0
STROC INDUSTRIE,25/05/2026,STROC INDUSTRIE,STR,209.9,205.0,210.0,200.0,1458,302515.85,40,255945575.0
STROC INDUSTRIE,22/05/2026,STROC INDUSTRIE,STR,198.05,202.0,203.95,198.05,602,121437.7,27,252200030.0
STROC INDUSTRIE,21/05/2026,STROC INDUSTRIE,STR,195.5,203.95,203.95,195.0,940,186182.1,40,254634634.25
STROC INDUSTRIE,20/05/2026,STROC INDUSTRIE,STR,196.1,198.0,200.0,196.0,1926,381290.5,55,247205970.0
STROC INDUSTRIE,19/05/2026,STROC INDUSTRIE,STR,206.5,200.0,213.0,200.0,3231,656701.75,102,249703000.0
STROC INDUSTRIE,18/05/2026,STROC INDUSTRIE,STR,215.0,214.0,215.0,200.0,4576,933630.8,94,267182210.0
STROC INDUSTRIE,15/05/2026,STROC INDUSTRIE,STR,224.0,215.0,229.0,215.0,3814,835650.05,66,268430725.0
STROC INDUSTRIE,14/05/2026,STROC INDUSTRIE,STR,229.0,224.0,229.0,216.05,3121,682567.95,82,279667360.0
STROC INDUSTRIE,13/05/2026,STROC INDUSTRIE,STR,228.9,228.7,232.0,222.25,9253,2102906.0,118,285535380.5
STROC INDUSTRIE,12/05/2026,STROC INDUSTRIE,STR,230.0,223.1,230.0,223.1,4495,1014287.15,85,278543696.5
STROC INDUSTRIE,11/05/2026,STROC INDUSTRIE,STR,226.0,231.3,237.0,225.7,17327,4018009.55,200,288781519.5
STROC INDUSTRIE,08/05/2026,STROC INDUSTRIE,STR,222.0,224.0,225.9,220.2,5239,1169250.8,100,279667360.0
STROC INDUSTRIE,07/05/2026,STROC INDUSTRIE,STR,228.0,227.0,229.95,222.05,5827,1320716.85,138,283412905.0
STROC INDUSTRIE,06/05/2026,STROC INDUSTRIE,STR,196.0,218.5,218.5,196.0,21135,4457982.7,219,272800527.5
STROC INDUSTRIE,05/05/2026,STROC INDUSTRIE,STR,197.0,199.0,199.0,195.0,170,33273.5,14,248454485.0
STROC INDUSTRIE,04/05/2026,STROC INDUSTRIE,STR,195.0,196.4,209.7,195.0,926,187505.55,28,245208346.0
STROC INDUSTRIE,30/04/2026,STROC INDUSTRIE,STR,195.2,195.0,198.0,195.0,1009,197264.6,48,243460425.0
STROC INDUSTRIE,29/04/2026,STROC INDUSTRIE,STR,205.0,199.9,205.0,197.0,1495,299145.95,58,249578148.5
STROC INDUSTRIE,28/04/2026,STROC INDUSTRIE,STR,203.1,206.5,207.95,203.1,317,65030.5,18,257818347.5
STROC INDUSTRIE,27/04/2026,STROC INDUSTRIE,STR,210.0,208.5,210.0,203.0,356,72647.2,21,260315377.5
STROC INDUSTRIE,24/04/2026,STROC INDUSTRIE,STR,207.0,204.05,208.9,201.0,2637,538328.3,101,254759485.75
STROC INDUSTRIE,23/04/2026,STROC INDUSTRIE,STR,212.0,210.5,213.0,210.0,843,177776.1,35,262812407.5
STROC INDUSTRIE,22/04/2026,STROC INDUSTRIE,STR,217.0,212.05,219.8,211.4,1464,311811.15,40,264747605.75
STROC INDUSTRIE,21/04/2026,STROC INDUSTRIE,STR,215.95,215.7,221.95,207.0,4442,958718.65,129,269304685.5
STROC INDUSTRIE,20/04/2026,STROC INDUSTRIE,STR,202.0,211.0,214.9,201.1,4351,908455.2,117,263436665.0
STROC INDUSTRIE,17/04/2026,STROC INDUSTRIE,STR,203.0,216.0,218.1,195.1,9476,1973489.15,229,269679240.0
STROC INDUSTRIE,16/04/2026,STROC INDUSTRIE,STR,206.0,201.7,211.8,195.1,11441,2351130.4,243,251825475.5
STROC INDUSTRIE,15/04/2026,STROC INDUSTRIE,STR,185.0,193.5,193.5,180.0,13911,2647803.05,244,241587652.5
STROC INDUSTRIE,14/04/2026,STROC INDUSTRIE,STR,160.0,175.95,175.95,160.0,5461,921581.1,114,219676214.25
STROC INDUSTRIE,13/04/2026,STROC INDUSTRIE,STR,164.0,160.0,164.0,158.0,1527,243920.05,50,199762400.0
STROC INDUSTRIE,10/04/2026,STROC INDUSTRIE,STR,165.0,164.1,165.05,163.0,786,129007.0,29,204881311.5
TGCC S.A,03/06/2026,TGCC S.A,TGC,748.0,742.0,749.0,736.0,53420,39765171.1,344,25728354344.0
TGCC S.A,02/06/2026,TGCC S.A,TGC,758.7,748.0,758.7,746.2,10893,8173796.1,224,25936400336.0
TGCC S.A,01/06/2026,TGCC S.A,TGC,768.9,756.0,768.9,748.0,18298,13807253.9,253,26213794992.0
TGCC S.A,26/05/2026,TGCC S.A,TGC,760.0,745.0,775.0,745.0,21483,16101223.7,477,25832377340.0
TGCC S.A,25/05/2026,TGCC S.A,TGC,770.0,760.0,785.0,760.0,15266,11710837.4,354,26352492320.0
TGCC S.A,22/05/2026,TGCC S.A,TGC,765.0,758.9,768.0,757.0,15997,12154169.4,200,26314350554.8
TGCC S.A,21/05/2026,TGCC S.A,TGC,755.0,760.0,769.0,753.0,11842,8965313.6,210,26352492320.0
TGCC S.A,20/05/2026,TGCC S.A,TGC,760.0,750.0,768.0,750.0,12409,9340077.5,440,26005749000.0
TGCC S.A,19/05/2026,TGCC S.A,TGC,777.0,757.0,780.0,757.0,19036,14624770.1,301,26248469324.0
TGCC S.A,18/05/2026,TGCC S.A,TGC,771.0,770.0,772.2,750.0,21123,16168683.1,404,26699235640.0
TGCC S.A,15/05/2026,TGCC S.A,TGC,780.0,771.0,784.0,770.2,10034,7753461.7,284,26733909972.0
TGCC S.A,14/05/2026,TGCC S.A,TGC,780.0,780.0,790.0,780.0,18903,14768684.8,380,27045978960.0
TGCC S.A,13/05/2026,TGCC S.A,TGC,800.0,782.1,800.0,782.0,13394,10523905.7,357,27118795057.2
TGCC S.A,12/05/2026,TGCC S.A,TGC,798.0,798.0,815.0,795.0,6664,5328236.9,234,27670116936.0
TGCC S.A,11/05/2026,TGCC S.A,TGC,813.0,813.0,817.0,810.0,6807,5520392.8,238,28190231916.0
TGCC S.A,08/05/2026,TGCC S.A,TGC,810.0,825.0,825.0,805.0,16525,13538306.4,288,28606323900.0
TGCC S.A,07/05/2026,TGCC S.A,TGC,820.0,814.9,835.0,814.9,11260,9231104.2,330,28256113146.8
TGCC S.A,06/05/2026,TGCC S.A,TGC,798.0,815.0,815.0,794.0,33712,27327950.7,492,28259580580.0
TGCC S.A,05/05/2026,TGCC S.A,TGC,780.0,778.0,784.0,771.0,11540,8982133.6,181,26976630296.0
TGCC S.A,04/05/2026,TGCC S.A,TGC,770.0,792.0,799.8,770.0,14316,11270168.9,281,27462070944.0
TGCC S.A,30/04/2026,TGCC S.A,TGC,779.0,762.0,779.0,762.0,29536,22725823.2,591,26421840984.0
TGCC S.A,29/04/2026,TGCC S.A,TGC,794.0,787.0,795.0,781.0,21956,17251311.3,317,27288699284.0
TGCC S.A,28/04/2026,TGCC S.A,TGC,795.0,795.0,800.0,790.0,6103,4844331.7,200,27566093940.0
TGCC S.A,27/04/2026,TGCC S.A,TGC,798.0,790.1,813.0,790.1,10025,7970324.9,238,27396189713.2
TGCC S.A,24/04/2026,TGCC S.A,TGC,818.0,795.0,824.0,790.0,53580,42904791.2,611,27566093940.0
TGCC S.A,23/04/2026,TGCC S.A,TGC,825.1,825.0,830.0,815.0,15698,12948453.5,217,28606323900.0
TGCC S.A,22/04/2026,TGCC S.A,TGC,840.0,829.9,840.0,822.0,4653,3868190.7,238,28776228126.8
TGCC S.A,21/04/2026,TGCC S.A,TGC,825.0,835.0,838.0,825.0,18600,15465482.3,340,28953067220.0
TGCC S.A,20/04/2026,TGCC S.A,TGC,815.0,830.1,833.0,802.0,31123,25691690.1,421,28783162993.2
TGCC S.A,17/04/2026,TGCC S.A,TGC,793.9,845.0,850.0,790.0,85409,71016141.5,702,29299810540.0
TGCC S.A,16/04/2026,TGCC S.A,TGC,800.0,793.8,800.0,790.0,4412,3504452.4,213,27524484741.6
TGCC S.A,15/04/2026,TGCC S.A,TGC,795.0,790.0,815.0,790.0,26448,21163289.5,472,27392722280.0
TGCC S.A,14/04/2026,TGCC S.A,TGC,770.0,789.5,794.0,764.0,54185,41991854.5,393,27375385114.0
TGCC S.A,13/04/2026,TGCC S.A,TGC,764.0,755.0,764.0,742.2,11079,8370085.9,301,26179120660.0
TGCC S.A,10/04/2026,TGCC S.A,TGC,765.0,775.0,779.0,763.0,61308,47152757.3,334,26872607300.0
TOTALENERGIES MARKETING MAROC,03/06/2026,TOTALENERGIES MARKETING MAROC,TMA,1549.0,1503.0,1549.0,1503.0,400,605479.0,64,13466880000.0
TOTALENERGIES MARKETING MAROC,02/06/2026,TOTALENERGIES MARKETING MAROC,TMA,1550.0,1530.0,1610.0,1530.0,546,840394.0,51,13708800000.0
TOTALENERGIES MARKETING MAROC,01/06/2026,TOTALENERGIES MARKETING MAROC,TMA,1600.0,1550.0,1600.0,1550.0,483,751082.0,26,13888000000.0
TOTALENERGIES MARKETING MAROC,26/05/2026,TOTALENERGIES MARKETING MAROC,TMA,1611.0,1599.0,1611.0,1599.0,70,112492.0,16,14327040000.0
TOTALENERGIES MARKETING MAROC,25/05/2026,TOTALENERGIES MARKETING MAROC,TMA,1600.0,1551.0,1624.0,1551.0,527,818516.0,26,13896960000.0
TOTALENERGIES MARKETING MAROC,22/05/2026,TOTALENERGIES MARKETING MAROC,TMA,1609.0,1562.0,1609.0,1562.0,260,408851.0,17,13995520000.0
TOTALENERGIES MARKETING MAROC,21/05/2026,TOTALENERGIES MARKETING MAROC,TMA,1600.0,1600.0,1600.0,1600.0,20,32000.0,3,14336000000.0
TOTALENERGIES MARKETING MAROC,20/05/2026,TOTALENERGIES MARKETING MAROC,TMA,1624.0,1542.0,1624.0,1542.0,355,551369.0,20,13816320000.0
TOTALENERGIES MARKETING MAROC,19/05/2026,TOTALENERGIES MARKETING MAROC,TMA,1628.0,1541.0,1628.0,1541.0,1837,2834030.0,29,13807360000.0
TOTALENERGIES MARKETING MAROC,18/05/2026,TOTALENERGIES MARKETING MAROC,TMA,1565.0,1600.0,1617.0,1565.0,118,187990.0,18,14336000000.0
TOTALENERGIES MARKETING MAROC,15/05/2026,TOTALENERGIES MARKETING MAROC,TMA,1632.0,1589.0,1632.0,1570.0,1151,1835437.0,30,14237440000.0
TOTALENERGIES MARKETING MAROC,14/05/2026,TOTALENERGIES MARKETING MAROC,TMA,1645.0,1600.0,1645.0,1600.0,1271,2034837.0,24,14336000000.0
TOTALENERGIES MARKETING MAROC,13/05/2026,TOTALENERGIES MARKETING MAROC,TMA,1610.0,1600.0,1620.0,1600.0,3128,5005865.0,25,14336000000.0
TOTALENERGIES MARKETING MAROC,12/05/2026,TOTALENERGIES MARKETING MAROC,TMA,1640.0,1610.0,1640.0,1610.0,1167,1881278.0,21,14425600000.0
TOTALENERGIES MARKETING MAROC,11/05/2026,TOTALENERGIES MARKETING MAROC,TMA,1570.0,1610.0,1650.0,1570.0,1575,2544845.0,44,14425600000.0
TOTALENERGIES MARKETING MAROC,08/05/2026,TOTALENERGIES MARKETING MAROC,TMA,1640.0,1620.0,1650.0,1616.0,445,723995.0,24,14515200000.0
TOTALENERGIES MARKETING MAROC,07/05/2026,TOTALENERGIES MARKETING MAROC,TMA,1657.0,1649.0,1662.0,1649.0,347,572950.0,34,14775040000.0
TOTALENERGIES MARKETING MAROC,06/05/2026,TOTALENERGIES MARKETING MAROC,TMA,1630.0,1650.0,1655.0,1620.0,2908,4785022.0,63,14784000000.0
TOTALENERGIES MARKETING MAROC,05/05/2026,TOTALENERGIES MARKETING MAROC,TMA,1570.0,1600.0,1620.0,1550.0,4521,7275400.0,68,14336000000.0
TOTALENERGIES MARKETING MAROC,04/05/2026,TOTALENERGIES MARKETING MAROC,TMA,1550.0,1562.0,1562.0,1530.0,833,1293496.0,47,13995520000.0
TOTALENERGIES MARKETING MAROC,30/04/2026,TOTALENERGIES MARKETING MAROC,TMA,1520.0,1520.0,1520.0,1509.0,7062,10673438.0,42,13619200000.0
TOTALENERGIES MARKETING MAROC,29/04/2026,TOTALENERGIES MARKETING MAROC,TMA,1525.0,1515.0,1525.0,1502.0,57,86525.0,14,13574400000.0
TOTALENERGIES MARKETING MAROC,28/04/2026,TOTALENERGIES MARKETING MAROC,TMA,1538.0,1515.0,1538.0,1515.0,664,1009222.0,13,13574400000.0
TOTALENERGIES MARKETING MAROC,27/04/2026,TOTALENERGIES MARKETING MAROC,TMA,1509.0,1500.0,1539.0,1500.0,2093,3147409.0,66,13440000000.0
TOTALENERGIES MARKETING MAROC,24/04/2026,TOTALENERGIES MARKETING MAROC,TMA,1520.0,1501.0,1520.0,1501.0,364,548671.0,52,13448960000.0
TOTALENERGIES MARKETING MAROC,23/04/2026,TOTALENERGIES MARKETING MAROC,TMA,1549.0,1520.0,1549.0,1520.0,144,219694.0,22,13619200000.0
TOTALENERGIES MARKETING MAROC,22/04/2026,TOTALENERGIES MARKETING MAROC,TMA,1503.0,1534.0,1534.0,1503.0,2078,3179879.0,32,13744640000.0
TOTALENERGIES MARKETING MAROC,21/04/2026,TOTALENERGIES MARKETING MAROC,TMA,1530.0,1522.0,1530.0,1520.0,355,540758.0,22,13637120000.0
TOTALENERGIES MARKETING MAROC,20/04/2026,TOTALENERGIES MARKETING MAROC,TMA,1540.0,1530.0,1545.0,1525.0,567,872264.0,33,13708800000.0
TOTALENERGIES MARKETING MAROC,17/04/2026,TOTALENERGIES MARKETING MAROC,TMA,1520.0,1510.0,1525.0,1500.0,4735,7110903.0,65,13529600000.0
TOTALENERGIES MARKETING MAROC,16/04/2026,TOTALENERGIES MARKETING MAROC,TMA,1509.0,1500.0,1509.0,1490.0,950,1422113.0,73,13440000000.0
TOTALENERGIES MARKETING MAROC,15/04/2026,TOTALENERGIES MARKETING MAROC,TMA,1510.0,1493.0,1510.0,1493.0,666,999827.0,79,13377280000.0
TOTALENERGIES MARKETING MAROC,14/04/2026,TOTALENERGIES MARKETING MAROC,TMA,1505.0,1500.0,1505.0,1497.0,488,733234.0,63,13440000000.0
TOTALENERGIES MARKETING MAROC,13/04/2026,TOTALENERGIES MARKETING MAROC,TMA,1510.0,1497.0,1510.0,1496.0,598,897829.0,62,13413120000.0
TOTALENERGIES MARKETING MAROC,10/04/2026,TOTALENERGIES MARKETING MAROC,TMA,1520.0,1500.0,1520.0,1500.0,5402,8113947.0,59,13440000000.0
VICENNE,03/06/2026,VICENNE,VCN,370.0,365.2,370.0,361.1,16251,5937090.2,357,3746532020.0
VICENNE,02/06/2026,VICENNE,VCN,370.0,366.0,374.9,365.0,28098,10371101.6,421,3754739100.0
VICENNE,01/06/2026,VICENNE,VCN,382.0,363.0,396.0,363.0,68691,26606073.1,664,3723962550.0
VICENNE,26/05/2026,VICENNE,VCN,399.9,390.0,399.9,387.0,8873,3473737.3,335,4000951500.0
VICENNE,25/05/2026,VICENNE,VCN,404.0,396.5,409.0,395.5,3272,1307014.9,128,4067634025.0
VICENNE,22/05/2026,VICENNE,VCN,406.0,391.0,406.0,391.0,5652,2220897.15,171,4011210350.0
VICENNE,21/05/2026,VICENNE,VCN,395.0,394.0,400.0,392.0,8439,3330092.2,148,4041986900.0
VICENNE,20/05/2026,VICENNE,VCN,396.0,394.1,400.0,392.0,2551,1009918.3,132,4043012785.0
VICENNE,19/05/2026,VICENNE,VCN,401.0,399.0,411.95,394.5,7071,2824207.1,166,4093281150.0
VICENNE,18/05/2026,VICENNE,VCN,400.0,400.0,400.0,395.0,2464,981667.6,109,4103540000.0
VICENNE,15/05/2026,VICENNE,VCN,406.0,400.0,414.75,399.1,12602,5058854.7,337,4103540000.0
VICENNE,14/05/2026,VICENNE,VCN,410.0,405.0,420.0,405.0,10925,4436981.15,245,4154834250.0
VICENNE,13/05/2026,VICENNE,VCN,420.05,410.0,420.05,410.0,12621,5193090.4,285,4206128500.0
VICENNE,12/05/2026,VICENNE,VCN,420.0,416.0,425.8,416.0,3291,1378304.4,148,4267681600.0
VICENNE,11/05/2026,VICENNE,VCN,430.0,420.0,434.8,420.0,12698,5354686.45,258,4308717000.0
VICENNE,08/05/2026,VICENNE,VCN,435.0,434.9,437.0,430.0,2206,955186.7,65,4461573865.0
VICENNE,07/05/2026,VICENNE,VCN,445.0,439.0,447.0,433.6,1169,514579.5,59,4503635150.0
VICENNE,06/05/2026,VICENNE,VCN,432.0,438.65,444.0,432.0,830,363997.6,55,4500044552.5
VICENNE,05/05/2026,VICENNE,VCN,422.0,426.0,442.0,422.0,13848,6026848.15,68,4370270100.0
VICENNE,04/05/2026,VICENNE,VCN,424.0,427.0,437.5,424.0,584,249364.85,32,4380528950.0
VICENNE,30/04/2026,VICENNE,VCN,420.0,424.0,430.0,418.1,4022,1695854.25,100,4349752400.0
VICENNE,29/04/2026,VICENNE,VCN,436.0,426.0,438.0,426.0,2550,1091672.25,86,4370270100.0
VICENNE,28/04/2026,VICENNE,VCN,440.0,435.0,446.0,430.0,3663,1589569.5,116,4462599750.0
VICENNE,27/04/2026,VICENNE,VCN,447.3,441.0,450.0,440.0,18478,8136262.05,52,4524152850.0
VICENNE,24/04/2026,VICENNE,VCN,450.0,450.0,465.0,450.0,25795,11715001.1,224,4616482500.0
VICENNE,23/04/2026,VICENNE,VCN,442.0,453.0,454.95,438.0,25361,11255871.8,212,4647259050.0
VICENNE,22/04/2026,VICENNE,VCN,438.0,441.5,445.0,438.0,5655,2491027.25,71,4529282275.0
VICENNE,21/04/2026,VICENNE,VCN,435.0,440.0,450.0,435.0,8819,3891040.45,99,4513894000.0
VICENNE,20/04/2026,VICENNE,VCN,435.0,440.0,440.0,423.5,3918,1701169.75,155,4513894000.0
VICENNE,17/04/2026,VICENNE,VCN,431.0,437.0,458.75,431.0,66125,29055229.65,479,4483117450.0
VICENNE,16/04/2026,VICENNE,VCN,435.0,430.0,437.0,429.5,1281,554336.9,66,4411305500.0
VICENNE,15/04/2026,VICENNE,VCN,436.0,435.0,445.0,425.0,441566,188313386.3,267,4462599750.0
VICENNE,14/04/2026,VICENNE,VCN,409.15,432.0,432.0,409.15,17872,7581541.85,281,4431823200.0
VICENNE,13/04/2026,VICENNE,VCN,408.0,409.0,412.95,405.0,3802,1552823.95,115,4195869650.0
VICENNE,10/04/2026,VICENNE,VCN,407.7,419.0,422.0,407.7,10203,4270903.85,138,4298458150.0
UNIMER,03/06/2026,UNIMER,UMR,-,167.5,-,-,-,-,-,1911824900.0
UNIMER,02/06/2026,UNIMER,UMR,-,167.5,-,-,-,-,-,1911824900.0
UNIMER,01/06/2026,UNIMER,UMR,-,167.5,-,-,-,-,-,1911824900.0
UNIMER,26/05/2026,UNIMER,UMR,-,167.5,-,-,-,-,-,1911824900.0
UNIMER,25/05/2026,UNIMER,UMR,167.5,167.5,167.5,167.5,1,167.5,1,1911824900.0
UNIMER,22/05/2026,UNIMER,UMR,-,167.45,-,-,-,-,-,1911254206.0
UNIMER,21/05/2026,UNIMER,UMR,-,167.45,-,-,-,-,-,1911254206.0
UNIMER,20/05/2026,UNIMER,UMR,-,167.45,-,-,-,-,-,1911254206.0
UNIMER,19/05/2026,UNIMER,UMR,-,167.45,-,-,-,-,-,1911254206.0
UNIMER,18/05/2026,UNIMER,UMR,167.45,167.45,167.45,167.45,5,837.25,1,1911254206.0
UNIMER,15/05/2026,UNIMER,UMR,158.0,158.0,158.0,158.0,1,158.0,1,1803393040.0
UNIMER,14/05/2026,UNIMER,UMR,-,168.0,-,-,-,-,-,1917531840.0
UNIMER,13/05/2026,UNIMER,UMR,-,168.0,-,-,-,-,-,1917531840.0
UNIMER,12/05/2026,UNIMER,UMR,168.0,168.0,168.0,168.0,1,168.0,1,1917531840.0
UNIMER,11/05/2026,UNIMER,UMR,-,167.0,-,-,-,-,-,1906117960.0
UNIMER,08/05/2026,UNIMER,UMR,-,167.0,-,-,-,-,-,1906117960.0
UNIMER,07/05/2026,UNIMER,UMR,-,167.0,-,-,-,-,-,1906117960.0
UNIMER,06/05/2026,UNIMER,UMR,-,167.0,-,-,-,-,-,1906117960.0
UNIMER,05/05/2026,UNIMER,UMR,-,167.0,-,-,-,-,-,1906117960.0
UNIMER,04/05/2026,UNIMER,UMR,167.0,167.0,167.0,167.0,5,835.0,2,1906117960.0
UNIMER,30/04/2026,UNIMER,UMR,-,163.0,-,-,-,-,-,1860462440.0
UNIMER,29/04/2026,UNIMER,UMR,163.0,163.0,163.0,163.0,2,326.0,1,1860462440.0
UNIMER,28/04/2026,UNIMER,UMR,-,167.0,-,-,-,-,-,1906117960.0
UNIMER,27/04/2026,UNIMER,UMR,-,167.0,-,-,-,-,-,1906117960.0
UNIMER,24/04/2026,UNIMER,UMR,-,167.0,-,-,-,-,-,1906117960.0
UNIMER,23/04/2026,UNIMER,UMR,-,167.0,-,-,-,-,-,1906117960.0
UNIMER,22/04/2026,UNIMER,UMR,167.0,167.0,167.0,167.0,40,6680.0,4,1906117960.0
UNIMER,21/04/2026,UNIMER,UMR,-,165.0,-,-,-,-,-,1883290200.0
UNIMER,20/04/2026,UNIMER,UMR,-,165.0,-,-,-,-,-,1883290200.0
UNIMER,17/04/2026,UNIMER,UMR,-,165.0,-,-,-,-,-,1883290200.0
UNIMER,16/04/2026,UNIMER,UMR,-,165.0,-,-,-,-,-,1883290200.0
UNIMER,15/04/2026,UNIMER,UMR,165.0,165.0,165.0,165.0,1,165.0,1,1883290200.0
UNIMER,14/04/2026,UNIMER,UMR,-,160.0,-,-,-,-,-,1826220800.0
UNIMER,13/04/2026,UNIMER,UMR,-,160.0,-,-,-,-,-,1826220800.0
UNIMER,10/04/2026,UNIMER,UMR,160.0,160.0,160.0,160.0,86,13760.0,2,1826220800.0
WAFA ASSURANCE,03/06/2026,WAFA ASSURANCE,WAA,5673.0,5975.0,5975.0,5673.0,5,29572.0,4,20912500000.0
WAFA ASSURANCE,02/06/2026,WAFA ASSURANCE,WAA,5972.0,5900.0,6000.0,5900.0,47,280764.0,6,20650000000.0
WAFA ASSURANCE,01/06/2026,WAFA ASSURANCE,WAA,5793.0,5900.0,5900.0,5793.0,637,3725125.0,14,20650000000.0
WAFA ASSURANCE,26/05/2026,WAFA ASSURANCE,WAA,5972.0,5972.0,5972.0,5972.0,3,17916.0,1,20902000000.0
WAFA ASSURANCE,25/05/2026,WAFA ASSURANCE,WAA,-,5800.0,-,-,-,-,-,20300000000.0
WAFA ASSURANCE,22/05/2026,WAFA ASSURANCE,WAA,5800.0,5800.0,5800.0,5700.0,998,5716500.0,11,20300000000.0
WAFA ASSURANCE,21/05/2026,WAFA ASSURANCE,WAA,5850.0,5850.0,5850.0,5850.0,37,216450.0,2,20475000000.0
WAFA ASSURANCE,20/05/2026,WAFA ASSURANCE,WAA,5850.0,5850.0,5850.0,5850.0,118,690300.0,4,20475000000.0
WAFA ASSURANCE,19/05/2026,WAFA ASSURANCE,WAA,5745.0,5900.0,5900.0,5745.0,38,221190.0,8,20650000000.0
WAFA ASSURANCE,18/05/2026,WAFA ASSURANCE,WAA,5600.0,5600.0,5600.0,5600.0,1,5600.0,1,19600000000.0
WAFA ASSURANCE,15/05/2026,WAFA ASSURANCE,WAA,5580.0,5600.0,5600.0,5450.0,205,1140180.0,13,19600000000.0
WAFA ASSURANCE,14/05/2026,WAFA ASSURANCE,WAA,-,5750.0,-,-,-,-,-,20125000000.0
WAFA ASSURANCE,13/05/2026,WAFA ASSURANCE,WAA,5750.0,5750.0,5750.0,5301.0,650,3591154.0,13,20125000000.0
WAFA ASSURANCE,12/05/2026,WAFA ASSURANCE,WAA,-,5550.0,-,-,-,-,-,19425000000.0
WAFA ASSURANCE,11/05/2026,WAFA ASSURANCE,WAA,-,5550.0,-,-,-,-,-,19425000000.0
WAFA ASSURANCE,08/05/2026,WAFA ASSURANCE,WAA,5740.0,5550.0,5740.0,5550.0,205,1138700.0,3,19425000000.0
WAFA ASSURANCE,07/05/2026,WAFA ASSURANCE,WAA,5690.0,5740.0,5750.0,5690.0,290,1664108.0,17,20090000000.0
WAFA ASSURANCE,06/05/2026,WAFA ASSURANCE,WAA,-,5605.0,-,-,-,-,-,19617500000.0
WAFA ASSURANCE,05/05/2026,WAFA ASSURANCE,WAA,5749.0,5605.0,5749.0,5605.0,198,1112382.0,2,19617500000.0
WAFA ASSURANCE,04/05/2026,WAFA ASSURANCE,WAA,5580.0,5600.0,5600.0,5580.0,168,940440.0,2,19600000000.0
WAFA ASSURANCE,30/04/2026,WAFA ASSURANCE,WAA,-,5749.0,-,-,-,-,-,20121500000.0
WAFA ASSURANCE,29/04/2026,WAFA ASSURANCE,WAA,5739.0,5749.0,5750.0,5500.0,4279,23539998.0,7,20121500000.0
WAFA ASSURANCE,28/04/2026,WAFA ASSURANCE,WAA,5700.0,5750.0,5750.0,5700.0,18,103000.0,3,20125000000.0
WAFA ASSURANCE,27/04/2026,WAFA ASSURANCE,WAA,5740.0,5740.0,5740.0,5740.0,100,574000.0,5,20090000000.0
WAFA ASSURANCE,24/04/2026,WAFA ASSURANCE,WAA,5400.0,5500.0,5500.0,5400.0,1877,10318400.0,13,19250000000.0
WAFA ASSURANCE,23/04/2026,WAFA ASSURANCE,WAA,5500.0,5500.0,5500.0,5500.0,60,330000.0,7,19250000000.0
WAFA ASSURANCE,22/04/2026,WAFA ASSURANCE,WAA,5400.0,5500.0,5500.0,5400.0,75,412191.0,7,19250000000.0
WAFA ASSURANCE,21/04/2026,WAFA ASSURANCE,WAA,5400.0,5400.0,5400.0,5400.0,30,162000.0,6,18900000000.0
WAFA ASSURANCE,20/04/2026,WAFA ASSURANCE,WAA,5278.0,5270.0,5278.0,5270.0,2,10548.0,2,18445000000.0
WAFA ASSURANCE,17/04/2026,WAFA ASSURANCE,WAA,5200.0,5200.0,5200.0,5200.0,677,3520400.0,6,18200000000.0
WAFA ASSURANCE,16/04/2026,WAFA ASSURANCE,WAA,5100.0,5001.0,5100.0,5001.0,5069,25845069.0,4,17503500000.0
WAFA ASSURANCE,15/04/2026,WAFA ASSURANCE,WAA,5100.0,5100.0,5280.0,5100.0,127,648752.0,4,17850000000.0
WAFA ASSURANCE,14/04/2026,WAFA ASSURANCE,WAA,5000.0,5000.0,5000.0,5000.0,10,50000.0,2,17500000000.0
WAFA ASSURANCE,13/04/2026,WAFA ASSURANCE,WAA,5000.0,5000.0,5000.0,5000.0,45,225000.0,1,17500000000.0
WAFA ASSURANCE,10/04/2026,WAFA ASSURANCE,WAA,5335.0,5335.0,5335.0,5335.0,127,677545.0,8,18672500000.0
ZELLIDJA S.A,03/06/2026,ZELLIDJA S.A,ZDJ,215.0,215.0,215.0,215.0,2,430.0,1,123162535.0
ZELLIDJA S.A,02/06/2026,ZELLIDJA S.A,ZDJ,215.8,215.8,215.8,215.8,10,2158.0,3,123620814.2
ZELLIDJA S.A,01/06/2026,ZELLIDJA S.A,ZDJ,216.0,216.0,216.0,216.0,50,10800.0,6,123735384.0
ZELLIDJA S.A,26/05/2026,ZELLIDJA S.A,ZDJ,209.9,209.9,209.9,209.9,50,10495.0,2,120241005.1
ZELLIDJA S.A,25/05/2026,ZELLIDJA S.A,ZDJ,-,205.5,-,-,-,-,-,117720469.5
ZELLIDJA S.A,22/05/2026,ZELLIDJA S.A,ZDJ,205.5,205.5,205.5,205.5,2,411.0,1,117720469.5
ZELLIDJA S.A,21/05/2026,ZELLIDJA S.A,ZDJ,205.0,205.0,205.0,205.0,46,9430.0,2,117434045.0
ZELLIDJA S.A,20/05/2026,ZELLIDJA S.A,ZDJ,205.05,205.05,205.05,205.05,2,410.1,1,117462687.45
ZELLIDJA S.A,19/05/2026,ZELLIDJA S.A,ZDJ,-,205.0,-,-,-,-,-,117434045.0
ZELLIDJA S.A,18/05/2026,ZELLIDJA S.A,ZDJ,-,205.0,-,-,-,-,-,117434045.0
ZELLIDJA S.A,15/05/2026,ZELLIDJA S.A,ZDJ,205.0,205.0,205.0,205.0,16,3280.0,2,117434045.0
ZELLIDJA S.A,14/05/2026,ZELLIDJA S.A,ZDJ,204.4,204.4,204.4,204.4,145,29638.0,6,117090335.6
ZELLIDJA S.A,13/05/2026,ZELLIDJA S.A,ZDJ,-,217.4,-,-,-,-,-,124537372.6
ZELLIDJA S.A,12/05/2026,ZELLIDJA S.A,ZDJ,217.4,217.4,217.4,217.4,1,217.4,1,124537372.6
ZELLIDJA S.A,11/05/2026,ZELLIDJA S.A,ZDJ,205.1,205.1,205.1,205.1,250,51275.0,8,117491329.9
ZELLIDJA S.A,08/05/2026,ZELLIDJA S.A,ZDJ,216.5,216.5,216.5,216.5,1,216.5,1,124021808.5
ZELLIDJA S.A,07/05/2026,ZELLIDJA S.A,ZDJ,204.25,204.25,204.25,204.25,157,32067.25,8,117004408.25
ZELLIDJA S.A,06/05/2026,ZELLIDJA S.A,ZDJ,217.25,217.25,217.25,217.25,22,4779.5,3,124451445.25
ZELLIDJA S.A,05/05/2026,ZELLIDJA S.A,ZDJ,205.0,205.0,205.0,205.0,250,51250.0,11,117434045.0
ZELLIDJA S.A,04/05/2026,ZELLIDJA S.A,ZDJ,206.85,206.85,206.85,206.85,110,22753.5,9,118493815.65
ZELLIDJA S.A,30/04/2026,ZELLIDJA S.A,ZDJ,220.0,220.0,220.0,220.0,18,3960.0,3,126026780.0
ZELLIDJA S.A,29/04/2026,ZELLIDJA S.A,ZDJ,234.0,234.0,234.0,234.0,122,28548.0,4,134046666.0
ZELLIDJA S.A,28/04/2026,ZELLIDJA S.A,ZDJ,221.0,221.0,221.0,221.0,4,884.0,2,126599629.0
ZELLIDJA S.A,27/04/2026,ZELLIDJA S.A,ZDJ,221.0,221.0,221.0,221.0,118,26078.0,3,126599629.0
ZELLIDJA S.A,24/04/2026,ZELLIDJA S.A,ZDJ,-,235.0,-,-,-,-,-,134619515.0
ZELLIDJA S.A,23/04/2026,ZELLIDJA S.A,ZDJ,-,235.0,-,-,-,-,-,134619515.0
ZELLIDJA S.A,22/04/2026,ZELLIDJA S.A,ZDJ,235.0,235.0,235.0,235.0,50,11750.0,2,134619515.0
ZELLIDJA S.A,21/04/2026,ZELLIDJA S.A,ZDJ,235.0,235.0,235.0,235.0,82,19270.0,3,134619515.0
ZELLIDJA S.A,20/04/2026,ZELLIDJA S.A,ZDJ,235.0,235.0,235.0,235.0,3,705.0,2,134619515.0
ZELLIDJA S.A,17/04/2026,ZELLIDJA S.A,ZDJ,-,235.0,-,-,-,-,-,134619515.0
ZELLIDJA S.A,16/04/2026,ZELLIDJA S.A,ZDJ,-,235.0,-,-,-,-,-,134619515.0
ZELLIDJA S.A,15/04/2026,ZELLIDJA S.A,ZDJ,235.0,235.0,235.0,235.0,34,7990.0,2,134619515.0
ZELLIDJA S.A,14/04/2026,ZELLIDJA S.A,ZDJ,230.0,230.0,230.0,230.0,3,690.0,1,131755270.0
ZELLIDJA S.A,13/04/2026,ZELLIDJA S.A,ZDJ,-,217.35,-,-,-,-,-,124508730.15
ZELLIDJA S.A,10/04/2026,ZELLIDJA S.A,ZDJ,-,217.35,-,-,-,-,-,124508730.15
